reit_name,property_name,location
アドバンス・レジデンス投資法人,アルティスコート南青山,東京都港区
アドバンス・レジデンス投資法人,カレッジコート田無,東京都西東京市
アドバンス・レジデンス投資法人,ココファン日吉,神奈川県横浜市港北区
アドバンス・レジデンス投資法人,シェアプレイス下北沢,東京都世田谷区
アドバンス・レジデンス投資法人,チェスターコート御茶ノ水,東京都千代田区
アドバンス・レジデンス投資法人,チェスターハウス川口,埼玉県川口市
アドバンス・レジデンス投資法人,パシフィックロイヤルコートみなとみらいオーシャンタワー,神奈川県横浜市西区
アドバンス・レジデンス投資法人,パークタワー芝浦ベイワードアーバンウイング,東京都港区
アドバンス・レジデンス投資法人,ピアネッタ汐留,東京都港区
アドバンス・レジデンス投資法人,ブランシエール港北２,神奈川県横浜市都筑区
アドバンス・レジデンス投資法人,レオパレス宇田川町マンション,東京都渋谷区
アドバンス・レジデンス投資法人,レジディアときわ台,東京都板橋区
アドバンス・レジデンス投資法人,レジディアタワー上池袋,東京都豊島区
アドバンス・レジデンス投資法人,レジディアタワー中目黒,東京都目黒区
アドバンス・レジデンス投資法人,レジディアタワー乃木坂,東京都港区
アドバンス・レジデンス投資法人,レジディアタワー仙台,宮城県仙台市若林区
アドバンス・レジデンス投資法人,レジディアタワー目黒不動前,東京都品川区
アドバンス・レジデンス投資法人,レジディアタワー麻布十番,東京都港区
アドバンス・レジデンス投資法人,レジディア三宮東,兵庫県神戸市中央区
アドバンス・レジデンス投資法人,レジディア三宿,東京都世田谷区
アドバンス・レジデンス投資法人,レジディア三越前,東京都中央区
アドバンス・レジデンス投資法人,レジディア三軒茶屋,東京都世田谷区
アドバンス・レジデンス投資法人,レジディア三軒茶屋Ⅱ,東京都世田谷区
アドバンス・レジデンス投資法人,レジディア三軒茶屋Ⅲ,東京都世田谷区
アドバンス・レジデンス投資法人,レジディア上目黒,東京都目黒区
アドバンス・レジデンス投資法人,レジディア上落合,東京都新宿区
アドバンス・レジデンス投資法人,レジディア上野御徒町,東京都台東区
アドバンス・レジデンス投資法人,レジディア上野池之端,東京都台東区
アドバンス・レジデンス投資法人,レジディア世田谷弦巻,東京都世田谷区
アドバンス・レジデンス投資法人,レジディア世田谷若林,東京都世田谷区
アドバンス・レジデンス投資法人,レジディア両国,東京都墨田区
アドバンス・レジデンス投資法人,レジディア中延,東京都品川区
アドバンス・レジデンス投資法人,レジディア中延Ⅱ,東京都品川区
アドバンス・レジデンス投資法人,レジディア中村橋,東京都練馬区
アドバンス・レジデンス投資法人,レジディア中目黒,東京都目黒区
アドバンス・レジデンス投資法人,レジディア中目黒Ⅱ,東京都目黒区
アドバンス・レジデンス投資法人,レジディア中落合,東京都新宿区
アドバンス・レジデンス投資法人,レジディア中野,東京都中野区
アドバンス・レジデンス投資法人,レジディア中野富士見台,東京都中野区
アドバンス・レジデンス投資法人,レジディア久屋大通,愛知県名古屋市東区
アドバンス・レジデンス投資法人,レジディア久屋大通Ⅱ,愛知県名古屋市中区
アドバンス・レジデンス投資法人,レジディア九大学研都市,福岡県福岡市
アドバンス・レジデンス投資法人,レジディア九段下,東京都千代田区
アドバンス・レジデンス投資法人,レジディア九段下Ⅱ,東京都千代田区
アドバンス・レジデンス投資法人,レジディア九産大前,福岡県福岡市
アドバンス・レジデンス投資法人,レジディア亀戸,東京都江東区
アドバンス・レジデンス投資法人,レジディア京町堀,大阪府大阪市西区
アドバンス・レジデンス投資法人,レジディア京都壬生,京都府京都市中京区
アドバンス・レジデンス投資法人,レジディア京都岡崎,京都府京都市左京区
アドバンス・レジデンス投資法人,レジディア京都駅前,京都府京都市南区
アドバンス・レジデンス投資法人,レジディア今出川,京都府京都市上京区
アドバンス・レジデンス投資法人,レジディア仙台一番町,宮城県仙台市青葉区
アドバンス・レジデンス投資法人,レジディア仙台上杉,宮城県仙台市青葉区
アドバンス・レジデンス投資法人,レジディア仙台原ノ町,宮城県仙台市宮城野区
アドバンス・レジデンス投資法人,レジディア仙台宮町,宮城県仙台市青葉区
アドバンス・レジデンス投資法人,レジディア仙台本町,宮城県仙台市青葉区
アドバンス・レジデンス投資法人,レジディア代々木Ⅱ,東京都渋谷区
アドバンス・レジデンス投資法人,レジディア代官山,東京都渋谷区
アドバンス・レジデンス投資法人,レジディア入谷,東京都台東区
アドバンス・レジデンス投資法人,レジディア六本木檜町公園,東京都港区
アドバンス・レジデンス投資法人,レジディア円山北五条,北海道札幌市中央区
アドバンス・レジデンス投資法人,レジディア勝どき,東京都中央区
アドバンス・レジデンス投資法人,レジディア北三条,北海道札幌市中央区
アドバンス・レジデンス投資法人,レジディア北二条イースト,北海道札幌市中央区
アドバンス・レジデンス投資法人,レジディア北二条イーストⅡ,北海道札幌市中央区
アドバンス・レジデンス投資法人,レジディア北二条イーストⅢ,北海道札幌市中央区
アドバンス・レジデンス投資法人,レジディア北新宿,東京都新宿区
アドバンス・レジデンス投資法人,レジディア千里万博公園,大阪府吹田市
アドバンス・レジデンス投資法人,レジディア千里藤白台,大阪府吹田市
アドバンス・レジデンス投資法人,レジディア千駄木,東京都台東区
アドバンス・レジデンス投資法人,レジディア千鳥町,東京都大田区
アドバンス・レジデンス投資法人,レジディア南一条,北海道札幌市中央区
アドバンス・レジデンス投資法人,レジディア南一条イースト,北海道札幌市中央区
アドバンス・レジデンス投資法人,レジディア南千住,東京都荒川区
アドバンス・レジデンス投資法人,レジディア南品川,東京都品川区
アドバンス・レジデンス投資法人,レジディア南品川Ⅱ,東京都品川区
アドバンス・レジデンス投資法人,レジディア南砂町,東京都江東区
アドバンス・レジデンス投資法人,レジディア南行徳,千葉県市川市
アドバンス・レジデンス投資法人,レジディア南雪谷,東京都大田区
アドバンス・レジデンス投資法人,レジディア博多,福岡県福岡市博多区
アドバンス・レジデンス投資法人,レジディア博多Ⅱ,福岡県福岡市博多区
アドバンス・レジデンス投資法人,レジディア博多東,福岡県福岡市博多区
アドバンス・レジデンス投資法人,レジディア博多駅南,福岡県福岡市博多区
アドバンス・レジデンス投資法人,レジディア吉祥寺,東京都武蔵野市
アドバンス・レジデンス投資法人,レジディア品川,東京都品川区
アドバンス・レジデンス投資法人,レジディア品川シーサイド,東京都品川区
アドバンス・レジデンス投資法人,レジディア四谷三丁目,東京都新宿区
アドバンス・レジデンス投資法人,レジディア国分寺,東京都国分寺市
アドバンス・レジデンス投資法人,レジディア国立,東京都国立市
アドバンス・レジデンス投資法人,レジディア国立Ⅱ,東京都国立市
アドバンス・レジデンス投資法人,レジディア城北公園通,大阪府大阪市旭区
アドバンス・レジデンス投資法人,レジディア堺筋本町,大阪府大阪市
アドバンス・レジデンス投資法人,レジディア多摩川,東京都大田区
アドバンス・レジデンス投資法人,レジディア大井町,東京都品川区
アドバンス・レジデンス投資法人,レジディア大井町Ⅱ,東京都品川区
アドバンス・レジデンス投資法人,レジディア大倉山,神奈川県横浜市港北区
アドバンス・レジデンス投資法人,レジディア大島,東京都江東区
アドバンス・レジデンス投資法人,レジディア大手町北,東京都千代田区
アドバンス・レジデンス投資法人,レジディア大森,東京都大田区
アドバンス・レジデンス投資法人,レジディア大森Ⅱ,東京都品川区
アドバンス・レジデンス投資法人,レジディア大森Ⅲ,東京都大田区
アドバンス・レジデンス投資法人,レジディア大森東,東京都大田区
アドバンス・レジデンス投資法人,レジディア大通公園,北海道札幌市中央区
アドバンス・レジデンス投資法人,レジディア大通西,北海道札幌市中央区
アドバンス・レジデンス投資法人,レジディア天神,福岡県福岡市中央区
アドバンス・レジデンス投資法人,レジディア天神南,福岡県福岡市中央区
アドバンス・レジデンス投資法人,レジディア天神橋,大阪府大阪市北区
アドバンス・レジデンス投資法人,レジディア太秦,京都府京都市右京区
アドバンス・レジデンス投資法人,レジディア学芸大学,東京都目黒区
アドバンス・レジデンス投資法人,レジディア岡山駅前,岡山県岡山市北区
アドバンス・レジデンス投資法人,レジディア島津山,東京都品川区
アドバンス・レジデンス投資法人,レジディア川崎,神奈川県川崎市川崎区
アドバンス・レジデンス投資法人,レジディア市ヶ谷,東京都新宿区
アドバンス・レジデンス投資法人,レジディア市ヶ谷Ⅱ,東京都新宿区
アドバンス・レジデンス投資法人,レジディア市谷砂土原,東京都新宿区
アドバンス・レジデンス投資法人,レジディア市谷薬王寺,東京都新宿区
アドバンス・レジデンス投資法人,レジディア幡ヶ谷,東京都渋谷区
アドバンス・レジデンス投資法人,レジディア広尾Ⅱ,東京都渋谷区
アドバンス・レジデンス投資法人,レジディア広尾南,東京都渋谷区
アドバンス・レジデンス投資法人,レジディア後楽園,東京都文京区
アドバンス・レジデンス投資法人,レジディア御所東,京都府京都市上京区
アドバンス・レジデンス投資法人,レジディア御殿山,東京都品川区
アドバンス・レジデンス投資法人,レジディア御茶ノ水,東京都文京区
アドバンス・レジデンス投資法人,レジディア御茶ノ水Ⅱ,東京都千代田区
アドバンス・レジデンス投資法人,レジディア御茶ノ水Ⅲ,東京都千代田区
アドバンス・レジデンス投資法人,レジディア心斎橋ウエスト,大阪府大阪市西区
アドバンス・レジデンス投資法人,レジディア志村坂上,東京都板橋区
アドバンス・レジデンス投資法人,レジディア志村坂上Ⅱ,東京都板橋区
アドバンス・レジデンス投資法人,レジディア志村坂上Ⅲ,東京都板橋区
アドバンス・レジデンス投資法人,レジディア恵比寿,東京都渋谷区
アドバンス・レジデンス投資法人,レジディア恵比寿Ⅱ,東京都渋谷区
アドバンス・レジデンス投資法人,レジディア恵比寿Ⅲ,東京都渋谷区
アドバンス・レジデンス投資法人,レジディア恵比寿南,東京都渋谷区
アドバンス・レジデンス投資法人,レジディア文京千石,東京都文京区
アドバンス・レジデンス投資法人,レジディア文京千石Ⅱ,東京都文京区
アドバンス・レジデンス投資法人,レジディア文京小石川,東京都文京区
アドバンス・レジデンス投資法人,レジディア文京小石川Ⅱ,東京都文京区
アドバンス・レジデンス投資法人,レジディア文京本郷,東京都文京区
アドバンス・レジデンス投資法人,レジディア文京本郷Ⅱ,東京都文京区
アドバンス・レジデンス投資法人,レジディア文京本郷Ⅲ,東京都文京区
アドバンス・レジデンス投資法人,レジディア文京本郷Ⅳ,東京都文京区
アドバンス・レジデンス投資法人,レジディア文京本駒込,東京都文京区
アドバンス・レジデンス投資法人,レジディア文京湯島,東京都文京区
アドバンス・レジデンス投資法人,レジディア文京湯島Ⅲ,東京都文京区
アドバンス・レジデンス投資法人,レジディア文京音羽,東京都文京区
アドバンス・レジデンス投資法人,レジディア文京音羽Ⅱ,東京都文京区
アドバンス・レジデンス投資法人,レジディア新中野,東京都中野区
アドバンス・レジデンス投資法人,レジディア新大阪,大阪府大阪市淀川区
アドバンス・レジデンス投資法人,レジディア新大阪Ⅱ,大阪府大阪市淀川区
アドバンス・レジデンス投資法人,レジディア新宿イースト,東京都新宿区
アドバンス・レジデンス投資法人,レジディア新宿イーストⅡ,東京都新宿区
アドバンス・レジデンス投資法人,レジディア新宿イーストⅢ,東京都新宿区
アドバンス・レジデンス投資法人,レジディア新宿御苑,東京都新宿区
アドバンス・レジデンス投資法人,レジディア新川,東京都中央区
アドバンス・レジデンス投資法人,レジディア新川Ⅱ,東京都中央区
アドバンス・レジデンス投資法人,レジディア新御徒町,東京都台東区
アドバンス・レジデンス投資法人,レジディア新御徒町Ⅱ,東京都台東区
アドバンス・レジデンス投資法人,レジディア新御茶ノ水,東京都千代田区
アドバンス・レジデンス投資法人,レジディア新板橋,東京都板橋区
アドバンス・レジデンス投資法人,レジディア新横浜,神奈川県横浜市港北区
アドバンス・レジデンス投資法人,レジディア日本橋人形町,東京都中央区
アドバンス・レジデンス投資法人,レジディア日本橋人形町Ⅱ,東京都中央区
アドバンス・レジデンス投資法人,レジディア日本橋浜町,東京都中央区
アドバンス・レジデンス投資法人,レジディア日本橋馬喰町,東京都中央区
アドバンス・レジデンス投資法人,レジディア日本橋馬喰町Ⅱ,東京都中央区
アドバンス・レジデンス投資法人,レジディア日本橋馬喰町Ⅲ,東京都中央区
アドバンス・レジデンス投資法人,レジディア日比野,愛知県名古屋市熱田区
アドバンス・レジデンス投資法人,レジディア月島,東京都中央区
アドバンス・レジデンス投資法人,レジディア月島Ⅱ,東京都中央区
アドバンス・レジデンス投資法人,レジディア月島Ⅲ,東京都中央区
アドバンス・レジデンス投資法人,レジディア木場,東京都江東区
アドバンス・レジデンス投資法人,レジディア本厚木,神奈川県厚木市
アドバンス・レジデンス投資法人,レジディア札幌駅ノース,北海道札幌市北区
アドバンス・レジデンス投資法人,レジディア札幌駅前,北海道札幌市中央区
アドバンス・レジデンス投資法人,レジディア杉並方南町,東京都杉並区
アドバンス・レジデンス投資法人,レジディア東品川,東京都品川区
アドバンス・レジデンス投資法人,レジディア東日本橋,東京都中央区
アドバンス・レジデンス投資法人,レジディア東松戸,千葉県松戸市
アドバンス・レジデンス投資法人,レジディア東桜,愛知県名古屋市東区
アドバンス・レジデンス投資法人,レジディア東桜Ⅱ,愛知県名古屋市東区
アドバンス・レジデンス投資法人,レジディア東麻布,東京都港区
アドバンス・レジデンス投資法人,レジディア松陰神社前,東京都世田谷区
アドバンス・レジデンス投資法人,レジディア板橋,東京都板橋区
アドバンス・レジデンス投資法人,レジディア根岸,東京都台東区
アドバンス・レジデンス投資法人,レジディア桑園,北海道札幌市中央区
アドバンス・レジデンス投資法人,レジディア桜上水,東京都世田谷区
アドバンス・レジデンス投資法人,レジディア榴岡,宮城県仙台市宮城野区
アドバンス・レジデンス投資法人,レジディア榴岡公園,宮城県仙台市宮城野区
アドバンス・レジデンス投資法人,レジディア横濱大通り公園,神奈川県横浜市
アドバンス・レジデンス投資法人,レジディア横濱戸部,神奈川県横浜市
アドバンス・レジデンス投資法人,レジディア横濱馬車道,神奈川県横浜市中区
アドバンス・レジデンス投資法人,レジディア武蔵小山,東京都品川区
アドバンス・レジデンス投資法人,レジディア武蔵小杉,神奈川県川崎市中原区
アドバンス・レジデンス投資法人,レジディア比治山公園,広島県広島市南区
アドバンス・レジデンス投資法人,レジディア水道橋,東京都千代田区
アドバンス・レジデンス投資法人,レジディア江坂,大阪府吹田市
アドバンス・レジデンス投資法人,レジディア江戸堀,大阪府大阪市西区
アドバンス・レジデンス投資法人,レジディア池上,東京都大田区
アドバンス・レジデンス投資法人,レジディア池上Ⅱ,東京都大田区
アドバンス・レジデンス投資法人,レジディア池尻大橋,東京都世田谷区
アドバンス・レジデンス投資法人,レジディア池袋,東京都豊島区
アドバンス・レジデンス投資法人,レジディア池袋ウエスト,東京都板橋区
アドバンス・レジデンス投資法人,レジディア泉,愛知県名古屋市東区
アドバンス・レジデンス投資法人,レジディア洛北,京都府京都市左京区
アドバンス・レジデンス投資法人,レジディア浅草吾妻橋,東京都墨田区
アドバンス・レジデンス投資法人,レジディア浅草橋,東京都台東区
アドバンス・レジデンス投資法人,レジディア浦安,千葉県浦安市
アドバンス・レジデンス投資法人,レジディア浦安Ⅱ,千葉県浦安市
アドバンス・レジデンス投資法人,レジディア渋谷,東京都渋谷区
アドバンス・レジデンス投資法人,レジディア熊本辛島,熊本県熊本市中央区
アドバンス・レジデンス投資法人,レジディア玉造,大阪府大阪市東成区
アドバンス・レジデンス投資法人,レジディア王子,東京都北区
アドバンス・レジデンス投資法人,レジディア用賀,東京都世田谷区
アドバンス・レジデンス投資法人,レジディア甲東園,兵庫県西宮市
アドバンス・レジデンス投資法人,レジディア町屋,東京都荒川区
アドバンス・レジデンス投資法人,レジディア白金高輪,東京都港区
アドバンス・レジデンス投資法人,レジディア白金高輪Ⅱ,東京都港区
アドバンス・レジデンス投資法人,レジディア目白,東京都豊島区
アドバンス・レジデンス投資法人,レジディア目白Ⅱ,東京都豊島区
アドバンス・レジデンス投資法人,レジディア目白御留山,東京都新宿区
アドバンス・レジデンス投資法人,レジディア目黒,東京都品川区
アドバンス・レジデンス投資法人,レジディア目黒Ⅱ,東京都目黒区
アドバンス・レジデンス投資法人,レジディア目黒Ⅲ,東京都目黒区
アドバンス・レジデンス投資法人,レジディア目黒Ⅳ,東京都目黒区
アドバンス・レジデンス投資法人,レジディア相模原,神奈川県相模原市中央区
アドバンス・レジデンス投資法人,レジディア祐天寺,東京都目黒区
アドバンス・レジデンス投資法人,レジディア神戸ポートアイランド,兵庫県神戸市中央区
アドバンス・レジデンス投資法人,レジディア神戸元町,兵庫県神戸市中央区
アドバンス・レジデンス投資法人,レジディア神戸磯上,兵庫県神戸市中央区
アドバンス・レジデンス投資法人,レジディア神楽坂,東京都新宿区
アドバンス・レジデンス投資法人,レジディア神楽坂Ⅱ,東京都新宿区
アドバンス・レジデンス投資法人,レジディア神田,東京都千代田区
アドバンス・レジデンス投資法人,レジディア神田岩本町,東京都千代田区
アドバンス・レジデンス投資法人,レジディア神田岩本町Ⅱ,東京都千代田区
アドバンス・レジデンス投資法人,レジディア神田東,東京都千代田区
アドバンス・レジデンス投資法人,レジディア神田淡路町,東京都千代田区
アドバンス・レジデンス投資法人,レジディア秋葉原,東京都台東区
アドバンス・レジデンス投資法人,レジディア笹塚,東京都杉並区
アドバンス・レジデンス投資法人,レジディア笹塚Ⅱ,東京都渋谷区
アドバンス・レジデンス投資法人,レジディア笹塚Ⅲ,東京都杉並区
アドバンス・レジデンス投資法人,レジディア築地,東京都中央区
アドバンス・レジデンス投資法人,レジディア練馬,東京都練馬区
アドバンス・レジデンス投資法人,レジディア自由が丘,東京都目黒区
アドバンス・レジデンス投資法人,レジディア自由が丘Ⅱ,東京都世田谷区
アドバンス・レジデンス投資法人,レジディア船橋Ⅰ・Ⅱ,千葉県船橋市
アドバンス・レジデンス投資法人,レジディア船橋Ⅲ,千葉県船橋市
アドバンス・レジデンス投資法人,レジディア船橋Ⅳ,千葉県船橋市
アドバンス・レジデンス投資法人,レジディア芝大門Ⅱ,東京都港区
アドバンス・レジデンス投資法人,レジディア芝浦,東京都港区
アドバンス・レジデンス投資法人,レジディア芝浦ＫＡＩＧＡＮ,東京都港区
アドバンス・レジデンス投資法人,レジディア荻窪,東京都杉並区
アドバンス・レジデンス投資法人,レジディア荻窪Ⅱ,東京都杉並区
アドバンス・レジデンス投資法人,レジディア荻窪Ⅲ,東京都杉並区
アドバンス・レジデンス投資法人,レジディア葛西,東京都江戸川区
アドバンス・レジデンス投資法人,レジディア蒲田,東京都大田区
アドバンス・レジデンス投資法人,レジディア蒲田Ⅱ,東京都大田区
アドバンス・レジデンス投資法人,レジディア蒲田Ⅲ,東京都大田区
アドバンス・レジデンス投資法人,レジディア蒲田Ⅳ,東京都大田区
アドバンス・レジデンス投資法人,レジディア蒲田Ⅴ,東京都大田区
アドバンス・レジデンス投資法人,レジディア薬院大通,福岡県福岡市中央区
アドバンス・レジデンス投資法人,レジディア虎ノ門,東京都港区
アドバンス・レジデンス投資法人,レジディア行徳,千葉県市川市
アドバンス・レジデンス投資法人,レジディア西天満,大阪府大阪市北区
アドバンス・レジデンス投資法人,レジディア西小山,東京都目黒区
アドバンス・レジデンス投資法人,レジディア西新,福岡県福岡市早良区
アドバンス・レジデンス投資法人,レジディア西新宿Ⅱ,東京都新宿区
アドバンス・レジデンス投資法人,レジディア西船橋,千葉県船橋市
アドバンス・レジデンス投資法人,レジディア西麻布,東京都港区
アドバンス・レジデンス投資法人,レジディア調布,東京都調布市
アドバンス・レジデンス投資法人,レジディア警固,福岡県福岡市中央区
アドバンス・レジデンス投資法人,レジディア谷町,大阪府大阪市中央区
アドバンス・レジデンス投資法人,レジディア赤坂,東京都港区
アドバンス・レジデンス投資法人,レジディア都島Ⅰ・Ⅱ,大阪府大阪市都島区
アドバンス・レジデンス投資法人,レジディア銀座東,東京都中央区
アドバンス・レジデンス投資法人,レジディア錦糸町,東京都墨田区
アドバンス・レジデンス投資法人,レジディア錦糸町Ⅱ,東京都墨田区
アドバンス・レジデンス投資法人,レジディア錦糸町Ⅲ,東京都江東区
アドバンス・レジデンス投資法人,レジディア門前仲町,東京都江東区
アドバンス・レジデンス投資法人,レジディア駒沢,東京都世田谷区
アドバンス・レジデンス投資法人,レジディア駒沢大学,東京都世田谷区
アドバンス・レジデンス投資法人,レジディア高円寺,東京都杉並区
アドバンス・レジデンス投資法人,レジディア高宮,福岡県福岡市南区
アドバンス・レジデンス投資法人,レジディア高岳,愛知県名古屋市東区
アドバンス・レジデンス投資法人,レジディア高島平,東京都板橋区
アドバンス・レジデンス投資法人,レジディア高田馬場,東京都新宿区
アドバンス・レジデンス投資法人,レジディア高輪桂坂,東京都港区
アドバンス・レジデンス投資法人,レジディア鶴舞,愛知県名古屋市中区
アドバンス・レジデンス投資法人,レジディア麻布十番Ⅱ,東京都港区
アドバンス・レジデンス投資法人,東京・スチューデントハウス武蔵小杉,神奈川県川崎市
オリックス不動産投資法人,CUBE代官山,東京都渋谷区
オリックス不動産投資法人,DSタワー大博通り,福岡県福岡市
オリックス不動産投資法人,DT外苑,東京都渋谷区
オリックス不動産投資法人,Friend Town 深江橋（底地）,大阪府大阪市
オリックス不動産投資法人,J-ONE SQUARE,東京都渋谷区
オリックス不動産投資法人,JouLe SHIBUYA,東京都渋谷区
オリックス不動産投資法人,MG市ヶ谷ビルディング,東京都千代田区
オリックス不動産投資法人,MIMARU SUITES 京都四条,京都府京都市
オリックス不動産投資法人,MIMARU 大阪 心斎橋 EAST,大阪府大阪市
オリックス不動産投資法人,ORE大宮ビル,埼玉県さいたま市
オリックス不動産投資法人,ORE錦二丁目ビル,愛知県名古屋市
オリックス不動産投資法人,ORIX高麗橋ビル,大阪府大阪市
オリックス不動産投資法人,SO-CAL LINK OMOTESANDO,東京都渋谷区
オリックス不動産投資法人,We Will 八丁堀,東京都中央区
オリックス不動産投資法人,aune京都三条,京都府京都市
オリックス不動産投資法人,aune仙台,宮城県仙台市
オリックス不動産投資法人,aune天神,福岡県福岡市
オリックス不動産投資法人,aune幕張,千葉県千葉市
オリックス不動産投資法人,aune有楽町,東京都千代田区
オリックス不動産投資法人,aune池袋,東京都豊島区
オリックス不動産投資法人,aune港北,神奈川県横浜市
オリックス不動産投資法人,アークヒルズ サウスタワー,東京都港区
オリックス不動産投資法人,アールスタイルズ武蔵小杉,神奈川県川崎市
オリックス不動産投資法人,イオンタウン仙台泉大沢(底地),宮城県仙台市
オリックス不動産投資法人,インターヴィレッジ大曲,北海道北広島市
オリックス不動産投資法人,ウエストパークタワー池袋,東京都豊島区
オリックス不動産投資法人,オリックス不動産西新宿ビル,東京都新宿区
オリックス不動産投資法人,オリックス名古屋錦ビル,愛知県名古屋市
オリックス不動産投資法人,オリックス品川ビル,東京都港区
オリックス不動産投資法人,オリックス水道橋ビル,東京都千代田区
オリックス不動産投資法人,オリックス池袋ビル,東京都豊島区
オリックス不動産投資法人,オリックス淀屋橋ビル,大阪府大阪市
オリックス不動産投資法人,オリックス目黒ビル,東京都目黒区
オリックス不動産投資法人,オリックス神戸三宮ビル,兵庫県神戸市
オリックス不動産投資法人,オリックス赤坂2丁目ビル,東京都港区
オリックス不動産投資法人,キャロットタワー,東京都世田谷区
オリックス不動産投資法人,クリオ藤沢駅前,神奈川県藤沢市
オリックス不動産投資法人,クロスアベニュー原宿,東京都渋谷区
オリックス不動産投資法人,クロスガーデン川崎,神奈川県川崎市
オリックス不動産投資法人,クロスゲート,神奈川県横浜市
オリックス不動産投資法人,クロスレジデンス六義園,東京都豊島区
オリックス不動産投資法人,クロスレジデンス大崎,東京都品川区
オリックス不動産投資法人,クロスレジデンス大阪新町,大阪府大阪市
オリックス不動産投資法人,クロスレジデンス日本橋本町,東京都中央区
オリックス不動産投資法人,クロスレジデンス日本橋浜町,東京都中央区
オリックス不動産投資法人,クロスレジデンス東十条,東京都北区
オリックス不動産投資法人,クロスレジデンス清澄白河,東京都江東区
オリックス不動産投資法人,クロスレジデンス白金高輪,東京都港区
オリックス不動産投資法人,クロスレジデンス神戸元町,兵庫県神戸市
オリックス不動産投資法人,クロスレジデンス神田神保町,東京都千代田区
オリックス不動産投資法人,クロスレジデンス蒲田,東京都大田区
オリックス不動産投資法人,クロスレジデンス蒲田Ⅱ,東京都大田区
オリックス不動産投資法人,クロスレジデンス阿波座,大阪府大阪市
オリックス不動産投資法人,クロスレジデンス飯田橋,東京都新宿区
オリックス不動産投資法人,クロスレジデンス高田馬場,東京都新宿区
オリックス不動産投資法人,サンマリオンタワー,大阪府大阪市
オリックス不動産投資法人,セントラルクリブ六本木,東京都港区
オリックス不動産投資法人,テックランド戸塚店（底地）,神奈川県横浜市
オリックス不動産投資法人,ネオ・シティ三鷹,東京都三鷹市
オリックス不動産投資法人,バロー鈴鹿ショッピングセンター,三重県鈴鹿市
オリックス不動産投資法人,パシフィックスクエア名古屋錦,愛知県名古屋市
オリックス不動産投資法人,プライムスクエア広瀬通,宮城県仙台市
オリックス不動産投資法人,プライム新横浜ビル,神奈川県横浜市
オリックス不動産投資法人,ベイサイドパーク OSAKA サウスレジデンシス,大阪府大阪市
オリックス不動産投資法人,ベイサイドパーク OSAKA ノースレジデンシス,大阪府大阪市
オリックス不動産投資法人,ベルファース尼崎,兵庫県尼崎市
オリックス不動産投資法人,ベルファース戸越スタティオ,東京都品川区
オリックス不動産投資法人,ベルファース本郷弓町,東京都文京区
オリックス不動産投資法人,ベルファース目黒,東京都品川区
オリックス不動産投資法人,ホテル ユニバーサル ポート,大阪府大阪市
オリックス不動産投資法人,ホテル ユニバーサル ポート ヴィータ,大阪府大阪市
オリックス不動産投資法人,ホテルリブマックス名古屋栄EAST,愛知県名古屋市
オリックス不動産投資法人,ホテル京阪 札幌,北海道札幌市
オリックス不動産投資法人,ホリデイ・インエクスプレス大阪シティセンター御堂筋,大阪府大阪市
オリックス不動産投資法人,ホームセンタームサシ仙台泉店（底地）,宮城県仙台市
オリックス不動産投資法人,マルエツさがみ野店,神奈川県海老名市
オリックス不動産投資法人,ラウンドクロス一番町,東京都千代田区
オリックス不動産投資法人,ラウンドクロス六本木,東京都港区
オリックス不動産投資法人,ラウンドクロス大手町北,東京都千代田区
オリックス不動産投資法人,ラウンドクロス川崎,神奈川県川崎市
オリックス不動産投資法人,ラウンドクロス新宿,東京都渋谷区
オリックス不動産投資法人,ラウンドクロス新宿5丁目,東京都新宿区
オリックス不動産投資法人,ラウンドクロス渋谷,東京都渋谷区
オリックス不動産投資法人,ラウンドクロス田町,東京都港区
オリックス不動産投資法人,ラウンドクロス秋葉原,東京都千代田区
オリックス不動産投資法人,ラウンドクロス西新宿,東京都新宿区
オリックス不動産投資法人,ラウンドクロス銀座2丁目,東京都中央区
オリックス不動産投資法人,ラウンドクロス鹿児島,鹿児島県鹿児島市
オリックス不動産投資法人,リッチモンドホテル山形駅前,山形県山形市
オリックス不動産投資法人,ルナール仙台,宮城県仙台市
オリックス不動産投資法人,ヴィアイン心斎橋ビル,大阪府大阪市
オリックス不動産投資法人,仙台南町通ビル,宮城県仙台市
オリックス不動産投資法人,代々木フォレストビル,東京都渋谷区
オリックス不動産投資法人,名古屋伊藤忠ビル,愛知県名古屋市
オリックス不動産投資法人,堂島プラザビル,大阪府大阪市
オリックス不動産投資法人,堺ロジスティクスセンター北棟,大阪府堺市
オリックス不動産投資法人,外苑西通りビル,東京都渋谷区
オリックス不動産投資法人,大宮下町1丁目ビル,埼玉県さいたま市
オリックス不動産投資法人,大宮宮町ビル,埼玉県さいたま市
オリックス不動産投資法人,天神ノースフロントビル,福岡県福岡市
オリックス不動産投資法人,小牧ロジスティクスセンター,愛知県小牧市
オリックス不動産投資法人,岩槻ロジスティクスセンター,埼玉県春日部市
オリックス不動産投資法人,市川ロジスティクスセンター,千葉県市川市
オリックス不動産投資法人,戸田ロジスティクスセンター,埼玉県戸田市
オリックス不動産投資法人,新横浜スクエアビル,神奈川県横浜市
オリックス不動産投資法人,日本地所南青山ビル,東京都港区
オリックス不動産投資法人,日本橋本町1丁目ビル,東京都中央区
オリックス不動産投資法人,札幌22スクエア,北海道札幌市
オリックス不動産投資法人,札幌ブリックキューブ,北海道札幌市
オリックス不動産投資法人,東京ベイ舞浜ホテル ファーストリゾート,千葉県浦安市
オリックス不動産投資法人,浜松アクトタワー,静岡県浜松市
オリックス不動産投資法人,渋谷TSKビル,東京都渋谷区
オリックス不動産投資法人,渋谷パインビル,東京都渋谷区
オリックス不動産投資法人,盛岡南ショッピングセンターサンサ,岩手県盛岡市
オリックス不動産投資法人,神戸桃山台ショッピングセンター(底地）,兵庫県神戸市
オリックス不動産投資法人,秋葉原ビジネスセンター,東京都台東区
オリックス不動産投資法人,芝2丁目大広ビル,東京都港区
オリックス不動産投資法人,芝浦アイランド エアタワー,東京都港区
オリックス不動産投資法人,蒲田プライム,東京都大田区
オリックス不動産投資法人,赤坂檜町ビル,東京都港区
オリックス不動産投資法人,那覇新都心センタービル,沖縄県那覇市
オリックス不動産投資法人,青山246ビル,東京都港区
オリックス不動産投資法人,ＯＲＥ札幌ビル,北海道札幌市
コンフォリア・レジデンシャル投資法人,カレッジコート八幡山,東京都杉並区上高井戸
コンフォリア・レジデンシャル投資法人,カレッジスクエア八幡山,東京都杉並区上高井戸
コンフォリア・レジデンシャル投資法人,キャンパスヴィレッジ京都一乗寺,京都府京都市左京区高野泉町
コンフォリア・レジデンシャル投資法人,キャンパスヴィレッジ京都下鴨東,京都府京都市左京区田中西浦町
コンフォリア・レジデンシャル投資法人,キャンパスヴィレッジ京都伏見,京都府京都市伏見区竹田北三ツ杭町
コンフォリア・レジデンシャル投資法人,キャンパスヴィレッジ千歳烏山,東京都世田谷区南烏山
コンフォリア・レジデンシャル投資法人,キャンパスヴィレッジ大阪近大前,大阪府東大阪市友井
コンフォリア・レジデンシャル投資法人,キャンパスヴィレッジ椎名町,東京都豊島区長崎
コンフォリア・レジデンシャル投資法人,キャンパスヴィレッジ浦安,千葉県浦安市北栄
コンフォリア・レジデンシャル投資法人,キャンパスヴィレッジ赤塚新町,東京都板橋区赤塚新町
コンフォリア・レジデンシャル投資法人,グランクレールセンター南,神奈川県横浜市都筑区茅ヶ崎中央
コンフォリア・レジデンシャル投資法人,グランクレール立川,東京都立川市富士見町
コンフォリア・レジデンシャル投資法人,グランクレール馬事公苑（底地）,東京都世田谷区上用賀
コンフォリア・レジデンシャル投資法人,コンフォリアたまプラーザ,神奈川県横浜市青葉区美しが丘
コンフォリア・レジデンシャル投資法人,コンフォリア三宿,東京都世田谷区池尻
コンフォリア・レジデンシャル投資法人,コンフォリア三田トロワ,東京都港区芝
コンフォリア・レジデンシャル投資法人,コンフォリア三田ノース,東京都港区三田
コンフォリア・レジデンシャル投資法人,コンフォリア三田ＥＡＳＴ,東京都港区芝
コンフォリア・レジデンシャル投資法人,コンフォリア上池台,東京都大田区上池台
コンフォリア・レジデンシャル投資法人,コンフォリア上目黒,東京都目黒区上目黒
コンフォリア・レジデンシャル投資法人,コンフォリア上野入谷,東京都台東区竜泉
コンフォリア・レジデンシャル投資法人,コンフォリア上野広小路,東京都台東区上野
コンフォリア・レジデンシャル投資法人,コンフォリア下北沢,東京都世田谷区羽根木
コンフォリア・レジデンシャル投資法人,コンフォリア下落合,東京都新宿区中落合
コンフォリア・レジデンシャル投資法人,コンフォリア不動前,東京都品川区西五反田
コンフォリア・レジデンシャル投資法人,コンフォリア世田谷上馬,東京都世田谷区上馬
コンフォリア・レジデンシャル投資法人,コンフォリア両国サウス,東京都墨田区千歳
コンフォリア・レジデンシャル投資法人,コンフォリア両国トロワ,東京都墨田区亀沢
コンフォリア・レジデンシャル投資法人,コンフォリア両国石原,東京都墨田区石原
コンフォリア・レジデンシャル投資法人,コンフォリア両国ＤＥＵＸ,東京都墨田区千歳
コンフォリア・レジデンシャル投資法人,コンフォリア中落合,東京都新宿区中落合
コンフォリア・レジデンシャル投資法人,コンフォリア中野,東京都中野区上高田
コンフォリア・レジデンシャル投資法人,コンフォリア九段,東京都千代田区九段南
コンフォリア・レジデンシャル投資法人,コンフォリア亀戸サウス,東京都江東区亀戸
コンフォリア・レジデンシャル投資法人,コンフォリア二番町,東京都千代田区二番町
コンフォリア・レジデンシャル投資法人,コンフォリア京町堀,大阪府大阪市西区京町堀
コンフォリア・レジデンシャル投資法人,コンフォリア代々木上原,東京都渋谷区上原
コンフォリア・レジデンシャル投資法人,コンフォリア代官山青葉台,東京都目黒区青葉台
コンフォリア・レジデンシャル投資法人,コンフォリア北三条,北海道札幌市中央区北三条東
コンフォリア・レジデンシャル投資法人,コンフォリア北参道,東京都渋谷区千駄ヶ谷
コンフォリア・レジデンシャル投資法人,コンフォリア北小金,千葉県松戸市小金
コンフォリア・レジデンシャル投資法人,コンフォリア北池袋,東京都板橋区熊野町
コンフォリア・レジデンシャル投資法人,コンフォリア北沢,東京都世田谷区北沢
コンフォリア・レジデンシャル投資法人,コンフォリア北浜,大阪府大阪市中央区今橋
コンフォリア・レジデンシャル投資法人,コンフォリア千石,東京都文京区千石
コンフォリア・レジデンシャル投資法人,コンフォリア南砂町,東京都江東区南砂
コンフォリア・レジデンシャル投資法人,コンフォリア南青山,東京都港区南青山
コンフォリア・レジデンシャル投資法人,コンフォリア原宿,東京都渋谷区千駄ヶ谷
コンフォリア・レジデンシャル投資法人,コンフォリア台東根岸,東京都台東区根岸
コンフォリア・レジデンシャル投資法人,コンフォリア品川ＥＡＳＴ,東京都品川区北品川
コンフォリア・レジデンシャル投資法人,コンフォリア墨田立花,東京都墨田区立花
コンフォリア・レジデンシャル投資法人,コンフォリア大宮,埼玉県さいたま市大宮区仲町
コンフォリア・レジデンシャル投資法人,コンフォリア大山,東京都板橋区大山町
コンフォリア・レジデンシャル投資法人,コンフォリア大島,東京都江東区大島
コンフォリア・レジデンシャル投資法人,コンフォリア大島ＤＥＵＸ,東京都江東区大島
コンフォリア・レジデンシャル投資法人,コンフォリア大森トロワ,東京都大田区大森北
コンフォリア・レジデンシャル投資法人,コンフォリア大森山王,東京都大田区山王
コンフォリア・レジデンシャル投資法人,コンフォリア大森町,東京都大田区大森西
コンフォリア・レジデンシャル投資法人,コンフォリア大森鹿島,東京都品川区大井
コンフォリア・レジデンシャル投資法人,コンフォリア大森ＤＥＵＸ,東京都大田区大森北
コンフォリア・レジデンシャル投資法人,コンフォリア学芸大学,東京都世田谷区下馬
コンフォリア・レジデンシャル投資法人,コンフォリア学芸大学イースト,東京都目黒区目黒本町
コンフォリア・レジデンシャル投資法人,コンフォリア川口本町,埼玉県川口市本町
コンフォリア・レジデンシャル投資法人,コンフォリア市谷柳町,東京都新宿区市谷柳町
コンフォリア・レジデンシャル投資法人,コンフォリア市谷薬王寺,東京都新宿区市谷薬王寺町
コンフォリア・レジデンシャル投資法人,コンフォリア幡ヶ谷,東京都渋谷区幡ヶ谷
コンフォリア・レジデンシャル投資法人,コンフォリア心斎橋ＥＡＳＴ,大阪府大阪市中央区博労町
コンフォリア・レジデンシャル投資法人,コンフォリア愛宕,東京都港区虎ノ門
コンフォリア・レジデンシャル投資法人,コンフォリア成増,東京都練馬区旭町
コンフォリア・レジデンシャル投資法人,コンフォリア戸越公園,東京都品川区豊町
コンフォリア・レジデンシャル投資法人,コンフォリア押上,東京都墨田区業平
コンフォリア・レジデンシャル投資法人,コンフォリア文京春日,東京都文京区西片
コンフォリア・レジデンシャル投資法人,コンフォリア文京白山,東京都文京区本駒込
コンフォリア・レジデンシャル投資法人,コンフォリア新中野Ⅱ,東京都中野区本町
コンフォリア・レジデンシャル投資法人,コンフォリア新宿,東京都新宿区新宿
コンフォリア・レジデンシャル投資法人,コンフォリア新宿イーストサイドタワー,東京都新宿区新宿
コンフォリア・レジデンシャル投資法人,コンフォリア新宿御苑Ⅰ,東京都新宿区新宿
コンフォリア・レジデンシャル投資法人,コンフォリア新宿御苑Ⅱ,東京都新宿区新宿
コンフォリア・レジデンシャル投資法人,コンフォリア新川,東京都中央区新川
コンフォリア・レジデンシャル投資法人,コンフォリア新御徒町,東京都台東区三筋
コンフォリア・レジデンシャル投資法人,コンフォリア日暮里,東京都荒川区西日暮里
コンフォリア・レジデンシャル投資法人,コンフォリア日本橋,東京都中央区日本橋馬喰町
コンフォリア・レジデンシャル投資法人,コンフォリア日本橋人形町,東京都中央区日本橋人形町
コンフォリア・レジデンシャル投資法人,コンフォリア日本橋人形町イースト,東京都中央区日本橋人形町
コンフォリア・レジデンシャル投資法人,コンフォリア日本橋人形町ノース,東京都中央区日本橋堀留町
コンフォリア・レジデンシャル投資法人,コンフォリア早稲田,東京都新宿区弁天町
コンフォリア・レジデンシャル投資法人,コンフォリア早稲田DEUX,東京都新宿区弁天町
コンフォリア・レジデンシャル投資法人,コンフォリア春日富坂,東京都文京区春日
コンフォリア・レジデンシャル投資法人,コンフォリア曳舟,東京都墨田区押上
コンフォリア・レジデンシャル投資法人,コンフォリア木場親水公園,東京都江東区木場
コンフォリア・レジデンシャル投資法人,コンフォリア本所吾妻橋,東京都墨田区本所
コンフォリア・レジデンシャル投資法人,コンフォリア本所吾妻橋Ⅱ,東京都墨田区本所
コンフォリア・レジデンシャル投資法人,コンフォリア本駒込,東京都文京区本駒込
コンフォリア・レジデンシャル投資法人,コンフォリア本駒込一丁目,東京都文京区本駒込
コンフォリア・レジデンシャル投資法人,コンフォリア札幌植物園,北海道札幌市中央区北二条西
コンフォリア・レジデンシャル投資法人,コンフォリア東中野,東京都新宿区北新宿
コンフォリア・レジデンシャル投資法人,コンフォリア東中野ＤＥＵＸ,東京都中野区東中野
コンフォリア・レジデンシャル投資法人,コンフォリア東品川,東京都品川区東品川
コンフォリア・レジデンシャル投資法人,コンフォリア東大井Ⅰ,東京都品川区東大井
コンフォリア・レジデンシャル投資法人,コンフォリア東大井Ⅱ,東京都品川区東大井
コンフォリア・レジデンシャル投資法人,コンフォリア東新宿ステーションフロント,東京都新宿区新宿
コンフォリア・レジデンシャル投資法人,コンフォリア東日本橋,東京都中央区東日本橋
コンフォリア・レジデンシャル投資法人,コンフォリア東池袋,東京都豊島区東池袋
コンフォリア・レジデンシャル投資法人,コンフォリア東池袋ＥＡＳＴ,東京都豊島区東池袋
コンフォリア・レジデンシャル投資法人,コンフォリア東池袋ＷＥＳＴ,東京都豊島区東池袋
コンフォリア・レジデンシャル投資法人,コンフォリア東陽町,東京都江東区南砂
コンフォリア・レジデンシャル投資法人,コンフォリア板橋仲宿,東京都板橋区仲宿
コンフォリア・レジデンシャル投資法人,コンフォリア桜上水,東京都杉並区下高井戸
コンフォリア・レジデンシャル投資法人,コンフォリア森下,東京都江東区新大橋
コンフォリア・レジデンシャル投資法人,コンフォリア森下WEST,東京都江東区新大橋
コンフォリア・レジデンシャル投資法人,コンフォリア森下サウス,東京都江東区新大橋
コンフォリア・レジデンシャル投資法人,コンフォリア江坂広芝町,大阪府吹田市広芝町
コンフォリア・レジデンシャル投資法人,コンフォリア池尻,東京都世田谷区池尻
コンフォリア・レジデンシャル投資法人,コンフォリア池袋,東京都豊島区池袋
コンフォリア・レジデンシャル投資法人,コンフォリア池袋DEUX,東京都豊島区南池袋
コンフォリア・レジデンシャル投資法人,コンフォリア浅草松が谷,東京都台東区松が谷
コンフォリア・レジデンシャル投資法人,コンフォリア浅草橋,東京都台東区柳橋
コンフォリア・レジデンシャル投資法人,コンフォリア浅草橋ＤＥＵＸ,東京都台東区浅草橋
コンフォリア・レジデンシャル投資法人,コンフォリア浅草駒形,東京都台東区駒形
コンフォリア・レジデンシャル投資法人,コンフォリア清澄白河サウス,東京都江東区三好
コンフォリア・レジデンシャル投資法人,コンフォリア清澄白河トロワ,東京都江東区白河
コンフォリア・レジデンシャル投資法人,コンフォリア渋谷ＷＥＳＴ,東京都目黒区青葉台
コンフォリア・レジデンシャル投資法人,コンフォリア滝野川,東京都北区滝野川
コンフォリア・レジデンシャル投資法人,コンフォリア用賀,東京都世田谷区用賀
コンフォリア・レジデンシャル投資法人,コンフォリア田町,東京都港区芝浦
コンフォリア・レジデンシャル投資法人,コンフォリア町屋,東京都荒川区荒川
コンフォリア・レジデンシャル投資法人,コンフォリア白金高輪,東京都港区三田
コンフォリア・レジデンシャル投資法人,コンフォリア目黒八雲,東京都目黒区八雲
コンフォリア・レジデンシャル投資法人,コンフォリア目黒長者丸,東京都品川区上大崎
コンフォリア・レジデンシャル投資法人,コンフォリア碑文谷,東京都目黒区碑文谷
コンフォリア・レジデンシャル投資法人,コンフォリア神楽坂,東京都新宿区岩戸町
コンフォリア・レジデンシャル投資法人,コンフォリア神楽坂ＤＥＵＸ,東京都新宿区岩戸町
コンフォリア・レジデンシャル投資法人,コンフォリア神田神保町,東京都千代田区神田神保町
コンフォリア・レジデンシャル投資法人,コンフォリア秋葉原ノース,東京都台東区台東
コンフォリア・レジデンシャル投資法人,コンフォリア秋葉原ＥＡＳＴ,東京都千代田区東神田
コンフォリア・レジデンシャル投資法人,コンフォリア笹塚,東京都渋谷区笹塚
コンフォリア・レジデンシャル投資法人,コンフォリア糀谷,東京都大田区西糀谷
コンフォリア・レジデンシャル投資法人,コンフォリア芝公園,東京都港区芝公園
コンフォリア・レジデンシャル投資法人,コンフォリア芝浦,東京都港区芝浦
コンフォリア・レジデンシャル投資法人,コンフォリア芝浦Ⅱ,東京都港区芝浦
コンフォリア・レジデンシャル投資法人,コンフォリア芝浦キャナル,東京都港区海岸
コンフォリア・レジデンシャル投資法人,コンフォリア芝浦バウハウス,東京都港区海岸
コンフォリア・レジデンシャル投資法人,コンフォリア蒲田,東京都大田区蒲田
コンフォリア・レジデンシャル投資法人,コンフォリア行徳,千葉県市川市行徳駅前
コンフォリア・レジデンシャル投資法人,コンフォリア西天満,大阪府大阪市北区西天満
コンフォリア・レジデンシャル投資法人,コンフォリア西宮,兵庫県西宮市六湛寺町
コンフォリア・レジデンシャル投資法人,コンフォリア西尾久,東京都荒川区西尾久
コンフォリア・レジデンシャル投資法人,コンフォリア西新宿,東京都新宿区北新宿
コンフォリア・レジデンシャル投資法人,コンフォリア西早稲田,東京都新宿区高田馬場
コンフォリア・レジデンシャル投資法人,コンフォリア西荻北,東京都杉並区西荻北
コンフォリア・レジデンシャル投資法人,コンフォリア西蒲田,東京都大田区西蒲田
コンフォリア・レジデンシャル投資法人,コンフォリア西馬込HILLSIDE,東京都大田区西馬込
コンフォリア・レジデンシャル投資法人,コンフォリア西麻布,東京都港区西麻布
コンフォリア・レジデンシャル投資法人,コンフォリア要町,東京都豊島区西池袋
コンフォリア・レジデンシャル投資法人,コンフォリア谷塚,埼玉県草加市瀬崎
コンフォリア・レジデンシャル投資法人,コンフォリア豊洲,東京都江東区枝川
コンフォリア・レジデンシャル投資法人,コンフォリア赤坂,東京都港区赤坂
コンフォリア・レジデンシャル投資法人,コンフォリア赤羽岩淵,東京都北区岩淵町
コンフォリア・レジデンシャル投資法人,コンフォリア銀座ＥＡＳＴ,東京都中央区入船
コンフォリア・レジデンシャル投資法人,コンフォリア錦糸町,東京都墨田区太平
コンフォリア・レジデンシャル投資法人,コンフォリア錦糸町ＤＥＵＸ,東京都江東区毛利
コンフォリア・レジデンシャル投資法人,コンフォリア門前仲町,東京都江東区冬木
コンフォリア・レジデンシャル投資法人,コンフォリア門前仲町サウス,東京都江東区牡丹
コンフォリア・レジデンシャル投資法人,コンフォリア阿波座,大阪府大阪市西区江之子島
コンフォリア・レジデンシャル投資法人,コンフォリア馬込,東京都大田区西馬込
コンフォリア・レジデンシャル投資法人,コンフォリア駒場,東京都世田谷区池尻
コンフォリア・レジデンシャル投資法人,コンフォリア駒澤,東京都世田谷区駒沢
コンフォリア・レジデンシャル投資法人,コンフォリア高島平,東京都板橋区新河岸
コンフォリア・レジデンシャル投資法人,コンフォリア高槻,大阪府高槻市大手町
コンフォリア・レジデンシャル投資法人,コンフォリア鷺沼三丁目,神奈川県川崎市宮前区鷺沼
コンフォリア・レジデンシャル投資法人,コンフォリア麻布十番,東京都港区三田
コンフォリア・レジデンシャル投資法人,コンフォリア麻布台,東京都港区麻布台
コンフォリア・レジデンシャル投資法人,コンフォリア麻布ＥＡＳＴ,東京都港区東麻布
コンフォリア・レジデンシャル投資法人,ニチイホーム川口,埼玉県川口市本町
コンフォリア・レジデンシャル投資法人,ネイバーズ東十条,東京都北区東十条
ユナイテッド・アーバン投資法人,CiiNA CiiNA尾張旭,愛知県尾張旭市
ユナイテッド・アーバン投資法人,Grand STAY 博多駅北,福岡県福岡市
ユナイテッド・アーバン投資法人,KIC狭山日高ディストリビューションセンター,埼玉県日高市
ユナイテッド・アーバン投資法人,LEVENおおたかの森,千葉県流山市
ユナイテッド・アーバン投資法人,LIMNO鳥取（敷地）,鳥取県鳥取市
ユナイテッド・アーバン投資法人,LOOP-X・M,東京都港区
ユナイテッド・アーバン投資法人,Luz天神テラス,福岡県福岡市
ユナイテッド・アーバン投資法人,Luz天神ルーチェ,福岡県福岡市
ユナイテッド・アーバン投資法人,Luz湘南辻堂,神奈川県藤沢市
ユナイテッド・アーバン投資法人,Luz福岡天神,福岡県福岡市
ユナイテッド・アーバン投資法人,Luz自由が丘,東京都目黒区
ユナイテッド・アーバン投資法人,Luz船橋,千葉県船橋市
ユナイテッド・アーバン投資法人,T&G東池袋マンション,東京都豊島区
ユナイテッド・アーバン投資法人,T&G浜松町ビル,東京都港区
ユナイテッド・アーバン投資法人,UURコート名古屋名駅,愛知県名古屋市
ユナイテッド・アーバン投資法人,UURコート大阪十三本町,大阪府大阪市
ユナイテッド・アーバン投資法人,UURコート志木,埼玉県志木市
ユナイテッド・アーバン投資法人,UURコート札幌北三条,北海道札幌市
ユナイテッド・アーバン投資法人,UURコート札幌南三条プレミアタワー,北海道札幌市
ユナイテッド・アーバン投資法人,UURコート白鷺,東京都中野区
ユナイテッド・アーバン投資法人,UURコート芝大門,東京都港区
ユナイテッド・アーバン投資法人,UURコート茨木東中条,大阪府茨木市
ユナイテッド・アーバン投資法人,UURコート錦糸町,東京都江東区
ユナイテッド・アーバン投資法人,UUR京橋イーストビル,東京都中央区
ユナイテッド・アーバン投資法人,UUR四谷三丁目ビル,東京都新宿区
ユナイテッド・アーバン投資法人,UUR心斎橋ビル,大阪府大阪市
ユナイテッド・アーバン投資法人,UUR東陽町ビル,東京都江東区
ユナイテッド・アーバン投資法人,maricom-ISOGO・システムプラザ横浜（敷地）（オフィス部分）,神奈川県横浜市
ユナイテッド・アーバン投資法人,maricom-ISOGO・システムプラザ横浜（敷地）（商業施設部分）,神奈川県横浜市
ユナイテッド・アーバン投資法人,くるる,東京都府中市
ユナイテッド・アーバン投資法人,アクティオーレ上野,東京都台東区
ユナイテッド・アーバン投資法人,アクティオーレ南池袋,東京都豊島区
ユナイテッド・アーバン投資法人,アクティオーレ市川,千葉県市川市
ユナイテッド・アーバン投資法人,アクティオーレ町田,東京都町田市
ユナイテッド・アーバン投資法人,アムール横浜,神奈川県横浜市
ユナイテッド・アーバン投資法人,アリーナタワー,神奈川県横浜市
ユナイテッド・アーバン投資法人,アルボーレ仙台,宮城県仙台市
ユナイテッド・アーバン投資法人,アルボーレ神宮前,東京都渋谷区
ユナイテッド・アーバン投資法人,イオンタウン守谷,茨城県守谷市
ユナイテッド・アーバン投資法人,エクラシア武蔵村山,東京都武蔵村山市
ユナイテッド・アーバン投資法人,エクラシア立川一番町,東京都立川市
ユナイテッド・アーバン投資法人,カワサキロボットサービス神戸玉津事業所,兵庫県神戸市
ユナイテッド・アーバン投資法人,ガリバー八王子みなみ野店,東京都八王子市
ユナイテッド・アーバン投資法人,クリオ文京小石川,東京都文京区
ユナイテッド・アーバン投資法人,グランスクエア名駅南,愛知県名古屋市
ユナイテッド・アーバン投資法人,グランスクエア新栄,愛知県名古屋市
ユナイテッド・アーバン投資法人,グランダ宮の森,北海道札幌市
ユナイテッド・アーバン投資法人,グランフォンテ,東京都練馬区
ユナイテッド・アーバン投資法人,グランベル銀座ビル,東京都中央区
ユナイテッド・アーバン投資法人,グランルージュ中之島南,大阪府大阪市
ユナイテッド・アーバン投資法人,グランルージュ城東,大阪府大阪市
ユナイテッド・アーバン投資法人,グランルージュ栄Ⅱ,愛知県名古屋市
ユナイテッド・アーバン投資法人,グランルージュ谷町六丁目,大阪府大阪市
ユナイテッド・アーバン投資法人,グリッズ東京上野駅前 ホテル＋ホステル,東京都台東区
ユナイテッド・アーバン投資法人,グレンパーク梅田北,大阪府大阪市
ユナイテッド・アーバン投資法人,ケーズデンキ名古屋北店,愛知県西春日井郡
ユナイテッド・アーバン投資法人,コナミスポーツクラブ香里ヶ丘,大阪府枚方市
ユナイテッド・アーバン投資法人,コンフォートイン東京六本木,東京都港区
ユナイテッド・アーバン投資法人,コンフォートイン福岡天神,福岡県福岡市
ユナイテッド・アーバン投資法人,コートブランシェＡＰ,東京都品川区
ユナイテッド・アーバン投資法人,ザ プレイス オブ トウキョウ,東京都港区
ユナイテッド・アーバン投資法人,ザ・スクエアホテル金沢,石川県金沢市
ユナイテッド・アーバン投資法人,ザ・ビーお茶の水,東京都千代田区
ユナイテッド・アーバン投資法人,シャトレ大手町Ｓ棟・Ｎ棟,福岡県北九州市
ユナイテッド・アーバン投資法人,スマイルホテルプレミアム大阪本町,大阪府大阪市
ユナイテッド・アーバン投資法人,スマイルホテルプレミアム札幌すすきの,北海道札幌市
ユナイテッド・アーバン投資法人,ダイエー宝塚中山店,兵庫県宝塚市
ユナイテッド・アーバン投資法人,チャームスイート北畠,大阪府大阪市
ユナイテッド・アーバン投資法人,テックランド堺本店,大阪府堺市
ユナイテッド・アーバン投資法人,バウンシー・バイ・リーガ福岡博多,福岡県福岡市
ユナイテッド・アーバン投資法人,パシフィックマークス川崎,神奈川県川崎市
ユナイテッド・アーバン投資法人,パシフィックマークス新宿サウスゲート,東京都新宿区
ユナイテッド・アーバン投資法人,パシフィックマークス新宿パークサイド,東京都新宿区
ユナイテッド・アーバン投資法人,パシフィックマークス新横浜,神奈川県横浜市
ユナイテッド・アーバン投資法人,パシフィックマークス月島,東京都中央区
ユナイテッド・アーバン投資法人,パシフィックマークス札幌北一条,北海道札幌市
ユナイテッド・アーバン投資法人,パシフィックマークス横浜イースト,神奈川県横浜市
ユナイテッド・アーバン投資法人,パシフィックマークス渋谷公園通,東京都渋谷区
ユナイテッド・アーバン投資法人,パシフィックマークス肥後橋,大阪府大阪市
ユナイテッド・アーバン投資法人,パシフィックマークス西梅田,大阪府大阪市
ユナイテッド・アーバン投資法人,パシフィックマークス赤坂見附,東京都港区
ユナイテッド・アーバン投資法人,パークアクシス赤塚,東京都板橋区
ユナイテッド・アーバン投資法人,パークサイト泉,愛知県名古屋市
ユナイテッド・アーバン投資法人,フォーシーズンビル,東京都新宿区
ユナイテッド・アーバン投資法人,ホテルJALシティ那覇,沖縄県那覇市
ユナイテッド・アーバン投資法人,ホテルヒューイット甲子園,兵庫県西宮市
ユナイテッド・アーバン投資法人,ホテルルートイン横浜馬車道,神奈川県横浜市
ユナイテッド・アーバン投資法人,モラージュ柏,千葉県柏市
ユナイテッド・アーバン投資法人,モレラ岐阜,岐阜県本巣市
ユナイテッド・アーバン投資法人,ヤマダ電機テックランド青葉店（敷地）,神奈川県横浜市
ユナイテッド・アーバン投資法人,ヨドバシカメラマルチメディア吉祥寺,東京都武蔵野市
ユナイテッド・アーバン投資法人,ライフ玉造店（敷地）,大阪府大阪市
ユナイテッド・アーバン投資法人,ライフ西九条店（敷地）,大阪府大阪市
ユナイテッド・アーバン投資法人,ランドーホテル広島プレステージ,広島県広島市
ユナイテッド・アーバン投資法人,リハビリホームボンセジュール北松戸,千葉県松戸市
ユナイテッド・アーバン投資法人,リリカラ東北支店,宮城県仙台市
ユナイテッド・アーバン投資法人,リーガプレイス京都四条烏丸,京都府京都市
ユナイテッド・アーバン投資法人,リーガロイヤルホテル小倉・あるあるCity,福岡県北九州市
ユナイテッド・アーバン投資法人,リーラヒジリザカ,東京都港区
ユナイテッド・アーバン投資法人,レッドウッド成田ディストリビューションセンター,千葉県山武郡
ユナイテッド・アーバン投資法人,ロイヤルパインズホテル浦和,埼玉県さいたま市
ユナイテッド・アーバン投資法人,ロジスティクス東扇島,神奈川県川崎市
ユナイテッド・アーバン投資法人,ロワジールホテル＆スパタワー那覇,沖縄県那覇市
ユナイテッド・アーバン投資法人,加須物流センターⅠ・Ⅱ,埼玉県加須市
ユナイテッド・アーバン投資法人,千葉みなと物流センター（敷地）,千葉県千葉市
ユナイテッド・アーバン投資法人,吉川物流センター,埼玉県吉川市
ユナイテッド・アーバン投資法人,四谷213ビル,東京都新宿区
ユナイテッド・アーバン投資法人,壺川スクエアビル,沖縄県那覇市
ユナイテッド・アーバン投資法人,変なホテル東京 浜松町,東京都港区
ユナイテッド・アーバン投資法人,大塚ＨＴビル,東京都豊島区
ユナイテッド・アーバン投資法人,大阪ベイタワー（オフィス部分）,大阪府大阪市
ユナイテッド・アーバン投資法人,大阪ベイタワー（商業施設部分）,大阪府大阪市
ユナイテッド・アーバン投資法人,家電住まいる館YAMADA松戸本店,千葉県松戸市
ユナイテッド・アーバン投資法人,川越物流センター,埼玉県川越市
ユナイテッド・アーバン投資法人,広瀬通ＳＥビル,宮城県仙台市
ユナイテッド・アーバン投資法人,新大阪セントラルタワー（オフィス部分）,大阪府大阪市
ユナイテッド・アーバン投資法人,新大阪セントラルタワー（ホテル部分）,大阪府大阪市
ユナイテッド・アーバン投資法人,新宿ワシントンホテル本館,東京都新宿区
ユナイテッド・アーバン投資法人,新札幌センタービル,北海道札幌市
ユナイテッド・アーバン投資法人,新潟錦町ショッピングセンター（敷地）,新潟県新潟市
ユナイテッド・アーバン投資法人,新習志野物流センター,千葉県習志野市
ユナイテッド・アーバン投資法人,新習志野物流センターⅡ,千葉県習志野市
ユナイテッド・アーバン投資法人,札幌米里物流センター,北海道札幌市
ユナイテッド・アーバン投資法人,東松戸ショッピングセンター,千葉県松戸市
ユナイテッド・アーバン投資法人,東横イン品川駅高輪口,東京都港区
ユナイテッド・アーバン投資法人,東横イン川崎駅前市役所通,神奈川県川崎市
ユナイテッド・アーバン投資法人,東横イン広島平和大通,広島県広島市
ユナイテッド・アーバン投資法人,東横イン那覇国際通り美栄橋駅,沖縄県那覇市
ユナイテッド・アーバン投資法人,横浜狩場ショッピングセンター,神奈川県横浜市
ユナイテッド・アーバン投資法人,横浜青葉ショッピングセンター（敷地）,神奈川県横浜市
ユナイテッド・アーバン投資法人,武蔵村山物流センター,東京都武蔵村山市
ユナイテッド・アーバン投資法人,浜松町262ビル,東京都港区
ユナイテッド・アーバン投資法人,湯島ファーストビル,東京都文京区
ユナイテッド・アーバン投資法人,神戸西神物流センター,兵庫県神戸市
ユナイテッド・アーバン投資法人,神戸遠矢浜物流センター,兵庫県神戸市
ユナイテッド・アーバン投資法人,福岡アーセオンビル,福岡県福岡市
ユナイテッド・アーバン投資法人,第1・第2ＭＴ有明センタービル,東京都江東区
ユナイテッド・アーバン投資法人,芝520ビル,東京都港区
ユナイテッド・アーバン投資法人,虎ノ門ヒルズ ビジネスタワー,東京都港区
ユナイテッド・アーバン投資法人,虎ノ門ヒルズ 森タワー,東京都港区
ユナイテッド・アーバン投資法人,虎ノ門ＰＦビル,東京都港区
ユナイテッド・アーバン投資法人,赤坂氷川ビル,東京都港区
ユナイテッド・アーバン投資法人,道玄坂スクエア,東京都渋谷区
ユナイテッド・アーバン投資法人,飯田橋プラーノ,東京都千代田区
ユナイテッド・アーバン投資法人,駒沢コート,東京都世田谷区
ユナイテッド・アーバン投資法人,鳴海ショッピングセンター（敷地）,愛知県名古屋市
ユナイテッド・アーバン投資法人,麹町センタープレイス,東京都千代田区
ユナイテッド・アーバン投資法人,ＭＡ仙台ビル,宮城県仙台市
ユナイテッド・アーバン投資法人,ＭＺビル,東京都八王子市
ユナイテッド・アーバン投資法人,ＳＳ30（オフィス部分）,宮城県仙台市
ユナイテッド・アーバン投資法人,ＳＳ30（ホテル部分）,宮城県仙台市
野村不動産マスターファンド投資法人,EQUINIA新宿,東京都新宿区67
野村不動産マスターファンド投資法人,EQUINIA池袋,東京都豊島区58
野村不動産マスターファンド投資法人,EQUINIA青葉台,神奈川県横浜市37
野村不動産マスターファンド投資法人,EQUINIA青葉通り,宮城県仙台市4
野村不動産マスターファンド投資法人,FESTA SQUARE,埼玉県さいたま市30
野村不動産マスターファンド投資法人,GEMSなんば,大阪府大阪市15
野村不動産マスターファンド投資法人,GEMS三軒茶屋,東京都世田谷区63
野村不動産マスターファンド投資法人,GEMS大門,東京都港区68
野村不動産マスターファンド投資法人,GEMS市ヶ谷,東京都千代田区70
野村不動産マスターファンド投資法人,GEMS新日本橋,東京都千代田区70
野村不動産マスターファンド投資法人,GEMS新横浜,神奈川県横浜市37
野村不動産マスターファンド投資法人,GEMS新橋,東京都港区68
野村不動産マスターファンド投資法人,GEMS渋谷,東京都渋谷区66
野村不動産マスターファンド投資法人,GEMS立川,東京都立川市45
野村不動産マスターファンド投資法人,GEMS茅場町,東京都中央区69
野村不動産マスターファンド投資法人,H¹O日本橋小舟町,東京都中央区69
野村不動産マスターファンド投資法人,H¹O青山,東京都渋谷区66
野村不動産マスターファンド投資法人,KOKO HOTEL 京都三条,京都府京都市11
野村不動産マスターファンド投資法人,KOKO HOTEL 金沢駅前,石川県金沢市7
野村不動産マスターファンド投資法人,Landport八王子,東京都八王子市44
野村不動産マスターファンド投資法人,Landport八王子Ⅱ,東京都八王子市44
野村不動産マスターファンド投資法人,Landport厚木,神奈川県厚木市31
野村不動産マスターファンド投資法人,Landport多摩,東京都八王子市44
野村不動産マスターファンド投資法人,Landport岩槻,埼玉県さいたま市30
野村不動産マスターファンド投資法人,Landport川越,埼玉県川越市28
野村不動産マスターファンド投資法人,Landport春日部,埼玉県春日部市27
野村不動産マスターファンド投資法人,Landport東習志野,千葉県習志野市20
野村不動産マスターファンド投資法人,Landport東雲・安田倉庫,東京都江東区54
野村不動産マスターファンド投資法人,Landport板橋,東京都板橋区56
野村不動産マスターファンド投資法人,Landport柏沼南Ⅰ,千葉県柏市19
野村不動産マスターファンド投資法人,Landport柏沼南Ⅱ,千葉県柏市19
野村不動産マスターファンド投資法人,Landport浦安,千葉県浦安市23
野村不動産マスターファンド投資法人,Landport青梅Ⅰ,東京都青梅市38
野村不動産マスターファンド投資法人,Landport青梅Ⅱ,東京都青梅市38
野村不動産マスターファンド投資法人,Landport青梅Ⅲ,東京都青梅市38
野村不動産マスターファンド投資法人,MEFULL千歳烏山,東京都世田谷区63
野村不動産マスターファンド投資法人,MEFULL茶屋町,大阪府大阪市15
野村不動産マスターファンド投資法人,MIMARU SUITES 東京浅草,東京都台東区55
野村不動産マスターファンド投資法人,NF本郷ビル,東京都文京区64
野村不動産マスターファンド投資法人,NMF五反田駅前ビル,東京都品川区65
野村不動産マスターファンド投資法人,NMF仙台青葉通りビル,宮城県仙台市4
野村不動産マスターファンド投資法人,NMF博多駅前ビル,福岡県福岡市2
野村不動産マスターファンド投資法人,NMF吉祥寺本町ビル,東京都武蔵野市46
野村不動産マスターファンド投資法人,NMF名古屋伏見ビル,愛知県名古屋市8
野村不動産マスターファンド投資法人,NMF川崎東口ビル,神奈川県川崎市36
野村不動産マスターファンド投資法人,NMF新宿EASTビル,東京都新宿区67
野村不動産マスターファンド投資法人,NMF新横浜ビル,神奈川県横浜市37
野村不動産マスターファンド投資法人,NMF横浜西口ビル,神奈川県横浜市37
野村不動産マスターファンド投資法人,NMF渋谷公園通りビル,東京都渋谷区66
野村不動産マスターファンド投資法人,NMF神戸名谷ビル,兵庫県神戸市10
野村不動産マスターファンド投資法人,NMF神田岩本町ビル,東京都千代田区70
野村不動産マスターファンド投資法人,NMF芝ビル,東京都港区68
野村不動産マスターファンド投資法人,NMF芝公園ビル,東京都港区68
野村不動産マスターファンド投資法人,NMF茅場町ビル,東京都中央区69
野村不動産マスターファンド投資法人,NMF銀座四丁目ビル,東京都中央区69
野村不動産マスターファンド投資法人,NMF青山一丁目ビル,東京都港区68
野村不動産マスターファンド投資法人,NMF駿河台ビル,東京都千代田区70
野村不動産マスターファンド投資法人,NMF高輪ビル,東京都品川区65
野村不動産マスターファンド投資法人,PMO八丁堀,東京都中央区69
野村不動産マスターファンド投資法人,PMO八丁堀Ⅲ,東京都中央区69
野村不動産マスターファンド投資法人,PMO八丁堀新川,東京都中央区69
野村不動産マスターファンド投資法人,PMO平河町,東京都千代田区70
野村不動産マスターファンド投資法人,PMO御茶ノ水,東京都千代田区70
野村不動産マスターファンド投資法人,PMO新日本橋,東京都中央区69
野村不動産マスターファンド投資法人,PMO日本橋三越前,東京都中央区69
野村不動産マスターファンド投資法人,PMO日本橋大伝馬町,東京都中央区69
野村不動産マスターファンド投資法人,PMO日本橋本町,東京都中央区69
野村不動産マスターファンド投資法人,PMO日本橋茅場町,東京都中央区69
野村不動産マスターファンド投資法人,PMO東新橋,東京都港区68
野村不動産マスターファンド投資法人,PMO東日本橋,東京都中央区69
野村不動産マスターファンド投資法人,PMO浜松町,東京都港区68
野村不動産マスターファンド投資法人,PMO浜松町Ⅱ,東京都港区68
野村不動産マスターファンド投資法人,PMO田町,東京都港区68
野村不動産マスターファンド投資法人,PMO田町Ⅱ,東京都港区68
野村不動産マスターファンド投資法人,PMO秋葉原,東京都千代田区70
野村不動産マスターファンド投資法人,PMO秋葉原北,東京都台東区55
野村不動産マスターファンド投資法人,PMO芝公園,東京都港区68
野村不動産マスターファンド投資法人,PMO芝大門,東京都港区68
野村不動産マスターファンド投資法人,PMO銀座八丁目,東京都中央区69
野村不動産マスターファンド投資法人,Recipe SHIMOKITA,東京都世田谷区63
野村不動産マスターファンド投資法人,SBC東京医療大学（底地）,千葉県浦安市23
野村不動産マスターファンド投資法人,SOMPO ケア そんぽの家 大森西,東京都大田区61
野村不動産マスターファンド投資法人,SOMPO ケア ラヴィーレレジデンス湘南辻堂,神奈川県茅ケ崎市32
野村不動産マスターファンド投資法人,SOMPO ケア ラヴィーレレジデンス用賀,東京都世田谷区63
野村不動産マスターファンド投資法人,SOMPO ケア ラヴィーレレジデンス辻堂西海岸,神奈川県藤沢市33
野村不動産マスターファンド投資法人,SORA新大阪21,大阪府大阪市15
野村不動産マスターファンド投資法人,covirna machida,東京都町田市43
野村不動産マスターファンド投資法人,nORBESA,北海道札幌市6
野村不動産マスターファンド投資法人,イズミヤSC八尾店,大阪府八尾市13
野村不動産マスターファンド投資法人,イズミヤSC千里丘店,大阪府吹田市14
野村不動産マスターファンド投資法人,イズミヤSC小林店,兵庫県宝塚市9
野村不動産マスターファンド投資法人,イリーゼ浦安,千葉県浦安市23
野村不動産マスターファンド投資法人,ウエルシア川越神明町店（底地）,埼玉県川越市28
野村不動産マスターファンド投資法人,オムロン京都センタービル,京都府京都市11
野村不動産マスターファンド投資法人,クリスタルパークビル,東京都武蔵野市46
野村不動産マスターファンド投資法人,コナミスポーツクラブ府中,東京都府中市48
野村不動産マスターファンド投資法人,コンフォートイン那覇泊港,沖縄県那覇市1
野村不動産マスターファンド投資法人,サミットストア向台町店,東京都西東京市39
野村不動産マスターファンド投資法人,サミットストア成田東店（底地）,東京都杉並区59
野村不動産マスターファンド投資法人,サミットストア本天沼店,東京都杉並区59
野村不動産マスターファンド投資法人,セコムメディカルビル,東京都千代田区70
野村不動産マスターファンド投資法人,セレニテ心斎橋グランデ,大阪府大阪市15
野村不動産マスターファンド投資法人,ニトリ幕張店,千葉県千葉市24
野村不動産マスターファンド投資法人,ファーレイーストビル,東京都立川市45
野村不動産マスターファンド投資法人,ファーレ立川センタースクエア,東京都立川市45
野村不動産マスターファンド投資法人,プライムアーバン三軒茶屋,東京都世田谷区63
野村不動産マスターファンド投資法人,プライムアーバン中目黒,東京都目黒区62
野村不動産マスターファンド投資法人,プライムアーバン中目黒Ⅱ,東京都目黒区62
野村不動産マスターファンド投資法人,プライムアーバン中野上高田,東京都中野区60
野村不動産マスターファンド投資法人,プライムアーバン久米川,東京都東村山市40
野村不動産マスターファンド投資法人,プライムアーバン亀戸,東京都江東区54
野村不動産マスターファンド投資法人,プライムアーバン住吉,東京都江東区54
野村不動産マスターファンド投資法人,プライムアーバン勝どき,東京都中央区69
野村不動産マスターファンド投資法人,プライムアーバン北11条,北海道札幌市6
野村不動産マスターファンド投資法人,プライムアーバン北14条,北海道札幌市6
野村不動産マスターファンド投資法人,プライムアーバン北3条通,北海道札幌市6
野村不動産マスターファンド投資法人,プライムアーバン千代田富士見,東京都千代田区70
野村不動産マスターファンド投資法人,プライムアーバン千歳烏山,東京都世田谷区63
野村不動産マスターファンド投資法人,プライムアーバン千歳船橋,東京都世田谷区63
野村不動産マスターファンド投資法人,プライムアーバン南烏山,東京都世田谷区63
野村不動産マスターファンド投資法人,プライムアーバン博多,福岡県福岡市2
野村不動産マスターファンド投資法人,プライムアーバン博多東,福岡県福岡市2
野村不動産マスターファンド投資法人,プライムアーバン四谷外苑東,東京都新宿区67
野村不動産マスターファンド投資法人,プライムアーバン堤通雨宮,宮城県仙台市4
野村不動産マスターファンド投資法人,プライムアーバン堺筋本町,大阪府大阪市15
野村不動産マスターファンド投資法人,プライムアーバン大井町II,東京都品川区65
野村不動産マスターファンド投資法人,プライムアーバン大崎,東京都品川区65
野村不動産マスターファンド投資法人,プライムアーバン大森,東京都大田区61
野村不動産マスターファンド投資法人,プライムアーバン大通公園I,北海道札幌市6
野村不動産マスターファンド投資法人,プライムアーバン大通公園II,北海道札幌市6
野村不動産マスターファンド投資法人,プライムアーバン大通東,北海道札幌市6
野村不動産マスターファンド投資法人,プライムアーバン学芸大学Ⅱ,東京都目黒区62
野村不動産マスターファンド投資法人,プライムアーバン学芸大学パークフロント,東京都目黒区62
野村不動産マスターファンド投資法人,プライムアーバン宮の沢,北海道札幌市6
野村不動産マスターファンド投資法人,プライムアーバン小金井本町,東京都小金井市47
野村不動産マスターファンド投資法人,プライムアーバン川口,埼玉県川口市29
野村不動産マスターファンド投資法人,プライムアーバン川崎,神奈川県川崎市36
野村不動産マスターファンド投資法人,プライムアーバン平井,東京都江戸川区51
野村不動産マスターファンド投資法人,プライムアーバン恵比寿,東京都目黒区62
野村不動産マスターファンド投資法人,プライムアーバン恵比寿Ⅱ,東京都渋谷区66
野村不動産マスターファンド投資法人,プライムアーバン新宿内藤町,東京都新宿区67
野村不動産マスターファンド投資法人,プライムアーバン新宿落合,東京都新宿区67
野村不動産マスターファンド投資法人,プライムアーバン新川,東京都中央区69
野村不動産マスターファンド投資法人,プライムアーバン新百合ヶ丘,神奈川県川崎市36
野村不動産マスターファンド投資法人,プライムアーバン日本橋横山町,東京都中央区69
野村不動産マスターファンド投資法人,プライムアーバン日本橋浜町,東京都中央区69
野村不動産マスターファンド投資法人,プライムアーバン日本橋茅場町,東京都中央区69
野村不動産マスターファンド投資法人,プライムアーバン本郷壱岐坂,東京都文京区64
野村不動産マスターファンド投資法人,プライムアーバン札幌リバーフロント,北海道札幌市6
野村不動産マスターファンド投資法人,プライムアーバン札幌医大前,北海道札幌市6
野村不動産マスターファンド投資法人,プライムアーバン東中野コート,東京都新宿区67
野村不動産マスターファンド投資法人,プライムアーバン板橋区役所前,東京都板橋区56
野村不動産マスターファンド投資法人,プライムアーバン武蔵小杉comodo,神奈川県川崎市36
野村不動産マスターファンド投資法人,プライムアーバン武蔵小金井,東京都小金井市47
野村不動産マスターファンド投資法人,プライムアーバン武蔵小金井Ⅱ,東京都小金井市47
野村不動産マスターファンド投資法人,プライムアーバン武蔵野ヒルズ,東京都小金井市47
野村不動産マスターファンド投資法人,プライムアーバン池袋,東京都豊島区58
野村不動産マスターファンド投資法人,プライムアーバン浦安,千葉県浦安市23
野村不動産マスターファンド投資法人,プライムアーバン烏山ガレリア,東京都世田谷区63
野村不動産マスターファンド投資法人,プライムアーバン烏山コート,東京都世田谷区63
野村不動産マスターファンド投資法人,プライムアーバン用賀,東京都世田谷区63
野村不動産マスターファンド投資法人,プライムアーバン用賀Ⅱ,東京都世田谷区63
野村不動産マスターファンド投資法人,プライムアーバン田園調布南,東京都大田区61
野村不動産マスターファンド投資法人,プライムアーバン田町,東京都港区68
野村不動産マスターファンド投資法人,プライムアーバン町屋サウスコート,東京都荒川区52
野村不動産マスターファンド投資法人,プライムアーバン番町,東京都千代田区70
野村不動産マスターファンド投資法人,プライムアーバン白山,東京都文京区64
野村不動産マスターファンド投資法人,プライムアーバン目白,東京都新宿区67
野村不動産マスターファンド投資法人,プライムアーバン目黒リバーサイド,東京都目黒区62
野村不動産マスターファンド投資法人,プライムアーバン目黒大橋ヒルズ,東京都目黒区62
野村不動産マスターファンド投資法人,プライムアーバン目黒青葉台,東京都目黒区62
野村不動産マスターファンド投資法人,プライムアーバン神楽坂,東京都新宿区67
野村不動産マスターファンド投資法人,プライムアーバン芝浦LOFT,東京都港区68
野村不動産マスターファンド投資法人,プライムアーバン葛西,東京都江戸川区51
野村不動産マスターファンド投資法人,プライムアーバン葛西イースト,東京都江戸川区51
野村不動産マスターファンド投資法人,プライムアーバン薬院南,福岡県福岡市2
野村不動産マスターファンド投資法人,プライムアーバン西新宿I,東京都新宿区67
野村不動産マスターファンド投資法人,プライムアーバン西日暮里,東京都荒川区52
野村不動産マスターファンド投資法人,プライムアーバン西早稲田,東京都新宿区67
野村不動産マスターファンド投資法人,プライムアーバン西荻窪Ⅱ,東京都杉並区59
野村不動産マスターファンド投資法人,プライムアーバン豊洲,東京都江東区54
野村不動産マスターファンド投資法人,プライムアーバン赤坂,東京都港区68
野村不動産マスターファンド投資法人,プライムアーバン錦糸公園,東京都墨田区53
野村不動産マスターファンド投資法人,プライムアーバン錦糸町,東京都墨田区53
野村不動産マスターファンド投資法人,プライムアーバン長原上池台,東京都大田区61
野村不動産マスターファンド投資法人,プライムアーバン門前仲町,東京都江東区54
野村不動産マスターファンド投資法人,プライムアーバン鶴見寺谷,神奈川県横浜市37
野村不動産マスターファンド投資法人,プライムアーバン麻布十番,東京都港区68
野村不動産マスターファンド投資法人,プラウドフラット三軒茶屋,東京都世田谷区63
野村不動産マスターファンド投資法人,プラウドフラット三軒茶屋Ⅱ,東京都世田谷区63
野村不動産マスターファンド投資法人,プラウドフラット上大岡,神奈川県横浜市37
野村不動産マスターファンド投資法人,プラウドフラット中落合,東京都新宿区67
野村不動産マスターファンド投資法人,プラウドフラット五橋,宮城県仙台市4
野村不動産マスターファンド投資法人,プラウドフラット代々木上原,東京都渋谷区66
野村不動産マスターファンド投資法人,プラウドフラット代々木八幡,東京都渋谷区66
野村不動産マスターファンド投資法人,プラウドフラット八丁堀,東京都中央区69
野村不動産マスターファンド投資法人,プラウドフラット初台,東京都渋谷区66
野村不動産マスターファンド投資法人,プラウドフラット外神田,東京都千代田区70
野村不動産マスターファンド投資法人,プラウドフラット大森Ⅲ,東京都品川区65
野村不動産マスターファンド投資法人,プラウドフラット学芸大学,東京都目黒区62
野村不動産マスターファンド投資法人,プラウドフラット宮崎台,神奈川県川崎市36
野村不動産マスターファンド投資法人,プラウドフラット富士見台,東京都練馬区57
野村不動産マスターファンド投資法人,プラウドフラット戸越公園,東京都品川区65
野村不動産マスターファンド投資法人,プラウドフラット戸越銀座,東京都品川区65
野村不動産マスターファンド投資法人,プラウドフラット新大塚,東京都豊島区58
野村不動産マスターファンド投資法人,プラウドフラット新大阪,大阪府大阪市15
野村不動産マスターファンド投資法人,プラウドフラット新宿河田町,東京都新宿区67
野村不動産マスターファンド投資法人,プラウドフラット日暮里,東京都荒川区52
野村不動産マスターファンド投資法人,プラウドフラット早稲田,東京都新宿区67
野村不動産マスターファンド投資法人,プラウドフラット板橋本町,東京都板橋区56
野村不動産マスターファンド投資法人,プラウドフラット根津谷中,東京都台東区55
野村不動産マスターファンド投資法人,プラウドフラット横浜,神奈川県横浜市37
野村不動産マスターファンド投資法人,プラウドフラット河原町,宮城県仙台市4
野村不動産マスターファンド投資法人,プラウドフラット浅草,東京都台東区55
野村不動産マスターファンド投資法人,プラウドフラット浅草ディアージュ,東京都台東区55
野村不動産マスターファンド投資法人,プラウドフラット浅草トレサージュ,東京都台東区55
野村不動産マスターファンド投資法人,プラウドフラット浅草橋Ⅲ,東京都台東区55
野村不動産マスターファンド投資法人,プラウドフラット浅草駒形,東京都台東区55
野村不動産マスターファンド投資法人,プラウドフラット清澄白河,東京都江東区54
野村不動産マスターファンド投資法人,プラウドフラット清澄通り,東京都江東区54
野村不動産マスターファンド投資法人,プラウドフラット渋谷富ヶ谷,東京都渋谷区66
野村不動産マスターファンド投資法人,プラウドフラット渋谷桜丘,東京都渋谷区66
野村不動産マスターファンド投資法人,プラウドフラット渋谷笹塚,東京都渋谷区66
野村不動産マスターファンド投資法人,プラウドフラット登戸,神奈川県川崎市36
野村不動産マスターファンド投資法人,プラウドフラット白金高輪,東京都港区68
野村不動産マスターファンド投資法人,プラウドフラット目黒行人坂,東京都目黒区62
野村不動産マスターファンド投資法人,プラウドフラット神楽坂,東京都新宿区67
野村不動産マスターファンド投資法人,プラウドフラット菊川,東京都墨田区53
野村不動産マスターファンド投資法人,プラウドフラット蒲田,東京都大田区61
野村不動産マスターファンド投資法人,プラウドフラット蒲田II,東京都大田区61
野村不動産マスターファンド投資法人,プラウドフラット錦糸町,東京都墨田区53
野村不動産マスターファンド投資法人,プラウドフラット錦糸町Ⅱ,東京都墨田区53
野村不動産マスターファンド投資法人,プラウドフラット門前仲町II,東京都江東区54
野村不動産マスターファンド投資法人,プラウドフラット門前仲町Ｉ,東京都江東区54
野村不動産マスターファンド投資法人,プラウドフラット隅田リバーサイド,東京都中央区69
野村不動産マスターファンド投資法人,プラウドフラット鶴見II,神奈川県横浜市37
野村不動産マスターファンド投資法人,ホテルビスタ札幌大通,北海道札幌市6
野村不動産マスターファンド投資法人,ホテル・アンドルームス新大阪,大阪府大阪市15
野村不動産マスターファンド投資法人,メガロス神奈川店,神奈川県横浜市37
野村不動産マスターファンド投資法人,メルビル,宮城県仙台市4
野村不動産マスターファンド投資法人,ユニバーサル・シティウォーク大阪,大阪府大阪市15
野村不動産マスターファンド投資法人,ラ・ジェント・ステイ函館駅前/HAKOViVA,北海道函館市5
野村不動産マスターファンド投資法人,三菱自動車世田谷店（底地）,東京都世田谷区63
野村不動産マスターファンド投資法人,三菱自動車元住吉店（底地）,神奈川県川崎市36
野村不動産マスターファンド投資法人,三菱自動車川崎店（底地）,神奈川県川崎市36
野村不動産マスターファンド投資法人,三菱自動車東久留米店（底地）,東京都東久留米市42
野村不動産マスターファンド投資法人,三菱自動車東大和店（底地）,東京都東大和市41
野村不動産マスターファンド投資法人,三菱自動車江戸川店（底地）,東京都江戸川区51
野村不動産マスターファンド投資法人,三菱自動車狭山店（底地）,埼玉県狭山市26
野村不動産マスターファンド投資法人,三菱自動車目黒店（底地）,東京都目黒区62
野村不動産マスターファンド投資法人,三菱自動車練馬店（底地）,東京都練馬区57
野村不動産マスターファンド投資法人,三菱自動車葛飾店（底地）,東京都葛飾区50
野村不動産マスターファンド投資法人,三菱自動車調布店（底地）,東京都調布市49
野村不動産マスターファンド投資法人,三菱自動車関町店（底地）,東京都練馬区57
野村不動産マスターファンド投資法人,三菱自動車高井戸店（底地）,東京都杉並区59
野村不動産マスターファンド投資法人,中座くいだおれビル,大阪府大阪市15
野村不動産マスターファンド投資法人,八丁堀ＮＦビル,東京都中央区69
野村不動産マスターファンド投資法人,厚木南ロジスティクスセンターA棟,神奈川県厚木市31
野村不動産マスターファンド投資法人,厚木南ロジスティクスセンターB棟,神奈川県厚木市31
野村不動産マスターファンド投資法人,岩本町東洋ビル,東京都千代田区70
野村不動産マスターファンド投資法人,川口ロジスティクスセンターA棟,埼玉県川口市29
野村不動産マスターファンド投資法人,川口ロジスティクスセンターB棟,埼玉県川口市29
野村不動産マスターファンド投資法人,川口領家ロジスティクスセンター,埼玉県川口市29
野村不動産マスターファンド投資法人,川崎モアーズ,神奈川県川崎市36
野村不動産マスターファンド投資法人,新宿野村ビル,東京都新宿区67
野村不動産マスターファンド投資法人,日本電気本社ビル,東京都港区68
野村不動産マスターファンド投資法人,札幌ノースプラザ,北海道札幌市6
野村不動産マスターファンド投資法人,枚方樟葉ロジスティクスセンター,大阪府枚方市12
野村不動産マスターファンド投資法人,横須賀モアーズシティ,神奈川県横須賀市34
野村不動産マスターファンド投資法人,武蔵浦和ショッピングスクエア,埼玉県さいたま市30
野村不動産マスターファンド投資法人,深沢ハウスHI棟,東京都世田谷区63
野村不動産マスターファンド投資法人,相模原ショッピングセンター,神奈川県相模原市35
野村不動産マスターファンド投資法人,相模原大野台ロジスティクスセンター,神奈川県相模原市35
野村不動産マスターファンド投資法人,相模原田名ロジスティクスセンター,神奈川県相模原市35
野村不動産マスターファンド投資法人,羽生ロジスティクスセンター,埼玉県羽生市25
野村不動産マスターファンド投資法人,西新宿昭和ビル,東京都新宿区67
野村不動産マスターファンド投資法人,野村不動産吉祥寺ビル,東京都武蔵野市46
野村不動産マスターファンド投資法人,野村不動産四ツ橋ビル,大阪府大阪市15
野村不動産マスターファンド投資法人,野村不動産大阪ビル,大阪府大阪市15
野村不動産マスターファンド投資法人,野村不動産天王洲ビル,東京都品川区65
野村不動産マスターファンド投資法人,野村不動産札幌ビル,北海道札幌市6
野村不動産マスターファンド投資法人,野村不動産渋谷道玄坂ビル,東京都渋谷区66
野村不動産マスターファンド投資法人,野村不動産西梅田ビル,大阪府大阪市15
野村不動産マスターファンド投資法人,麹町ミレニアムガーデン,東京都千代田区70
野村不動産マスターファンド投資法人,＆HOTEL HAKATA,福岡県福岡市2
ＫＤＸ不動産投資法人,BR五反田,東京都品川区
ＫＤＸ不動産投資法人,DCM・MEGAドン・キホーテUNY近江八幡店,滋賀県近江八幡市
ＫＤＸ不動産投資法人,DCM中川富田店（底地）,愛知県名古屋市
ＫＤＸ不動産投資法人,KDXレジデンス三宮,兵庫県神戸市
ＫＤＸ不動産投資法人,KDXレジデンス三宿,東京都世田谷区
ＫＤＸ不動産投資法人,KDXレジデンス三鷹,東京都三鷹市
ＫＤＸ不動産投資法人,KDXレジデンス上北沢,東京都世田谷区
ＫＤＸ不動産投資法人,KDXレジデンス上石神井,東京都練馬区
ＫＤＸ不動産投資法人,KDXレジデンス上石神井Ⅱ,東京都練馬区
ＫＤＸ不動産投資法人,KDXレジデンス上野毛,東京都世田谷区
ＫＤＸ不動産投資法人,KDXレジデンス両国,東京都墨田区
ＫＤＸ不動産投資法人,KDXレジデンス中延,東京都品川区
ＫＤＸ不動産投資法人,KDXレジデンス中板橋,東京都板橋区
ＫＤＸ不動産投資法人,KDXレジデンス中野富士見町,東京都中野区
ＫＤＸ不動産投資法人,KDXレジデンス二子玉川,東京都世田谷区
ＫＤＸ不動産投資法人,KDXレジデンス仙台駅東,宮城県仙台市
ＫＤＸ不動産投資法人,KDXレジデンス代官山II,東京都渋谷区
ＫＤＸ不動産投資法人,KDXレジデンス元浅草,東京都台東区
ＫＤＸ不動産投資法人,KDXレジデンス入谷,東京都台東区
ＫＤＸ不動産投資法人,KDXレジデンス八丁堀,東京都中央区
ＫＤＸ不動産投資法人,KDXレジデンス八王子大塚,東京都八王子市
ＫＤＸ不動産投資法人,KDXレジデンス千駄木,東京都文京区
ＫＤＸ不動産投資法人,KDXレジデンス半蔵門,東京都千代田区
ＫＤＸ不動産投資法人,KDXレジデンス南三条,北海道札幌市
ＫＤＸ不動産投資法人,KDXレジデンス南草津,滋賀県草津市
ＫＤＸ不動産投資法人,KDXレジデンス南青山,東京都港区
ＫＤＸ不動産投資法人,KDXレジデンス南麻布,東京都港区
ＫＤＸ不動産投資法人,KDXレジデンス品川シーサイド,東京都品川区
ＫＤＸ不動産投資法人,KDXレジデンス四谷,東京都新宿区
ＫＤＸ不動産投資法人,KDXレジデンス夙川ヒルズ,兵庫県西宮市
ＫＤＸ不動産投資法人,KDXレジデンス多摩川,東京都大田区
ＫＤＸ不動産投資法人,KDXレジデンス大山,東京都板橋区
ＫＤＸ不動産投資法人,KDXレジデンス大島,東京都江東区
ＫＤＸ不動産投資法人,KDXレジデンス大濠ハーバービュータワー,福岡県福岡市
ＫＤＸ不動産投資法人,KDXレジデンス大通公園,北海道札幌市
ＫＤＸ不動産投資法人,KDXレジデンス天王町,神奈川県横浜市
ＫＤＸ不動産投資法人,KDXレジデンス天神東II,福岡県福岡市
ＫＤＸ不動産投資法人,KDXレジデンス宮前平,神奈川県川崎市
ＫＤＸ不動産投資法人,KDXレジデンス尾山台,東京都世田谷区
ＫＤＸ不動産投資法人,KDXレジデンス川崎,神奈川県川崎市
ＫＤＸ不動産投資法人,KDXレジデンス市川,千葉県市川市
ＫＤＸ不動産投資法人,KDXレジデンス幡ヶ谷,東京都渋谷区
ＫＤＸ不動産投資法人,KDXレジデンス平尾浄水町,福岡県福岡市
ＫＤＸ不動産投資法人,KDXレジデンス御徒町,東京都台東区
ＫＤＸ不動産投資法人,KDXレジデンス恵比寿,東京都渋谷区
ＫＤＸ不動産投資法人,KDXレジデンス成城,東京都世田谷区
ＫＤＸ不動産投資法人,KDXレジデンス戸越,東京都品川区
ＫＤＸ不動産投資法人,KDXレジデンス文京湯島,東京都文京区
ＫＤＸ不動産投資法人,KDXレジデンス新大塚,東京都豊島区
ＫＤＸ不動産投資法人,KDXレジデンス日吉,神奈川県横浜市
ＫＤＸ不動産投資法人,KDXレジデンス日本橋人形町,東京都中央区
ＫＤＸ不動産投資法人,KDXレジデンス日本橋水天宮,東京都中央区
ＫＤＸ不動産投資法人,KDXレジデンス日本橋浜町,東京都中央区
ＫＤＸ不動産投資法人,KDXレジデンス日本橋箱崎,東京都中央区
ＫＤＸ不動産投資法人,KDXレジデンス早稲田鶴巻,東京都新宿区
ＫＤＸ不動産投資法人,KDXレジデンス本町橋,大阪府大阪市
ＫＤＸ不動産投資法人,KDXレジデンス杉並方南町,東京都杉並区
ＫＤＸ不動産投資法人,KDXレジデンス東新宿,東京都新宿区
ＫＤＸ不動産投資法人,KDXレジデンス東桜I,愛知県名古屋市
ＫＤＸ不動産投資法人,KDXレジデンス東浅草,東京都台東区
ＫＤＸ不動産投資法人,KDXレジデンス東雪谷,東京都大田区
ＫＤＸ不動産投資法人,KDXレジデンス板橋本町,東京都板橋区
ＫＤＸ不動産投資法人,KDXレジデンス桜上水,東京都杉並区
ＫＤＸ不動産投資法人,KDXレジデンス梅島,東京都足立区
ＫＤＸ不動産投資法人,KDXレジデンス森下千歳,東京都墨田区
ＫＤＸ不動産投資法人,KDXレジデンス横浜関内,神奈川県横浜市
ＫＤＸ不動産投資法人,KDXレジデンス横濱紅葉坂,神奈川県横浜市
ＫＤＸ不動産投資法人,KDXレジデンス池袋ウエスト,東京都板橋区
ＫＤＸ不動産投資法人,KDXレジデンス池袋要町,東京都板橋区
ＫＤＸ不動産投資法人,KDXレジデンス津田沼,千葉県船橋市
ＫＤＸ不動産投資法人,KDXレジデンス津田沼Ⅱ,千葉県船橋市
ＫＤＸ不動産投資法人,KDXレジデンス浅草,東京都台東区
ＫＤＸ不動産投資法人,KDXレジデンス湘南台,神奈川県藤沢市
ＫＤＸ不動産投資法人,KDXレジデンス溝の口,神奈川県川崎市
ＫＤＸ不動産投資法人,KDXレジデンス瑞江,東京都江戸川区
ＫＤＸ不動産投資法人,KDXレジデンス用賀,東京都世田谷区
ＫＤＸ不動産投資法人,KDXレジデンス田園調布,東京都大田区
ＫＤＸ不動産投資法人,KDXレジデンス甲南山手,兵庫県神戸市
ＫＤＸ不動産投資法人,KDXレジデンス町田,神奈川県相模原市
ＫＤＸ不動産投資法人,KDXレジデンス白金I,東京都港区
ＫＤＸ不動産投資法人,KDXレジデンス白金II,東京都港区
ＫＤＸ不動産投資法人,KDXレジデンス神宮前,愛知県名古屋市
ＫＤＸ不動産投資法人,KDXレジデンス神楽坂,東京都新宿区
ＫＤＸ不動産投資法人,KDXレジデンス神楽坂通,東京都新宿区
ＫＤＸ不動産投資法人,KDXレジデンス神田,東京都千代田区
ＫＤＸ不動産投資法人,KDXレジデンス秋葉原,東京都台東区
ＫＤＸ不動産投資法人,KDXレジデンス秋葉原II,東京都千代田区
ＫＤＸ不動産投資法人,KDXレジデンス立川,東京都立川市
ＫＤＸ不動産投資法人,KDXレジデンス自由が丘,東京都目黒区
ＫＤＸ不動産投資法人,KDXレジデンス芝公園,東京都港区
ＫＤＸ不動産投資法人,KDXレジデンス茨木I・II,大阪府茨木市
ＫＤＸ不動産投資法人,KDXレジデンス菊水四条,北海道札幌市
ＫＤＸ不動産投資法人,KDXレジデンス蒲田南,東京都大田区
ＫＤＸ不動産投資法人,KDXレジデンス蒲田南Ⅱ,東京都大田区
ＫＤＸ不動産投資法人,KDXレジデンス西公園,福岡県福岡市
ＫＤＸ不動産投資法人,KDXレジデンス西原,東京都渋谷区
ＫＤＸ不動産投資法人,KDXレジデンス西大路,京都府京都市
ＫＤＸ不動産投資法人,KDXレジデンス西新,福岡県福岡市
ＫＤＸ不動産投資法人,KDXレジデンス西新宿,東京都新宿区
ＫＤＸ不動産投資法人,KDXレジデンス西船橋,千葉県船橋市
ＫＤＸ不動産投資法人,KDXレジデンス西馬込,東京都大田区
ＫＤＸ不動産投資法人,KDXレジデンス西麻布,東京都港区
ＫＤＸ不動産投資法人,KDXレジデンス豊中南,大阪府豊中市
ＫＤＸ不動産投資法人,KDXレジデンス豊洲,東京都江東区
ＫＤＸ不動産投資法人,KDXレジデンス赤坂,東京都港区
ＫＤＸ不動産投資法人,KDXレジデンス錦糸町,東京都墨田区
ＫＤＸ不動産投資法人,KDXレジデンス門前仲町,東京都江東区
ＫＤＸ不動産投資法人,KDXレジデンス阿佐ヶ谷,東京都杉並区
ＫＤＸ不動産投資法人,KDXレジデンス阿佐ヶ谷Ⅱ,東京都杉並区
ＫＤＸ不動産投資法人,KDXレジデンス難波,大阪府大阪市
ＫＤＸ不動産投資法人,KDXレジデンス難波南,大阪府大阪市
ＫＤＸ不動産投資法人,KDXレジデンス雪谷大塚,東京都大田区
ＫＤＸ不動産投資法人,KDXレジデンス駒沢公園,東京都世田谷区
ＫＤＸ不動産投資法人,KDXレジデンス高輪,東京都港区
ＫＤＸ不動産投資法人,KDXレジデンス鶴見,神奈川県横浜市
ＫＤＸ不動産投資法人,KDXレジデンス麻布イースト,東京都港区
ＫＤＸ不動産投資法人,KDXレジデンス麻布仙台坂,東京都港区
ＫＤＸ不動産投資法人,KDXロジスティクス恩田原,静岡県静岡市
ＫＤＸ不動産投資法人,KDXロジスティクス昭島Ⅰ,東京都昭島市
ＫＤＸ不動産投資法人,KDXロジスティクス海老名中央,神奈川県海老名市
ＫＤＸ不動産投資法人,KDXロジスティクス福岡空港,福岡県福岡市
ＫＤＸ不動産投資法人,KDX三田ビル,東京都港区
ＫＤＸ不動産投資法人,KDX中目黒ビル,東京都目黒区
ＫＤＸ不動産投資法人,KDX中野坂上ビル,東京都中野区
ＫＤＸ不動産投資法人,KDX五反田ビル,東京都品川区
ＫＤＸ不動産投資法人,KDX仙台ビル,宮城県仙台市
ＫＤＸ不動産投資法人,KDX仙台本町ビル,宮城県仙台市
ＫＤＸ不動産投資法人,KDX代々木ビル,東京都渋谷区
ＫＤＸ不動産投資法人,KDX代官山レジデンス,東京都渋谷区
ＫＤＸ不動産投資法人,KDX八丁堀ビル,東京都中央区
ＫＤＸ不動産投資法人,KDX八王子ビル,東京都八王子市
ＫＤＸ不動産投資法人,KDX千早レジデンス,愛知県名古屋市
ＫＤＸ不動産投資法人,KDX千葉中央レジデンス,千葉県千葉市
ＫＤＸ不動産投資法人,KDX南本町ビル,大阪府大阪市
ＫＤＸ不動産投資法人,KDX南青山ビル,東京都港区
ＫＤＸ不動産投資法人,KDX博多南ビル,福岡県福岡市
ＫＤＸ不動産投資法人,KDX名古屋日銀前ビル,愛知県名古屋市
ＫＤＸ不動産投資法人,KDX名古屋駅前ビル,愛知県名古屋市
ＫＤＸ不動産投資法人,KDX吾妻橋レジデンス,東京都墨田区
ＫＤＸ不動産投資法人,KDX土佐堀ビル,大阪府大阪市
ＫＤＸ不動産投資法人,KDX堺筋本町レジデンス,大阪府大阪市
ＫＤＸ不動産投資法人,KDX大伝馬レジデンス,東京都中央区
ＫＤＸ不動産投資法人,KDX大宮ビル,埼玉県さいたま市
ＫＤＸ不動産投資法人,KDX定禅寺通レジデンス,宮城県仙台市
ＫＤＸ不動産投資法人,KDX宝塚レジデンス,兵庫県宝塚市
ＫＤＸ不動産投資法人,KDX小林道修町ビル,大阪府大阪市
ＫＤＸ不動産投資法人,KDX岩本町レジデンス,東京都千代田区
ＫＤＸ不動産投資法人,KDX川口幸町レジデンス,埼玉県川口市
ＫＤＸ不動産投資法人,KDX広島ビル,広島県広島市
ＫＤＸ不動産投資法人,KDX広島呉配送センター,広島県呉市
ＫＤＸ不動産投資法人,KDX府中ビル,東京都府中市
ＫＤＸ不動産投資法人,KDX御徒町ビル,東京都台東区
ＫＤＸ不動産投資法人,KDX御茶ノ水ビル,東京都千代田区
ＫＤＸ不動産投資法人,KDX志村坂上レジデンス,東京都板橋区
ＫＤＸ不動産投資法人,KDX恵比寿ビル,東京都渋谷区
ＫＤＸ不動産投資法人,KDX文京千石レジデンス,東京都文京区
ＫＤＸ不動産投資法人,KDX文京小石川ビル,東京都文京区
ＫＤＸ不動産投資法人,KDX新大阪ビル,大阪府大阪市
ＫＤＸ不動産投資法人,KDX新宿ビル,東京都新宿区
ＫＤＸ不動産投資法人,KDX新宿六丁目ビル,東京都新宿区
ＫＤＸ不動産投資法人,KDX新日本橋駅前ビル,東京都中央区
ＫＤＸ不動産投資法人,KDX新横浜ビル,神奈川県横浜市
ＫＤＸ不動産投資法人,KDX新橋ビル,東京都港区
ＫＤＸ不動産投資法人,KDX新橋駅前ビル,東京都港区
ＫＤＸ不動産投資法人,KDX日本橋216ビル,東京都中央区
ＫＤＸ不動産投資法人,KDX春日ビル,東京都文京区
ＫＤＸ不動産投資法人,KDX晴海ビル,東京都中央区
ＫＤＸ不動産投資法人,KDX札幌ビル,北海道札幌市
ＫＤＸ不動産投資法人,KDX札幌北口ビル,北海道札幌市
ＫＤＸ不動産投資法人,KDX東新宿ビル,東京都新宿区
ＫＤＸ不動産投資法人,KDX東梅田ビル,大阪府大阪市
ＫＤＸ不動産投資法人,KDX東茅場町三洋ビル,東京都中央区
ＫＤＸ不動産投資法人,KDX桜通ビル,愛知県名古屋市
ＫＤＸ不動産投資法人,KDX横浜みなとみらいタワー,神奈川県横浜市
ＫＤＸ不動産投資法人,KDX横浜ビル,神奈川県横浜市
ＫＤＸ不動産投資法人,KDX横浜リバーサイド,神奈川県横浜市
ＫＤＸ不動産投資法人,KDX横浜西口ビル,神奈川県横浜市
ＫＤＸ不動産投資法人,KDX横浜関内ビル,神奈川県横浜市
ＫＤＸ不動産投資法人,KDX武蔵小杉ビル,神奈川県川崎市
ＫＤＸ不動産投資法人,KDX江戸橋ビル,東京都中央区
ＫＤＸ不動産投資法人,KDX池袋ウエストビル,東京都豊島区
ＫＤＸ不動産投資法人,KDX池袋ビル,東京都豊島区
ＫＤＸ不動産投資法人,KDX泉レジデンス,愛知県名古屋市
ＫＤＸ不動産投資法人,KDX浜松町センタービル,東京都港区
ＫＤＸ不動産投資法人,KDX浜松町ビル,東京都港区
ＫＤＸ不動産投資法人,KDX浜松町プレイス,東京都港区
ＫＤＸ不動産投資法人,KDX浜町中ノ橋ビル,東京都中央区
ＫＤＸ不動産投資法人,KDX清水レジデンス,福岡県福岡市
ＫＤＸ不動産投資法人,KDX渋谷南平台ビル,東京都渋谷区
ＫＤＸ不動産投資法人,KDX烏丸ビル,京都府京都市
ＫＤＸ不動産投資法人,KDX神保町ビル,東京都千代田区
ＫＤＸ不動産投資法人,KDX神戸ビル,兵庫県神戸市
ＫＤＸ不動産投資法人,KDX神田北口ビル,東京都千代田区
ＫＤＸ不動産投資法人,KDX神田駅前ビル,東京都千代田区
ＫＤＸ不動産投資法人,KDX秋葉原ビル,東京都千代田区
ＫＤＸ不動産投資法人,KDX立川駅前ビル,東京都立川市
ＫＤＸ不動産投資法人,KDX箱崎ビル,東京都中央区
ＫＤＸ不動産投資法人,KDX船橋ビル,千葉県船橋市
ＫＤＸ不動産投資法人,KDX芝大門ビル,東京都港区
ＫＤＸ不動産投資法人,KDX茅場町ビル,東京都中央区
ＫＤＸ不動産投資法人,KDX虎ノ門一丁目ビル,東京都港区
ＫＤＸ不動産投資法人,KDX西五反田ビル,東京都品川区
ＫＤＸ不動産投資法人,KDX西新宿ビル,東京都新宿区
ＫＤＸ不動産投資法人,KDX西新橋ビル,東京都港区
ＫＤＸ不動産投資法人,KDX調布ビル,東京都調布市
ＫＤＸ不動産投資法人,KDX豊洲グランスクエア,東京都江東区
ＫＤＸ不動産投資法人,KDX銀座イーストビル,東京都中央区
ＫＤＸ不動産投資法人,KDX銀座一丁目ビル,東京都中央区
ＫＤＸ不動産投資法人,KDX鍛冶町ビル,東京都千代田区
ＫＤＸ不動産投資法人,KDX飯田橋スクエア,東京都新宿区
ＫＤＸ不動産投資法人,KDX飯田橋ビル,東京都新宿区
ＫＤＸ不動産投資法人,KDX高田馬場ビル,東京都豊島区
ＫＤＸ不動産投資法人,KDX高輪台ビル,東京都港区
ＫＤＸ不動産投資法人,KDX麹町ビル,東京都千代田区
ＫＤＸ不動産投資法人,MONA新浦安,千葉県浦安市
ＫＤＸ不動産投資法人,SOMPOケア そんぽの家S ふじみ野,埼玉県ふじみ野市
ＫＤＸ不動産投資法人,SOMPOケア ラヴィーレレジデンス川崎新町,神奈川県川崎市
ＫＤＸ不動産投資法人,SOMPOケア ラヴィーレ一之江,東京都江戸川区
ＫＤＸ不動産投資法人,SOMPOケア ラヴィーレ元住吉,神奈川県川崎市
ＫＤＸ不動産投資法人,SOMPOケア ラヴィーレ神戸垂水,兵庫県神戸市
ＫＤＸ不動産投資法人,いざりえ恵庭ビル,北海道恵庭市
ＫＤＸ不動産投資法人,いなげや新ゆりヨネッティー王禅寺前店,神奈川県川崎市
ＫＤＸ不動産投資法人,いなげや横浜南本宿店（底地）,神奈川県横浜市
ＫＤＸ不動産投資法人,かわまち矢作モール,千葉県千葉市
ＫＤＸ不動産投資法人,さわやか桜弐番館,秋田県秋田市
ＫＤＸ不動産投資法人,せらび恵比寿,東京都目黒区
ＫＤＸ不動産投資法人,ぺんてるビル,東京都中央区
ＫＤＸ不動産投資法人,もねの里モール,千葉県四街道市
ＫＤＸ不動産投資法人,ゆいま～る聖ヶ丘,東京都多摩市
ＫＤＸ不動産投資法人,ゆめまち習志野台モール,千葉県船橋市
ＫＤＸ不動産投資法人,アクティバ琵琶,滋賀県大津市
ＫＤＸ不動産投資法人,アクロスプラザ浦安東野（底地）,千葉県浦安市
ＫＤＸ不動産投資法人,アシコタウンあしかが,栃木県足利市
ＫＤＸ不動産投資法人,アネシス兵庫,兵庫県神戸市
ＫＤＸ不動産投資法人,アネシス寺田町,大阪府大阪市
ＫＤＸ不動産投資法人,アピタテラス横浜綱島,神奈川県横浜市
ＫＤＸ不動産投資法人,アルテ石屋川,兵庫県神戸市
ＫＤＸ不動産投資法人,アーク森ビル,東京都港区
ＫＤＸ不動産投資法人,イリーゼ神戸六甲,兵庫県神戸市
ＫＤＸ不動産投資法人,イリーゼ練馬光が丘,東京都練馬区
ＫＤＸ不動産投資法人,イリーゼ蒲田・悠生苑,東京都大田区
ＫＤＸ不動産投資法人,イリーゼ西岡,北海道札幌市
ＫＤＸ不動産投資法人,イーアス高尾,東京都八王子市
ＫＤＸ不動産投資法人,ウニクス上里（底地）,埼玉県児玉郡
ＫＤＸ不動産投資法人,ウニクス伊奈,埼玉県北足立郡
ＫＤＸ不動産投資法人,ウニクス吉川,埼玉県吉川市
ＫＤＸ不動産投資法人,ウニクス浦和美園（底地）,埼玉県さいたま市
ＫＤＸ不動産投資法人,ウニクス鴻巣（底地）,埼玉県鴻巣市
ＫＤＸ不動産投資法人,エクセレント北野,京都府京都市
ＫＤＸ不動産投資法人,エクセレント宝塚ガーデンヒルズ,兵庫県宝塚市
ＫＤＸ不動産投資法人,エクセレント花屋敷ガーデンヒルズ,兵庫県宝塚市
ＫＤＸ不動産投資法人,エクセレント西宮,兵庫県西宮市
ＫＤＸ不動産投資法人,オオゼキときわ台店,東京都板橋区
ＫＤＸ不動産投資法人,オラージュ須磨,兵庫県神戸市
ＫＤＸ不動産投資法人,カスミテクノパーク桜店,茨城県つくば市
ＫＤＸ不動産投資法人,カネディアンヒル,兵庫県神戸市
ＫＤＸ不動産投資法人,カルサ平塚,神奈川県平塚市
ＫＤＸ不動産投資法人,キテラタウン福岡長浜,福岡県福岡市
ＫＤＸ不動産投資法人,キテラタウン調布,東京都調布市
ＫＤＸ不動産投資法人,キテラプラザ青葉台,神奈川県横浜市
ＫＤＸ不動産投資法人,グランヒルズおがわらこ,青森県上北郡
ＫＤＸ不動産投資法人,ケーズデンキ青森本店,青森県青森市
ＫＤＸ不動産投資法人,コストコホールセール札幌倉庫店,北海道札幌市
ＫＤＸ不動産投資法人,コスモハイム元住吉,神奈川県川崎市
ＫＤＸ不動産投資法人,コンフォートマーケット西馬込店,東京都大田区
ＫＤＸ不動産投資法人,コーナン新市店（底地）,広島県福山市
ＫＤＸ不動産投資法人,コープさっぽろ春光店,北海道旭川市
ＫＤＸ不動産投資法人,サニーライフ立川,東京都立川市
ＫＤＸ不動産投資法人,サニー野間店,福岡県福岡市
ＫＤＸ不動産投資法人,サンストリート浜北,静岡県浜松市
ＫＤＸ不動産投資法人,ジョイステージ八王子,東京都八王子市
ＫＤＸ不動産投資法人,スポーツクラブルネサンス富士見台,東京都練馬区
ＫＤＸ不動産投資法人,スーパースポーツゼビオ青森中央店,青森県青森市
ＫＤＸ不動産投資法人,スーパービバホーム岩槻店（底地）,埼玉県さいたま市
ＫＤＸ不動産投資法人,セレニテ北久宝寺,大阪府大阪市
ＫＤＸ不動産投資法人,セレニテ甲子園プリエ,兵庫県西宮市
ＫＤＸ不動産投資法人,セレニテ神戸元町,兵庫県神戸市
ＫＤＸ不動産投資法人,セレニテ西宮本町,兵庫県西宮市
ＫＤＸ不動産投資法人,セントラルウェルネスクラブ長津田みなみ台,神奈川県横浜市
ＫＤＸ不動産投資法人,ツクイ・サンシャイン町田,東京都町田市
ＫＤＸ不動産投資法人,ツクイ・サンシャイン足立,東京都足立区
ＫＤＸ不動産投資法人,デリア食品昭島配送センター（底地）,東京都昭島市
ＫＤＸ不動産投資法人,ニチイホームたまプラーザ,神奈川県川崎市
ＫＤＸ不動産投資法人,ニチイホーム中野南台,東京都中野区
ＫＤＸ不動産投資法人,ニチイホーム八幡山,東京都世田谷区
ＫＤＸ不動産投資法人,ニチイホーム碑文谷,東京都目黒区
ＫＤＸ不動産投資法人,バロー一宮西店,愛知県一宮市
ＫＤＸ不動産投資法人,バロー中志段味店（底地）,愛知県名古屋市
ＫＤＸ不動産投資法人,パサージオ西新井,東京都足立区
ＫＤＸ不動産投資法人,ピーワンプラザ天王,静岡県浜松市
ＫＤＸ不動産投資法人,ブルメールHAT神戸,兵庫県神戸市
ＫＤＸ不動産投資法人,ブルメール舞多聞,兵庫県神戸市
ＫＤＸ不動産投資法人,プリマハム近畿センター,大阪府大阪市
ＫＤＸ不動産投資法人,プレザングラン 大田多摩川,東京都大田区
ＫＤＸ不動産投資法人,ホテルJALシティ名古屋錦,愛知県名古屋市
ＫＤＸ不動産投資法人,ホテルリブマックス東京大塚駅前,東京都豊島区
ＫＤＸ不動産投資法人,ホテルリブマックス横浜駅西口,神奈川県横浜市
ＫＤＸ不動産投資法人,ホームセンターコーナン砂田橋店,愛知県名古屋市
ＫＤＸ不動産投資法人,ポルタス・センタービル,大阪府堺市
ＫＤＸ不動産投資法人,ミリオンタウン塚口（底地）,兵庫県尼崎市
ＫＤＸ不動産投資法人,メディカルホームグランダ苦楽園,兵庫県西宮市
ＫＤＸ不動産投資法人,メディカル・リハビリホームグランダ神戸北野,兵庫県神戸市
ＫＤＸ不動産投資法人,メラード大開,兵庫県神戸市
ＫＤＸ不動産投資法人,ヨロッカ春日井,愛知県春日井市
ＫＤＸ不動産投資法人,ヨークタウン北金目,神奈川県平塚市
ＫＤＸ不動産投資法人,ヨークタウン新田東,宮城県仙台市
ＫＤＸ不動産投資法人,ヨークマート東道野辺店,千葉県鎌ケ谷市
ＫＤＸ不動産投資法人,ライフシップ大麻,北海道江別市
ＫＤＸ不動産投資法人,ライフシップ深川,北海道深川市
ＫＤＸ不動産投資法人,ライフ亀戸店,東京都江東区
ＫＤＸ不動産投資法人,ライフ西天下茶屋店,大阪府大阪市
ＫＤＸ不動産投資法人,ライフ高殿店（底地）,大阪府大阪市
ＫＤＸ不動産投資法人,ラウンドワンスタジアム博多・半道橋店,福岡県福岡市
ＫＤＸ不動産投資法人,ラウンドワン市川鬼高店,千葉県市川市
ＫＤＸ不動産投資法人,ラフィネ南馬込,東京都大田区
ＫＤＸ不動産投資法人,リハビリホームグランダ 門戸厄神,兵庫県西宮市
ＫＤＸ不動産投資法人,リハビリホームボンセジュール南千束,東京都大田区
ＫＤＸ不動産投資法人,リバーシティ21イーストタワーズⅡ,東京都中央区
ＫＤＸ不動産投資法人,レム六本木ビル,東京都港区
ＫＤＸ不動産投資法人,ロココリハ,大阪府豊中市
ＫＤＸ不動産投資法人,ロゼオ水戸,茨城県水戸市
ＫＤＸ不動産投資法人,久留米西ショッピングセンター,福岡県久留米市
ＫＤＸ不動産投資法人,仲町台東急ストア,神奈川県横浜市
ＫＤＸ不動産投資法人,医療ケア対応型住宅・ナーシングホームレラ湯の川,北海道函館市
ＫＤＸ不動産投資法人,千葉北配送センター,千葉県千葉市
ＫＤＸ不動産投資法人,千里ライフサイエンスセンタービル,大阪府豊中市
ＫＤＸ不動産投資法人,天,北海道札幌市
ＫＤＸ不動産投資法人,天理配送センター,奈良県天理市
ＫＤＸ不動産投資法人,座間配送センター,神奈川県座間市
ＫＤＸ不動産投資法人,戸塚深谷ショッピングセンター（底地）,神奈川県横浜市
ＫＤＸ不動産投資法人,新大阪江坂 東急REIホテル,大阪府吹田市
ＫＤＸ不動産投資法人,新宿6丁目ビル（底地）,東京都新宿区
ＫＤＸ不動産投資法人,新宿サンエービル,東京都新宿区
ＫＤＸ不動産投資法人,新宿西落合配送センター,東京都新宿区
ＫＤＸ不動産投資法人,日本橋堀留町ファースト,東京都中央区
ＫＤＸ不動産投資法人,東松山ショッピングセンター,埼玉県東松山市
ＫＤＸ不動産投資法人,横浜上郷配送センター,神奈川県横浜市
ＫＤＸ不動産投資法人,武蔵嵐山配送センター,埼玉県比企郡
ＫＤＸ不動産投資法人,沖縄プリンスホテルオーシャンビューぎのわん,沖縄県宜野湾市
ＫＤＸ不動産投資法人,羽曳が丘ショッピングセンター,大阪府羽曳野市
ＫＤＸ不動産投資法人,芦屋ロイヤルホームズ,兵庫県芦屋市
ＫＤＸ不動産投資法人,行田配送センター,埼玉県行田市
ＫＤＸ不動産投資法人,西友楽市守谷店（底地）,茨城県守谷市
ＫＤＸ不動産投資法人,追浜配送センター,神奈川県横須賀市
ＫＤＸ不動産投資法人,銀座四丁目タワー,東京都中央区
ＫＤＸ不動産投資法人,飛栄九段北ビル,東京都千代田区
