reit_name,property_name,address,lat,lon,source
積水ハウス・リート投資法人,エスティメゾン銀座,東京都中央区銀座三丁目11番19号,,,https://www.sekisuihouse-reit.co.jp/ja/portfolio/
積水ハウス・リート投資法人,エスティメゾン麻布永坂,東京都港区六本木五丁目13番12号,,,https://www.sekisuihouse-reit.co.jp/ja/portfolio/
積水ハウス・リート投資法人,エスティメゾン恵比寿ll,東京都渋谷区東四丁目13番1号,,,https://www.sekisuihouse-reit.co.jp/ja/portfolio/
積水ハウス・リート投資法人,エスティメゾン神田,東京都千代田区神田多町二丁目3番4号,,,https://www.sekisuihouse-reit.co.jp/ja/portfolio/
積水ハウス・リート投資法人,エスティメゾン北新宿,東京都新宿区北新宿一丁目28番17号,,,https://www.sekisuihouse-reit.co.jp/ja/portfolio/
積水ハウス・リート投資法人,エスティメゾン浅草駒形,東京都台東区駒形一丁目10番9号,,,https://www.sekisuihouse-reit.co.jp/ja/portfolio/
積水ハウス・リート投資法人,エスティメゾン亀戸,東京都江東区亀戸六丁目57番11号,,,https://www.sekisuihouse-reit.co.jp/ja/portfolio/
積水ハウス・リート投資法人,エスティメゾン目黒,東京都目黒区三田二丁目10番12号,,,https://www.sekisuihouse-reit.co.jp/ja/portfolio/
積水ハウス・リート投資法人,エスティメゾン巣鴨,東京都豊島区巣鴨四丁目14番15号,,,https://www.sekisuihouse-reit.co.jp/ja/portfolio/
積水ハウス・リート投資法人,エスティメゾン白楽,神奈川県横浜市神奈川区六角橋一丁目18番19号,,,https://www.sekisuihouse-reit.co.jp/ja/portfolio/
積水ハウス・リート投資法人,エスティメゾン南堀江,大阪府大阪市西区南堀江二丁目12番10,,,https://www.sekisuihouse-reit.co.jp/ja/portfolio/
積水ハウス・リート投資法人,エスティメゾン五反田,東京都品川区西五反田七丁目7番2号,,,https://www.sekisuihouse-reit.co.jp/ja/portfolio/
積水ハウス・リート投資法人,エスティメゾン大井仙台坂,東京都品川区東大井五丁目9番10号,,,https://www.sekisuihouse-reit.co.jp/ja/portfolio/
積水ハウス・リート投資法人,エスティメゾン南麻布,東京都港区南麻布一丁目10番8号,,,https://www.sekisuihouse-reit.co.jp/ja/portfolio/
積水ハウス・リート投資法人,エスティメゾン川崎ll,神奈川県川崎市川崎区小川町12番4号,,,https://www.sekisuihouse-reit.co.jp/ja/portfolio/
積水ハウス・リート投資法人,エスティメゾン麻布十番,東京都港区麻布十番一丁目11番1号,,,https://www.sekisuihouse-reit.co.jp/ja/portfolio/
積水ハウス・リート投資法人,エスティメゾン武蔵小山,東京都品川区荏原三丁目1番7号,,,https://www.sekisuihouse-reit.co.jp/ja/portfolio/
積水ハウス・リート投資法人,エスティメゾン千駄木,東京都文京区千駄木三丁目49番1,,,https://www.sekisuihouse-reit.co.jp/ja/portfolio/
積水ハウス・リート投資法人,エスティメゾン博多東,福岡県福岡市博多区吉塚七丁目2番80,,,https://www.sekisuihouse-reit.co.jp/ja/portfolio/
積水ハウス・リート投資法人,プライムメゾン武蔵野の杜,東京都小平市上水本町五丁目15番3号,,,https://www.sekisuihouse-reit.co.jp/ja/portfolio/
積水ハウス・リート投資法人,プライムメゾン萱場公園,愛知県名古屋市千種区萱場二丁目7番13号,,,https://www.sekisuihouse-reit.co.jp/ja/portfolio/
積水ハウス・リート投資法人,エスティメゾン三軒茶屋ll,東京都世田谷区下馬三丁目11番6,,,https://www.sekisuihouse-reit.co.jp/ja/portfolio/
積水ハウス・リート投資法人,エスティメゾン板橋Ｃ６,東京都板橋区大山東町32番16,,,https://www.sekisuihouse-reit.co.jp/ja/portfolio/
積水ハウス・リート投資法人,シャーメゾンステージ博多,福岡県福岡市博多区博多駅前四丁目22番25,,,https://www.sekisuihouse-reit.co.jp/ja/portfolio/
積水ハウス・リート投資法人,エスティメゾン武蔵小金井,東京都小金井市本町二丁目6番5,,,https://www.sekisuihouse-reit.co.jp/ja/portfolio/
積水ハウス・リート投資法人,プライムメゾン御器所,愛知県名古屋市昭和区阿由知通二丁目17番地2,,,https://www.sekisuihouse-reit.co.jp/ja/portfolio/
積水ハウス・リート投資法人,プライムメゾン夕陽ヶ丘,大阪府大阪市天王寺区上汐五丁目4番13,,,https://www.sekisuihouse-reit.co.jp/ja/portfolio/
積水ハウス・リート投資法人,プライムメゾン北田辺,大阪府大阪市東住吉区北田辺四丁目9番17,,,https://www.sekisuihouse-reit.co.jp/ja/portfolio/
積水ハウス・リート投資法人,プライムメゾン百道浜,福岡県福岡市早良区百道浜三丁目9番1,,,https://www.sekisuihouse-reit.co.jp/ja/portfolio/
積水ハウス・リート投資法人,エスティメゾン秋葉原,東京都台東区上野三丁目4番2,,,https://www.sekisuihouse-reit.co.jp/ja/portfolio/
積水ハウス・リート投資法人,エスティメゾン笹塚,東京都渋谷区笹塚一丁目61番17,,,https://www.sekisuihouse-reit.co.jp/ja/portfolio/
積水ハウス・リート投資法人,プライムメゾン銀座イースト,東京都中央区築地一丁目2番1号,,,https://www.sekisuihouse-reit.co.jp/ja/portfolio/
積水ハウス・リート投資法人,プライムメゾン高見,愛知県名古屋市千種区高見二丁目6番7号,,,https://www.sekisuihouse-reit.co.jp/ja/portfolio/
積水ハウス・リート投資法人,プライムメゾン矢田南,愛知県名古屋市東区矢田南三丁目11番7号,,,https://www.sekisuihouse-reit.co.jp/ja/portfolio/
積水ハウス・リート投資法人,プライムメゾン照葉,福岡県福岡市東区香椎照葉一丁目3番7号,,,https://www.sekisuihouse-reit.co.jp/ja/portfolio/
積水ハウス・リート投資法人,エスティメゾン千石,東京都文京区千石四丁目6番17,,,https://www.sekisuihouse-reit.co.jp/ja/portfolio/
積水ハウス・リート投資法人,エスティメゾン代沢,東京都世田谷区代沢二丁目39番13,,,https://www.sekisuihouse-reit.co.jp/ja/portfolio/
積水ハウス・リート投資法人,エスティメゾン戸越,東京都品川区戸越一丁目25番5,,,https://www.sekisuihouse-reit.co.jp/ja/portfolio/
積水ハウス・リート投資法人,エスティメゾン西天満,大阪府大阪市北区西天満五丁目15番3,,,https://www.sekisuihouse-reit.co.jp/ja/portfolio/
積水ハウス・リート投資法人,エスティメゾン白金台,東京都品川区上大崎一丁目1番4,,,https://www.sekisuihouse-reit.co.jp/ja/portfolio/
積水ハウス・リート投資法人,エスティメゾン東新宿,東京都新宿区新宿六丁目22番5,,,https://www.sekisuihouse-reit.co.jp/ja/portfolio/
積水ハウス・リート投資法人,エスティメゾン元麻布,東京都港区元麻布三丁目6番6,,,https://www.sekisuihouse-reit.co.jp/ja/portfolio/
積水ハウス・リート投資法人,エスティメゾン都立大学,東京都目黒区平町二丁目7番17,,,https://www.sekisuihouse-reit.co.jp/ja/portfolio/
積水ハウス・リート投資法人,エスティメゾン武蔵小山ll,東京都品川区小山三丁目11番4,,,https://www.sekisuihouse-reit.co.jp/ja/portfolio/
積水ハウス・リート投資法人,エスティメゾン中野,東京都中野区中央五丁目48番2,,,https://www.sekisuihouse-reit.co.jp/ja/portfolio/
積水ハウス・リート投資法人,エスティメゾン新中野,東京都中野区本町六丁目10番7,,,https://www.sekisuihouse-reit.co.jp/ja/portfolio/
積水ハウス・リート投資法人,エスティメゾン中野富士見町,東京都中野区弥生町五丁目13番1,,,https://www.sekisuihouse-reit.co.jp/ja/portfolio/
積水ハウス・リート投資法人,エスティメゾン哲学堂,東京都中野区松が丘二丁目12番15,,,https://www.sekisuihouse-reit.co.jp/ja/portfolio/
積水ハウス・リート投資法人,エスティメゾン高円寺,東京都杉並区高円寺南五丁目25番26,,,https://www.sekisuihouse-reit.co.jp/ja/portfolio/
積水ハウス・リート投資法人,エスティメゾン押上,東京都墨田区業平五丁目11番5,,,https://www.sekisuihouse-reit.co.jp/ja/portfolio/
積水ハウス・リート投資法人,エスティメゾン赤羽,東京都北区赤羽二丁目39番5,,,https://www.sekisuihouse-reit.co.jp/ja/portfolio/
積水ハウス・リート投資法人,エスティメゾン王子,東京都北区王子二丁目25番8,,,https://www.sekisuihouse-reit.co.jp/ja/portfolio/
積水ハウス・リート投資法人,プライムメゾン早稲田,東京都新宿区早稲田鶴巻町544番地11,,,https://www.sekisuihouse-reit.co.jp/ja/portfolio/
積水ハウス・リート投資法人,プライムメゾン八丁堀,東京都中央区八丁堀四丁目11番9,,,https://www.sekisuihouse-reit.co.jp/ja/portfolio/
積水ハウス・リート投資法人,プライムメゾン神保町,東京都千代田区神田神保町一丁目50番地9,,,https://www.sekisuihouse-reit.co.jp/ja/portfolio/
積水ハウス・リート投資法人,プライムメゾン御殿山イースト,東京都品川区北品川六丁目6番33,,,https://www.sekisuihouse-reit.co.jp/ja/portfolio/
積水ハウス・リート投資法人,シャーメゾンステージ秋葉原,東京都千代田区神田佐久間河岸50番地6,,,https://www.sekisuihouse-reit.co.jp/ja/portfolio/
積水ハウス・リート投資法人,エスティメゾン薬院,福岡県福岡市中央区平尾一丁目13番8号,,,https://www.sekisuihouse-reit.co.jp/ja/portfolio/
積水ハウス・リート投資法人,エスティメゾン錦糸町ll,東京都墨田区江東橋三丁目5番19,,,https://www.sekisuihouse-reit.co.jp/ja/portfolio/
積水ハウス・リート投資法人,エスティメゾン大島,東京都江東区大島五丁目32番5,,,https://www.sekisuihouse-reit.co.jp/ja/portfolio/
積水ハウス・リート投資法人,プライムメゾン富士見台,愛知県名古屋市千種区富士見台一丁目25番地,,,https://www.sekisuihouse-reit.co.jp/ja/portfolio/
積水ハウス・リート投資法人,エスティメゾン鶴舞,愛知県名古屋市中区千代田二丁目20番1号,,,https://www.sekisuihouse-reit.co.jp/ja/portfolio/
積水ハウス・リート投資法人,プライムメゾン森下,東京都江東区森下三丁目6番4,,,https://www.sekisuihouse-reit.co.jp/ja/portfolio/
積水ハウス・リート投資法人,プライムメゾン品川,東京都品川区北品川一丁目3番16号,,,https://www.sekisuihouse-reit.co.jp/ja/portfolio/
積水ハウス・リート投資法人,プライムメゾン大通公園,北海道札幌市中央区大通西六丁目5番地2,,,https://www.sekisuihouse-reit.co.jp/ja/portfolio/
積水ハウス・リート投資法人,プライムメゾン南２条,北海道札幌市中央区南二条西九丁目1番地1,,,https://www.sekisuihouse-reit.co.jp/ja/portfolio/
積水ハウス・リート投資法人,プライムメゾン鴨々川,北海道札幌市中央区南七条西一丁目6番地1,,,https://www.sekisuihouse-reit.co.jp/ja/portfolio/
積水ハウス・リート投資法人,プライムメゾンセントラルパーク,福岡県福岡市東区香椎照葉四丁目2番5,,,https://www.sekisuihouse-reit.co.jp/ja/portfolio/
積水ハウス・リート投資法人,シャーメゾンステージ八広,東京都墨田区八広五丁目30番10号,,,https://www.sekisuihouse-reit.co.jp/ja/portfolio/
積水ハウス・リート投資法人,プライムメゾン恵比寿,東京都渋谷区恵比寿一丁目22番19号,,,https://www.sekisuihouse-reit.co.jp/ja/portfolio/
積水ハウス・リート投資法人,シャーメゾンステージ日野,東京都日野市新町一丁目19番地3,,,https://www.sekisuihouse-reit.co.jp/ja/portfolio/
積水ハウス・リート投資法人,プライムメゾン横濱日本大通,神奈川県横浜市中区本町一丁目4番地他,,,https://www.sekisuihouse-reit.co.jp/ja/portfolio/
積水ハウス・リート投資法人,神戸女子学生会館,兵庫県神戸市東灘区向洋町中七丁目1番地6,,,https://www.sekisuihouse-reit.co.jp/ja/portfolio/
積水ハウス・リート投資法人,プライムメゾン渋谷,東京都渋谷区渋谷三丁目10番4号,,,https://www.sekisuihouse-reit.co.jp/ja/portfolio/
積水ハウス・リート投資法人,プライムメゾン初台,東京都渋谷区初台一丁目45番2号,,,https://www.sekisuihouse-reit.co.jp/ja/portfolio/
積水ハウス・リート投資法人,エスティメゾン上町台,大阪府大阪市中央区上本町西一丁目1番16,,,https://www.sekisuihouse-reit.co.jp/ja/portfolio/
積水ハウス・リート投資法人,プライムメゾン白金高輪,東京都港区三田四丁目7番26,,,https://www.sekisuihouse-reit.co.jp/ja/portfolio/
積水ハウス・リート投資法人,プライムメゾン市谷山伏町,東京都新宿区市谷山伏町2番5,,,https://www.sekisuihouse-reit.co.jp/ja/portfolio/
積水ハウス・リート投資法人,エスティメゾン森下,東京都墨田区菊川一丁目13番11,,,https://www.sekisuihouse-reit.co.jp/ja/portfolio/
積水ハウス・リート投資法人,プライムメゾン白金台タワー,東京都品川区上大崎一丁目1番17号,,,https://www.sekisuihouse-reit.co.jp/ja/portfolio/
積水ハウス・リート投資法人,プライムメゾン大塚,東京都豊島区北大塚一丁目15番1号,,,https://www.sekisuihouse-reit.co.jp/ja/portfolio/
積水ハウス・リート投資法人,プライムメゾン浅草橋,東京都台東区柳橋二丁目21番8号,,,https://www.sekisuihouse-reit.co.jp/ja/portfolio/
積水ハウス・リート投資法人,プライムメゾン代官山,東京都目黒区青葉台一丁目9番6号,,,https://www.sekisuihouse-reit.co.jp/ja/portfolio/
積水ハウス・リート投資法人,プライムメゾン御殿山ウエスト,東京都品川区北品川六丁目5番8号,,,https://www.sekisuihouse-reit.co.jp/ja/portfolio/
積水ハウス・リート投資法人,エスティメゾン豊洲レジデンス,東京都江東区豊洲三丁目5番3,,,https://www.sekisuihouse-reit.co.jp/ja/portfolio/
積水ハウス・リート投資法人,御殿山ＳＨビル,東京都品川区北品川六丁目5番17号,,,https://www.sekisuihouse-reit.co.jp/ja/portfolio/
積水ハウス・リート投資法人,本町南ガーデンシティ,大阪府大阪市中央区北久宝寺町三丁目6番1号,,,https://www.sekisuihouse-reit.co.jp/ja/portfolio/
積水ハウス・リート投資法人,ＨＫ淀屋橋ガーデンアベニュー,大阪府大阪市中央区伏見町四丁目3番9号,,,https://www.sekisuihouse-reit.co.jp/ja/portfolio/
積水ハウス・リート投資法人,広小路ガーデンアベニュー,愛知県名古屋市中村区名駅四丁目24番16号,,,https://www.sekisuihouse-reit.co.jp/ja/portfolio/
積水ハウス・リート投資法人,エスティメゾン井尻,福岡県福岡市南区井尻四丁目3番13,,,https://www.sekisuihouse-reit.co.jp/ja/portfolio/
積水ハウス・リート投資法人,プライムメゾン三田綱町,東京都港区三田二丁目1番41号,,,https://www.sekisuihouse-reit.co.jp/ja/portfolio/
積水ハウス・リート投資法人,プライムメゾン本郷,東京都文京区本郷四丁目14番10,,,https://www.sekisuihouse-reit.co.jp/ja/portfolio/
積水ハウス・リート投資法人,プライムメゾン蔵前,東京都台東区蔵前四丁目18番18,,,https://www.sekisuihouse-reit.co.jp/ja/portfolio/
積水ハウス・リート投資法人,エスティメゾン横浜青葉台,神奈川県横浜市青葉区青葉台二丁目28番地1他,,,https://www.sekisuihouse-reit.co.jp/ja/portfolio/
積水ハウス・リート投資法人,シャーメゾンステージ広瀬通,宮城県仙台市青葉区立町2番14号,,,https://www.sekisuihouse-reit.co.jp/ja/portfolio/
積水ハウス・リート投資法人,エスティメゾン萱場,愛知県名古屋市千種区萱場二丁目16番17号,,,https://www.sekisuihouse-reit.co.jp/ja/portfolio/
積水ハウス・リート投資法人,エスティメゾン白壁南,愛知県名古屋市東区橦木町三丁目70番,,,https://www.sekisuihouse-reit.co.jp/ja/portfolio/
積水ハウス・リート投資法人,プライムメゾン下北沢,東京都世田谷区代沢五丁目4番18号,,,https://www.sekisuihouse-reit.co.jp/ja/portfolio/
積水ハウス・リート投資法人,プライムメゾン目黒,東京都目黒区三田二丁目10番39号,,,https://www.sekisuihouse-reit.co.jp/ja/portfolio/
積水ハウス・リート投資法人,プライムメゾン両国,東京都墨田区亀沢二丁目14番8号,,,https://www.sekisuihouse-reit.co.jp/ja/portfolio/
積水ハウス・リート投資法人,プライムメゾン中目黒,東京都目黒区中目黒四丁目8番25号,,,https://www.sekisuihouse-reit.co.jp/ja/portfolio/
積水ハウス・リート投資法人,プライムメゾン板橋,東京都板橋区板橋三丁目1番8号,,,https://www.sekisuihouse-reit.co.jp/ja/portfolio/
積水ハウス・リート投資法人,プライムメゾン江古田の杜,東京都中野区江古田三丁目14番1~5号,,,https://www.sekisuihouse-reit.co.jp/ja/portfolio/
積水ハウス・リート投資法人,プライムメゾン早稲田通り,東京都新宿区早稲田町79番2,,,https://www.sekisuihouse-reit.co.jp/ja/portfolio/
積水ハウス・リート投資法人,エスティメゾン登戸,神奈川県川崎市多摩区登戸新町364番,,,https://www.sekisuihouse-reit.co.jp/ja/portfolio/
積水ハウス・リート投資法人,新宿ヒロセビル,東京都新宿区四谷四丁目7番1号,,,https://www.sekisuihouse-reit.co.jp/ja/portfolio/
積水ハウス・リート投資法人,エスティメゾン大森,東京都大田区大森北一丁目15番6,,,https://www.sekisuihouse-reit.co.jp/ja/portfolio/
積水ハウス・リート投資法人,エスティメゾン門前仲町,東京都江東区富岡二丁目9番9,,,https://www.sekisuihouse-reit.co.jp/ja/portfolio/
積水ハウス・リート投資法人,エスティメゾン赤羽Ⅱ,東京都北区赤羽一丁目28番8,,,https://www.sekisuihouse-reit.co.jp/ja/portfolio/
積水ハウス・リート投資法人,プライムメゾン湯島,東京都文京区湯島三丁目20番12号,,,https://www.sekisuihouse-reit.co.jp/ja/portfolio/
積水ハウス・リート投資法人,プライムメゾン中野坂上,東京都中野区中央二丁目8番22号,,,https://www.sekisuihouse-reit.co.jp/ja/portfolio/
積水ハウス・リート投資法人,プライムメゾン方南町,東京都中野区弥生町六丁目10番12号,,,https://www.sekisuihouse-reit.co.jp/ja/portfolio/
積水ハウス・リート投資法人,プライムメゾン門前仲町,東京都江東区門前仲町一丁目6番6号,,,https://www.sekisuihouse-reit.co.jp/ja/portfolio/
積水ハウス・リート投資法人,プライムメゾン西早稲田,東京都新宿区西早稲田三丁目26番14号,,,https://www.sekisuihouse-reit.co.jp/ja/portfolio/
積水ハウス・リート投資法人,プライムメゾン浅草イースト,東京都墨田区本所二丁目16番2号,,,https://www.sekisuihouse-reit.co.jp/ja/portfolio/
積水ハウス・リート投資法人,プライムメゾン桜新町,東京都世田谷区用賀三丁目3番20号,,,https://www.sekisuihouse-reit.co.jp/ja/portfolio/
積水ハウス・リート投資法人,ザ アイビー オン ボーレン,"2019BorenAvenue,Seattle,Washington",,,https://www.sekisuihouse-reit.co.jp/ja/portfolio/
積水ハウス・リート投資法人,エスティメゾン南行徳,千葉県市川市相之川三丁目11番11号,,,https://www.sekisuihouse-reit.co.jp/ja/portfolio/
積水ハウス・リート投資法人,プライムメゾン森下ウエスト,東京都江東区新大橋一丁目3番11号,,,https://www.sekisuihouse-reit.co.jp/ja/portfolio/
積水ハウス・リート投資法人,プライムメゾン横浜ウエスト,神奈川県横浜市西区南幸二丁目11番9,,,https://www.sekisuihouse-reit.co.jp/ja/portfolio/
積水ハウス・リート投資法人,エスティメゾン妙典,千葉県市川市妙典五丁目4番26号,,,https://www.sekisuihouse-reit.co.jp/ja/portfolio/
積水ハウス・リート投資法人,エスティメゾン浦和,埼玉県さいたま市浦和区仲町一丁目16番7号,,,https://www.sekisuihouse-reit.co.jp/ja/portfolio/
積水ハウス・リート投資法人,シティ リッジ,"5RidgeSquareNW,WashingtonD.C.(ザコテリー),20RidgeSquareNW,WashingtonD.C.(クレシェンドノース及びクレシェンドサウス)and30RidgeSquareNW,WashingtonD.C.(ザブランチズ及びボタニカ)",,,https://www.sekisuihouse-reit.co.jp/ja/portfolio/
積水ハウス・リート投資法人,エスティメゾン西横浜,神奈川県横浜市西区南浅間町23番4,,,https://www.sekisuihouse-reit.co.jp/ja/portfolio/
積水ハウス・リート投資法人,エスティメゾン大塚,東京都豊島区西巣鴨一丁目3番4号,,,https://www.sekisuihouse-reit.co.jp/ja/portfolio/
積水ハウス・リート投資法人,エスティメゾン浦和Ⅱ,埼玉県さいたま市浦和区常盤一丁目5番23号,,,https://www.sekisuihouse-reit.co.jp/ja/portfolio/
積水ハウス・リート投資法人,エスティメゾン川越,埼玉県川越市中原町一丁目5番地6,,,https://www.sekisuihouse-reit.co.jp/ja/portfolio/
積水ハウス・リート投資法人,エスティメゾン八潮,埼玉県八潮市茜町一丁目11番14,,,https://www.sekisuihouse-reit.co.jp/ja/portfolio/
積水ハウス・リート投資法人,エスティメゾン川崎ウエスト,神奈川県川崎市幸区柳町13番4,,,https://www.sekisuihouse-reit.co.jp/ja/portfolio/
積水ハウス・リート投資法人,プライムメゾン用賀砧公園,東京都世田谷区瀬田五丁目39番20号,,,https://www.sekisuihouse-reit.co.jp/ja/portfolio/
積水ハウス・リート投資法人,プライムメゾン蒲田,東京都大田区西蒲田八丁目21番3,,,https://www.sekisuihouse-reit.co.jp/ja/portfolio/
積水ハウス・リート投資法人,プライムメゾン千葉新町,千葉県千葉市中央区新町24番1,,,https://www.sekisuihouse-reit.co.jp/ja/portfolio/
積水ハウス・リート投資法人,プライムメゾン入谷,東京都台東区入谷一丁目18番7,,,https://www.sekisuihouse-reit.co.jp/ja/portfolio/
積水ハウス・リート投資法人,プライムメゾン清澄白河,東京都江東区平野二丁目2番29,,,https://www.sekisuihouse-reit.co.jp/ja/portfolio/
積水ハウス・リート投資法人,プライムメゾン日本橋馬喰町,東京都中央区日本橋馬喰町二丁目4番3,,,https://www.sekisuihouse-reit.co.jp/ja/portfolio/
積水ハウス・リート投資法人,プライムメゾン清澄リバーフロント,東京都江東区清澄二丁目15番4,,,https://www.sekisuihouse-reit.co.jp/ja/portfolio/
積水ハウス・リート投資法人,エスティメゾン川口,埼玉県川口市本町四丁目7番24,,,https://www.sekisuihouse-reit.co.jp/ja/portfolio/
積水ハウス・リート投資法人,エスティメゾン川崎本町,神奈川県川崎市川崎区本町二丁目10番10,,,https://www.sekisuihouse-reit.co.jp/ja/portfolio/
積水ハウス・リート投資法人,プライムメゾン錦糸町,東京都墨田区江東橋四丁目8番12,,,https://www.sekisuihouse-reit.co.jp/ja/portfolio/
ＫＤＸ不動産投資法人,KDX東茅場町三洋ビル,東京都中央区新川一丁目17番25号,,,https://www.kdx-reit.com/ja/portfolio/
ＫＤＸ不動産投資法人,KDX八丁堀ビル,東京都中央区八丁堀四丁目5番8号,,,https://www.kdx-reit.com/ja/portfolio/
ＫＤＸ不動産投資法人,KDX中野坂上ビル,東京都中野区本町三丁目30番4号,,,https://www.kdx-reit.com/ja/portfolio/
ＫＤＸ不動産投資法人,KDX南青山ビル,東京都港区南青山五丁目13番3号,,,https://www.kdx-reit.com/ja/portfolio/
ＫＤＸ不動産投資法人,KDX神田北口ビル,東京都千代田区神田鍛冶町三丁目5番地8,,,https://www.kdx-reit.com/ja/portfolio/
ＫＤＸ不動産投資法人,KDX代々木ビル,東京都渋谷区代々木一丁目38番5号,,,https://www.kdx-reit.com/ja/portfolio/
ＫＤＸ不動産投資法人,KDX麹町ビル,東京都千代田区麹町三丁目3番地4,,,https://www.kdx-reit.com/ja/portfolio/
ＫＤＸ不動産投資法人,KDX船橋ビル,千葉県船橋市本町七丁目11番5号,,,https://www.kdx-reit.com/ja/portfolio/
ＫＤＸ不動産投資法人,KDX横浜リバーサイド,神奈川県横浜市西区南幸二丁目20番5号,,,https://www.kdx-reit.com/ja/portfolio/
ＫＤＸ不動産投資法人,KDX恵比寿ビル,東京都渋谷区恵比寿四丁目3番8号,,,https://www.kdx-reit.com/ja/portfolio/
ＫＤＸ不動産投資法人,KDX新橋ビル,東京都港区新橋二丁目2番9号,,,https://www.kdx-reit.com/ja/portfolio/
ＫＤＸ不動産投資法人,KDX浜松町ビル,東京都港区浜松町二丁目7番19号,,,https://www.kdx-reit.com/ja/portfolio/
ＫＤＸ不動産投資法人,KDX茅場町ビル,東京都中央区日本橋茅場町三丁目4番2号,,,https://www.kdx-reit.com/ja/portfolio/
ＫＤＸ不動産投資法人,KDX新横浜ビル,神奈川県横浜市港北区新横浜二丁目3番地8,,,https://www.kdx-reit.com/ja/portfolio/
ＫＤＸ不動産投資法人,KDX鍛冶町ビル,東京都千代田区神田鍛冶町三丁目5番地2,,,https://www.kdx-reit.com/ja/portfolio/
ＫＤＸ不動産投資法人,KDX東新宿ビル,東京都新宿区歌舞伎町二丁目4番10号,,,https://www.kdx-reit.com/ja/portfolio/
ＫＤＸ不動産投資法人,KDX西五反田ビル,東京都品川区西五反田七丁目20番9号,,,https://www.kdx-reit.com/ja/portfolio/
ＫＤＸ不動産投資法人,KDX芝大門ビル,東京都港区芝大門二丁目10番12号,,,https://www.kdx-reit.com/ja/portfolio/
ＫＤＸ不動産投資法人,KDX御徒町ビル,東京都台東区上野五丁目24番16号,,,https://www.kdx-reit.com/ja/portfolio/
ＫＤＸ不動産投資法人,KDX八王子ビル,東京都八王子市旭町12番7号,,,https://www.kdx-reit.com/ja/portfolio/
ＫＤＸ不動産投資法人,KDX御茶ノ水ビル,東京都千代田区神田駿河台二丁目9番地,,,https://www.kdx-reit.com/ja/portfolio/
ＫＤＸ不動産投資法人,KDX西新宿ビル,東京都新宿区西新宿七丁目22番45号,,,https://www.kdx-reit.com/ja/portfolio/
ＫＤＸ不動産投資法人,飛栄九段北ビル,東京都千代田区九段北四丁目1番3号,,,https://www.kdx-reit.com/ja/portfolio/
ＫＤＸ不動産投資法人,KDX浜町中ノ橋ビル,東京都中央区日本橋蛎殻町二丁目14番5号,,,https://www.kdx-reit.com/ja/portfolio/
ＫＤＸ不動産投資法人,KDX神保町ビル,東京都千代田区神田神保町一丁目14番地1,,,https://www.kdx-reit.com/ja/portfolio/
ＫＤＸ不動産投資法人,KDX晴海ビル,東京都中央区晴海三丁目12番1号,,,https://www.kdx-reit.com/ja/portfolio/
ＫＤＸ不動産投資法人,KDX文京小石川ビル,東京都文京区小石川一丁目12番16号,,,https://www.kdx-reit.com/ja/portfolio/
ＫＤＸ不動産投資法人,KDX五反田ビル,東京都品川区西五反田七丁目9番2号,,,https://www.kdx-reit.com/ja/portfolio/
ＫＤＸ不動産投資法人,KDX日本橋216ビル ,東京都中央区日本橋二丁目16番2号,,,https://www.kdx-reit.com/ja/portfolio/
ＫＤＸ不動産投資法人,KDX新宿ビル,東京都新宿区西新宿三丁目2番7号,,,https://www.kdx-reit.com/ja/portfolio/
ＫＤＸ不動産投資法人,KDX銀座一丁目ビル,東京都中央区銀座一丁目20番14号,,,https://www.kdx-reit.com/ja/portfolio/
ＫＤＸ不動産投資法人,KDX飯田橋ビル,東京都新宿区下宮比町2番26号,,,https://www.kdx-reit.com/ja/portfolio/
ＫＤＸ不動産投資法人,KDX箱崎ビル,東京都中央区日本橋箱崎町41番12号,,,https://www.kdx-reit.com/ja/portfolio/
ＫＤＸ不動産投資法人,KDX立川駅前ビル,東京都立川市曙町二丁目12番18号,,,https://www.kdx-reit.com/ja/portfolio/
ＫＤＸ不動産投資法人,KDX府中ビル,東京都府中市宮町一丁目40番地,,,https://www.kdx-reit.com/ja/portfolio/
ＫＤＸ不動産投資法人,KDX春日ビル,東京都文京区西片一丁目15番15号,,,https://www.kdx-reit.com/ja/portfolio/
ＫＤＸ不動産投資法人,KDX中目黒ビル,東京都目黒区東山一丁目5番4号,,,https://www.kdx-reit.com/ja/portfolio/
ＫＤＸ不動産投資法人,KDX大宮ビル,埼玉県さいたま市大宮区宮町一丁目38番地1,,,https://www.kdx-reit.com/ja/portfolio/
ＫＤＸ不動産投資法人,日本橋堀留町ファースト,東京都中央区日本橋堀留町一丁目2番10号,,,https://www.kdx-reit.com/ja/portfolio/
ＫＤＸ不動産投資法人,KDX新宿六丁目ビル,東京都新宿区新宿六丁目24番20号,,,https://www.kdx-reit.com/ja/portfolio/
ＫＤＸ不動産投資法人,KDX池袋ビル,東京都豊島区池袋二丁目6番1号,,,https://www.kdx-reit.com/ja/portfolio/
ＫＤＸ不動産投資法人,KDX三田ビル,東京都港区芝三丁目43番16号,,,https://www.kdx-reit.com/ja/portfolio/
ＫＤＸ不動産投資法人,KDX高輪台ビル,東京都港区高輪三丁目5番23号,,,https://www.kdx-reit.com/ja/portfolio/
ＫＤＸ不動産投資法人,KDX秋葉原ビル,東京都千代田区神田岩本町1番地14,,,https://www.kdx-reit.com/ja/portfolio/
ＫＤＸ不動産投資法人,KDX飯田橋スクエア,東京都新宿区新小川町4番1号,,,https://www.kdx-reit.com/ja/portfolio/
ＫＤＸ不動産投資法人,KDX武蔵小杉ビル,神奈川県川崎市中原区新丸子東三丁目1200番地,,,https://www.kdx-reit.com/ja/portfolio/
ＫＤＸ不動産投資法人,新宿6丁目ビル（底地）,東京都新宿区新宿六丁目278番1,,,https://www.kdx-reit.com/ja/portfolio/
ＫＤＸ不動産投資法人,KDX豊洲グランスクエア,東京都江東区東雲一丁目7番12号,,,https://www.kdx-reit.com/ja/portfolio/
ＫＤＸ不動産投資法人,KDX高田馬場ビル,東京都豊島区高田三丁目14番29号,,,https://www.kdx-reit.com/ja/portfolio/
ＫＤＸ不動産投資法人,KDX池袋ウエストビル,東京都豊島区池袋二丁目53番5号,,,https://www.kdx-reit.com/ja/portfolio/
ＫＤＸ不動産投資法人,KDX横浜ビル,神奈川県横浜市神奈川区栄町1番地1,,,https://www.kdx-reit.com/ja/portfolio/
ＫＤＸ不動産投資法人,KDX横浜西口ビル,神奈川県横浜市西区北幸二丁目10番36号,,,https://www.kdx-reit.com/ja/portfolio/
ＫＤＸ不動産投資法人,KDX銀座イーストビル,東京都中央区入船三丁目7番2号,,,https://www.kdx-reit.com/ja/portfolio/
ＫＤＸ不動産投資法人,ぺんてるビル,東京都中央区日本橋小網町7番2号,,,https://www.kdx-reit.com/ja/portfolio/
ＫＤＸ不動産投資法人,KDX浜松町センタービル,東京都港区浜松町一丁目22番5号,,,https://www.kdx-reit.com/ja/portfolio/
ＫＤＸ不動産投資法人,KDX虎ノ門一丁目ビル,東京都港区虎ノ門一丁目10番5号,,,https://www.kdx-reit.com/ja/portfolio/
ＫＤＸ不動産投資法人,KDX新日本橋駅前ビル,東京都中央区日本橋本町四丁目8番16号,,,https://www.kdx-reit.com/ja/portfolio/
ＫＤＸ不動産投資法人,アーク森ビル,東京都港区赤坂一丁目12番32号,,,https://www.kdx-reit.com/ja/portfolio/
ＫＤＸ不動産投資法人,KDX西新橋ビル,東京都港区西新橋三丁目3番1号,,,https://www.kdx-reit.com/ja/portfolio/
ＫＤＸ不動産投資法人,BR五反田,東京都品川区西五反田二丁目30番4号,,,https://www.kdx-reit.com/ja/portfolio/
ＫＤＸ不動産投資法人,KDX渋谷南平台ビル,東京都渋谷区南平台町17番17号,,,https://www.kdx-reit.com/ja/portfolio/
ＫＤＸ不動産投資法人,KDX横浜みなとみらいタワー,神奈川県横浜市西区みなとみらい三丁目3番1号,,,https://www.kdx-reit.com/ja/portfolio/
ＫＤＸ不動産投資法人,KDX横浜関内ビル,神奈川県横浜市中区相生町三丁目56番地1,,,https://www.kdx-reit.com/ja/portfolio/
ＫＤＸ不動産投資法人,KDX浜松町プレイス,東京都港区芝公園一丁目7番6号,,,https://www.kdx-reit.com/ja/portfolio/
ＫＤＸ不動産投資法人,KDX調布ビル,東京都調布市調布ケ丘一丁目18番地1,,,https://www.kdx-reit.com/ja/portfolio/
ＫＤＸ不動産投資法人,KDX神田駅前ビル,東京都千代田区神田鍛冶町三丁目7番地4,,,https://www.kdx-reit.com/ja/portfolio/
ＫＤＸ不動産投資法人,KDX新橋駅前ビル,東京都港区新橋一丁目9番5号,,,https://www.kdx-reit.com/ja/portfolio/
ＫＤＸ不動産投資法人,KDX江戸橋ビル,東京都中央区日本橋本町一丁目7番2号,,,https://www.kdx-reit.com/ja/portfolio/
ＫＤＸ不動産投資法人,ポルタス・センタービル,大阪府堺市堺区戎島町四丁45番地1,,,https://www.kdx-reit.com/ja/portfolio/
ＫＤＸ不動産投資法人,KDX烏丸ビル,京都府京都市中京区三条通烏丸西入御倉町85番地1,,,https://www.kdx-reit.com/ja/portfolio/
ＫＤＸ不動産投資法人,KDX仙台ビル,宮城県仙台市青葉区本町一丁目2番20号,,,https://www.kdx-reit.com/ja/portfolio/
ＫＤＸ不動産投資法人,KDX博多南ビル,福岡県福岡市博多区博多駅南一丁目3番11号,,,https://www.kdx-reit.com/ja/portfolio/
ＫＤＸ不動産投資法人,KDX小林道修町ビル,大阪府大阪市中央区道修町四丁目4番10号,,,https://www.kdx-reit.com/ja/portfolio/
ＫＤＸ不動産投資法人,KDX札幌ビル,北海道札幌市北区北七条西四丁目1番地2,,,https://www.kdx-reit.com/ja/portfolio/
ＫＤＸ不動産投資法人,KDX名古屋駅前ビル,愛知県名古屋市中村区名駅三丁目26番8号,,,https://www.kdx-reit.com/ja/portfolio/
ＫＤＸ不動産投資法人,KDX東梅田ビル,大阪府大阪市北区曽根崎二丁目2番15号,,,https://www.kdx-reit.com/ja/portfolio/
ＫＤＸ不動産投資法人,KDX広島ビル,広島県広島市南区金屋町2番15号,,,https://www.kdx-reit.com/ja/portfolio/
ＫＤＸ不動産投資法人,千里ライフサイエンスセンタービル,大阪府豊中市新千里東町一丁目4番2号,,,https://www.kdx-reit.com/ja/portfolio/
ＫＤＸ不動産投資法人,KDX南本町ビル,大阪府大阪市中央区南本町二丁目3番8号,,,https://www.kdx-reit.com/ja/portfolio/
ＫＤＸ不動産投資法人,KDX桜通ビル,愛知県名古屋市中区丸の内三丁目20番17号,,,https://www.kdx-reit.com/ja/portfolio/
ＫＤＸ不動産投資法人,KDX新大阪ビル,大阪府大阪市淀川区宮原四丁目1番4号,,,https://www.kdx-reit.com/ja/portfolio/
ＫＤＸ不動産投資法人,KDX名古屋日銀前ビル,愛知県名古屋市中区錦一丁目4番16号,,,https://www.kdx-reit.com/ja/portfolio/
ＫＤＸ不動産投資法人,KDX札幌北口ビル,北海道札幌市北区北七条西四丁目17番地1,,,https://www.kdx-reit.com/ja/portfolio/
ＫＤＸ不動産投資法人,KDX土佐堀ビル,大阪府大阪市西区土佐堀一丁目5番11号,,,https://www.kdx-reit.com/ja/portfolio/
ＫＤＸ不動産投資法人,KDX仙台本町ビル,宮城県仙台市青葉区本町二丁目3番10号,,,https://www.kdx-reit.com/ja/portfolio/
ＫＤＸ不動産投資法人,KDX神戸ビル,兵庫県神戸市中央区磯上通四丁目1番6号,,,https://www.kdx-reit.com/ja/portfolio/
ＫＤＸ不動産投資法人,KDX代官山レジデンス,東京都渋谷区猿楽町7番1号,,,https://www.kdx-reit.com/ja/portfolio/
ＫＤＸ不動産投資法人,KDX志村坂上レジデンス,東京都板橋区東坂下一丁目16番5号,,,https://www.kdx-reit.com/ja/portfolio/
ＫＤＸ不動産投資法人,KDX大伝馬レジデンス,東京都中央区日本橋大伝馬町3番10号,,,https://www.kdx-reit.com/ja/portfolio/
ＫＤＸ不動産投資法人,KDX文京千石レジデンス,東京都文京区本駒込六丁目3番2号,,,https://www.kdx-reit.com/ja/portfolio/
ＫＤＸ不動産投資法人,KDX千葉中央レジデンス,千葉県千葉市中央区新田町2番17号,,,https://www.kdx-reit.com/ja/portfolio/
ＫＤＸ不動産投資法人,KDX川口幸町レジデンス,埼玉県川口市幸町二丁目14番24号,,,https://www.kdx-reit.com/ja/portfolio/
ＫＤＸ不動産投資法人,KDX岩本町レジデンス,東京都千代田区岩本町二丁目16番12号,,,https://www.kdx-reit.com/ja/portfolio/
ＫＤＸ不動産投資法人,KDX吾妻橋レジデンス,東京都墨田区吾妻橋一丁目9番8号,,,https://www.kdx-reit.com/ja/portfolio/
ＫＤＸ不動産投資法人,KDXレジデンス東新宿,東京都新宿区大久保二丁目1番9号,,,https://www.kdx-reit.com/ja/portfolio/
ＫＤＸ不動産投資法人,KDXレジデンス日本橋水天宮,東京都中央区日本橋箱崎町41番6号,,,https://www.kdx-reit.com/ja/portfolio/
ＫＤＸ不動産投資法人,KDXレジデンス白金I,東京都港区白金台四丁目7番8号,,,https://www.kdx-reit.com/ja/portfolio/
ＫＤＸ不動産投資法人,KDXレジデンス白金II,東京都港区白金台四丁目8番7号,,,https://www.kdx-reit.com/ja/portfolio/
ＫＤＸ不動産投資法人,KDXレジデンス四谷,東京都新宿区荒木町22番地50,,,https://www.kdx-reit.com/ja/portfolio/
ＫＤＸ不動産投資法人,KDXレジデンス南麻布,東京都港区南麻布二丁目3番22号,,,https://www.kdx-reit.com/ja/portfolio/
ＫＤＸ不動産投資法人,KDXレジデンス南青山,東京都港区南青山三丁目4番8号,,,https://www.kdx-reit.com/ja/portfolio/
ＫＤＸ不動産投資法人,KDXレジデンス芝公園,東京都港区芝三丁目4番16号,,,https://www.kdx-reit.com/ja/portfolio/
ＫＤＸ不動産投資法人,KDXレジデンス町田,神奈川県相模原市南区上鶴間本町三丁目13番32号,,,https://www.kdx-reit.com/ja/portfolio/
ＫＤＸ不動産投資法人,KDXレジデンス麻布イースト,東京都港区東麻布一丁目25番2号,,,https://www.kdx-reit.com/ja/portfolio/
ＫＤＸ不動産投資法人,KDXレジデンス西原,東京都渋谷区西原一丁目37番4号,,,https://www.kdx-reit.com/ja/portfolio/
ＫＤＸ不動産投資法人,KDXレジデンス二子玉川,東京都世田谷区瀬田二丁目31番29号,,,https://www.kdx-reit.com/ja/portfolio/
ＫＤＸ不動産投資法人,KDXレジデンス西新宿,東京都新宿区西新宿七丁目18番15号,,,https://www.kdx-reit.com/ja/portfolio/
ＫＤＸ不動産投資法人,ラフィネ南馬込,東京都大田区南馬込五丁目24番8号,,,https://www.kdx-reit.com/ja/portfolio/
ＫＤＸ不動産投資法人,KDXレジデンス雪谷大塚,東京都大田区南雪谷二丁目15番13号,,,https://www.kdx-reit.com/ja/portfolio/
ＫＤＸ不動産投資法人,KDXレジデンス日本橋箱崎,東京都中央区日本橋箱崎町38番1号,,,https://www.kdx-reit.com/ja/portfolio/
ＫＤＸ不動産投資法人,KDXレジデンス田園調布,東京都大田区田園調布本町40番14号,,,https://www.kdx-reit.com/ja/portfolio/
ＫＤＸ不動産投資法人,KDXレジデンス駒沢公園,東京都世田谷区駒沢五丁目21番6号,,,https://www.kdx-reit.com/ja/portfolio/
ＫＤＸ不動産投資法人,KDXレジデンス代官山II,東京都渋谷区恵比寿西二丁目11番22号,,,https://www.kdx-reit.com/ja/portfolio/
ＫＤＸ不動産投資法人,KDXレジデンス高輪,東京都港区高輪三丁目15番7号,,,https://www.kdx-reit.com/ja/portfolio/
ＫＤＸ不動産投資法人,KDXレジデンス宮前平,神奈川県川崎市宮前区宮前平三丁目14番地3,,,https://www.kdx-reit.com/ja/portfolio/
ＫＤＸ不動産投資法人,KDXレジデンス御徒町,東京都台東区台東二丁目28番4号,,,https://www.kdx-reit.com/ja/portfolio/
ＫＤＸ不動産投資法人,KDXレジデンス元浅草,東京都台東区元浅草四丁目8番10号,,,https://www.kdx-reit.com/ja/portfolio/
ＫＤＸ不動産投資法人,KDXレジデンス門前仲町,東京都江東区木場三丁目6番7号,,,https://www.kdx-reit.com/ja/portfolio/
ＫＤＸ不動産投資法人,KDXレジデンス三宿,東京都世田谷区三宿二丁目37番13号,,,https://www.kdx-reit.com/ja/portfolio/
ＫＤＸ不動産投資法人,KDXレジデンス横浜関内,神奈川県横浜市中区万代町三丁目5番地9,,,https://www.kdx-reit.com/ja/portfolio/
ＫＤＸ不動産投資法人,KDXレジデンス神楽坂,東京都新宿区築地町8番地10,,,https://www.kdx-reit.com/ja/portfolio/
ＫＤＸ不動産投資法人,KDXレジデンス多摩川,東京都大田区多摩川一丁目9番17号,,,https://www.kdx-reit.com/ja/portfolio/
ＫＤＸ不動産投資法人,KDXレジデンス用賀,東京都世田谷区瀬田五丁目34番21号,,,https://www.kdx-reit.com/ja/portfolio/
ＫＤＸ不動産投資法人,KDXレジデンス板橋本町,東京都板橋区大和町13番16号,,,https://www.kdx-reit.com/ja/portfolio/
ＫＤＸ不動産投資法人,KDXレジデンス錦糸町,東京都墨田区緑四丁目24番13号,,,https://www.kdx-reit.com/ja/portfolio/
ＫＤＸ不動産投資法人,KDXレジデンス戸越,東京都品川区戸越五丁目1番1号,,,https://www.kdx-reit.com/ja/portfolio/
ＫＤＸ不動産投資法人,KDXレジデンス大山,東京都板橋区大山金井町8番8号,,,https://www.kdx-reit.com/ja/portfolio/
ＫＤＸ不動産投資法人,KDXレジデンス品川シーサイド,東京都品川区東品川三丁目6番7号,,,https://www.kdx-reit.com/ja/portfolio/
ＫＤＸ不動産投資法人,KDXレジデンス大島,東京都江東区大島四丁目8番4号,,,https://www.kdx-reit.com/ja/portfolio/
ＫＤＸ不動産投資法人,KDXレジデンス自由が丘,東京都目黒区八雲三丁目11番27号,,,https://www.kdx-reit.com/ja/portfolio/
ＫＤＸ不動産投資法人,KDXレジデンス日本橋浜町,東京都中央区日本橋浜町三丁目33番4号,,,https://www.kdx-reit.com/ja/portfolio/
ＫＤＸ不動産投資法人,KDXレジデンス日本橋人形町,東京都中央区日本橋堀留町一丁目8番5号,,,https://www.kdx-reit.com/ja/portfolio/
ＫＤＸ不動産投資法人,KDXレジデンス半蔵門,東京都千代田区麹町二丁目12番地1,,,https://www.kdx-reit.com/ja/portfolio/
ＫＤＸ不動産投資法人,KDXレジデンス立川,東京都立川市曙町二丁目28番29号,,,https://www.kdx-reit.com/ja/portfolio/
ＫＤＸ不動産投資法人,KDXレジデンス千駄木,東京都文京区千駄木三丁目43番17号,,,https://www.kdx-reit.com/ja/portfolio/
ＫＤＸ不動産投資法人,KDXレジデンス神楽坂通,東京都新宿区矢来町120番地1,,,https://www.kdx-reit.com/ja/portfolio/
ＫＤＸ不動産投資法人,KDXレジデンス秋葉原,東京都台東区台東二丁目13番7号,,,https://www.kdx-reit.com/ja/portfolio/
ＫＤＸ不動産投資法人,KDXレジデンス成城,東京都世田谷区成城四丁目16番25号,,,https://www.kdx-reit.com/ja/portfolio/
ＫＤＸ不動産投資法人,KDXレジデンス鶴見,神奈川県横浜市鶴見区向井町一丁目10番地,,,https://www.kdx-reit.com/ja/portfolio/
ＫＤＸ不動産投資法人,KDXレジデンス入谷,東京都台東区入谷一丁目10番7号,,,https://www.kdx-reit.com/ja/portfolio/
ＫＤＸ不動産投資法人,KDXレジデンス秋葉原II,東京都千代田区神田須田町一丁目7番地,,,https://www.kdx-reit.com/ja/portfolio/
ＫＤＸ不動産投資法人,KDXレジデンス森下千歳,東京都墨田区千歳一丁目5番3号,,,https://www.kdx-reit.com/ja/portfolio/
ＫＤＸ不動産投資法人,KDXレジデンス赤坂,東京都港区赤坂六丁目13番11号,,,https://www.kdx-reit.com/ja/portfolio/
ＫＤＸ不動産投資法人,KDXレジデンス神田,東京都千代田区内神田二丁目8番2号,,,https://www.kdx-reit.com/ja/portfolio/
ＫＤＸ不動産投資法人,KDXレジデンス恵比寿,東京都渋谷区恵比寿南一丁目11番16号,,,https://www.kdx-reit.com/ja/portfolio/
ＫＤＸ不動産投資法人,KDXレジデンス西麻布,東京都港区西麻布三丁目5番10号,,,https://www.kdx-reit.com/ja/portfolio/
ＫＤＸ不動産投資法人,KDXレジデンス麻布仙台坂,東京都港区南麻布三丁目1番7号,,,https://www.kdx-reit.com/ja/portfolio/
ＫＤＸ不動産投資法人,KDXレジデンス文京湯島,東京都文京区湯島二丁目29番2号,,,https://www.kdx-reit.com/ja/portfolio/
ＫＤＸ不動産投資法人,KDXレジデンス早稲田鶴巻,東京都新宿区早稲田鶴巻町574番地25,,,https://www.kdx-reit.com/ja/portfolio/
ＫＤＸ不動産投資法人,KDXレジデンス上石神井,東京都練馬区上石神井一丁目18番5号,,,https://www.kdx-reit.com/ja/portfolio/
ＫＤＸ不動産投資法人,KDXレジデンス西馬込,東京都大田区南馬込六丁目4番4号,,,https://www.kdx-reit.com/ja/portfolio/
ＫＤＸ不動産投資法人,KDXレジデンス両国,東京都墨田区亀沢二丁目19番13号,,,https://www.kdx-reit.com/ja/portfolio/
ＫＤＸ不動産投資法人,KDXレジデンス桜上水,東京都杉並区下高井戸一丁目26番14号,,,https://www.kdx-reit.com/ja/portfolio/
ＫＤＸ不動産投資法人,KDXレジデンス新大塚,東京都豊島区東池袋五丁目44番16号,,,https://www.kdx-reit.com/ja/portfolio/
ＫＤＸ不動産投資法人,KDXレジデンス豊洲,東京都江東区豊洲一丁目2番33,,,https://www.kdx-reit.com/ja/portfolio/
ＫＤＸ不動産投資法人,KDXレジデンス日吉,神奈川県横浜市港北区日吉七丁目17番35号,,,https://www.kdx-reit.com/ja/portfolio/
ＫＤＸ不動産投資法人,KDXレジデンス阿佐ヶ谷,東京都杉並区阿佐谷南一丁目47番24号,,,https://www.kdx-reit.com/ja/portfolio/
ＫＤＸ不動産投資法人,KDXレジデンス上北沢,東京都世田谷区上北沢四丁目23番15号,,,https://www.kdx-reit.com/ja/portfolio/
ＫＤＸ不動産投資法人,KDXレジデンス上野毛,東京都世田谷区野毛三丁目2番11号,,,https://www.kdx-reit.com/ja/portfolio/
ＫＤＸ不動産投資法人,KDXレジデンス東浅草,東京都台東区東浅草一丁目9番8号,,,https://www.kdx-reit.com/ja/portfolio/
ＫＤＸ不動産投資法人,KDXレジデンス西船橋,千葉県船橋市本郷町413番地1,,,https://www.kdx-reit.com/ja/portfolio/
ＫＤＸ不動産投資法人,KDXレジデンス阿佐ヶ谷Ⅱ,東京都杉並区阿佐谷南三丁目31番5号,,,https://www.kdx-reit.com/ja/portfolio/
ＫＤＸ不動産投資法人,KDXレジデンス幡ヶ谷,東京都渋谷区幡ヶ谷二丁目24番7号,,,https://www.kdx-reit.com/ja/portfolio/
ＫＤＸ不動産投資法人,KDXレジデンス蒲田南,東京都大田区南六郷三丁目9番2号,,,https://www.kdx-reit.com/ja/portfolio/
ＫＤＸ不動産投資法人,KDXレジデンス三鷹,東京都三鷹市下連雀四丁目15番31号,,,https://www.kdx-reit.com/ja/portfolio/
ＫＤＸ不動産投資法人,KDXレジデンス中延,東京都品川区中延六丁目6番1号,,,https://www.kdx-reit.com/ja/portfolio/
ＫＤＸ不動産投資法人,KDXレジデンス市川,千葉県市川市市川二丁目6番12号,,,https://www.kdx-reit.com/ja/portfolio/
ＫＤＸ不動産投資法人,KDXレジデンス八丁堀,東京都中央区入船一丁目8番5号,,,https://www.kdx-reit.com/ja/portfolio/
ＫＤＸ不動産投資法人,KDXレジデンス中板橋,東京都板橋区弥生町68番11号,,,https://www.kdx-reit.com/ja/portfolio/
ＫＤＸ不動産投資法人,コスモハイム元住吉,神奈川県川崎市中原区木月祗園町5番1号,,,https://www.kdx-reit.com/ja/portfolio/
ＫＤＸ不動産投資法人,KDXレジデンス湘南台,神奈川県藤沢市湘南台二丁目9番10号,,,https://www.kdx-reit.com/ja/portfolio/
ＫＤＸ不動産投資法人,KDXレジデンス池袋ウエスト,東京都板橋区中丸町2番地6,,,https://www.kdx-reit.com/ja/portfolio/
ＫＤＸ不動産投資法人,KDXレジデンス天王町,神奈川県横浜市保土ヶ谷区天王町一丁目30番2号,,,https://www.kdx-reit.com/ja/portfolio/
ＫＤＸ不動産投資法人,KDXレジデンス川崎,神奈川県川崎市川崎区中島一丁目1番12号,,,https://www.kdx-reit.com/ja/portfolio/
ＫＤＸ不動産投資法人,KDXレジデンス蒲田南Ⅱ,東京都大田区南六郷三丁目9番7号,,,https://www.kdx-reit.com/ja/portfolio/
ＫＤＸ不動産投資法人,KDXレジデンス上石神井Ⅱ,東京都練馬区上石神井二丁目18番5号,,,https://www.kdx-reit.com/ja/portfolio/
ＫＤＸ不動産投資法人,KDXレジデンス津田沼,千葉県船橋市前原西四丁目13番35号,,,https://www.kdx-reit.com/ja/portfolio/
ＫＤＸ不動産投資法人,KDXレジデンス横濱紅葉坂,神奈川県横浜市西区紅葉ヶ丘6番地1,,,https://www.kdx-reit.com/ja/portfolio/
ＫＤＸ不動産投資法人,KDXレジデンス梅島,東京都足立区梅島一丁目25番19号,,,https://www.kdx-reit.com/ja/portfolio/
ＫＤＸ不動産投資法人,KDXレジデンス溝の口,神奈川県川崎市高津区新作三丁目4番29号,,,https://www.kdx-reit.com/ja/portfolio/
ＫＤＸ不動産投資法人,KDXレジデンス津田沼Ⅱ,千葉県船橋市前原西四丁目13番25号,,,https://www.kdx-reit.com/ja/portfolio/
ＫＤＸ不動産投資法人,KDXレジデンス八王子大塚,東京都八王子市大塚628番3号,,,https://www.kdx-reit.com/ja/portfolio/
ＫＤＸ不動産投資法人,KDXレジデンス尾山台,東京都世田谷区玉堤一丁目16番23号,,,https://www.kdx-reit.com/ja/portfolio/
ＫＤＸ不動産投資法人,KDXレジデンス浅草,東京都台東区浅草七丁目2番10号,,,https://www.kdx-reit.com/ja/portfolio/
ＫＤＸ不動産投資法人,リバーシティ21イーストタワーズⅡ,東京都中央区佃二丁目1番2号,,,https://www.kdx-reit.com/ja/portfolio/
ＫＤＸ不動産投資法人,KDX堺筋本町レジデンス,大阪府大阪市中央区瓦町一丁目7番15号,,,https://www.kdx-reit.com/ja/portfolio/
ＫＤＸ不動産投資法人,KDX清水レジデンス,福岡県福岡市南区清水一丁目21番27号,,,https://www.kdx-reit.com/ja/portfolio/
ＫＤＸ不動産投資法人,KDX宝塚レジデンス,兵庫県宝塚市栄町三丁目2番43号,,,https://www.kdx-reit.com/ja/portfolio/
ＫＤＸ不動産投資法人,KDX千早レジデンス,愛知県名古屋市中区新栄一丁目49番6号,,,https://www.kdx-reit.com/ja/portfolio/
ＫＤＸ不動産投資法人,KDX泉レジデンス,愛知県名古屋市東区泉二丁目24番28号,,,https://www.kdx-reit.com/ja/portfolio/
ＫＤＸ不動産投資法人,KDX定禅寺通レジデンス,宮城県仙台市青葉区春日町3番25号,,,https://www.kdx-reit.com/ja/portfolio/
ＫＤＸ不動産投資法人,KDXレジデンス東桜I,愛知県名古屋市東区東桜二丁目13番22号,,,https://www.kdx-reit.com/ja/portfolio/
ＫＤＸ不動産投資法人,芦屋ロイヤルホームズ,兵庫県芦屋市大原町20番10号,,,https://www.kdx-reit.com/ja/portfolio/
ＫＤＸ不動産投資法人,KDXレジデンス難波,大阪府大阪市浪速区稲荷一丁目6番16号,,,https://www.kdx-reit.com/ja/portfolio/
ＫＤＸ不動産投資法人,KDXレジデンス難波南,大阪府大阪市浪速区塩草三丁目11番9号,,,https://www.kdx-reit.com/ja/portfolio/
ＫＤＸ不動産投資法人,KDXレジデンス茨木I・II,大阪府茨木市竹橋町9番11号、9番12号,,,https://www.kdx-reit.com/ja/portfolio/
ＫＤＸ不動産投資法人,KDXレジデンス三宮,兵庫県神戸市中央区二宮町四丁目8番10号,,,https://www.kdx-reit.com/ja/portfolio/
ＫＤＸ不動産投資法人,KDXレジデンス菊水四条,北海道札幌市白石区菊水4条3丁目2番35号,,,https://www.kdx-reit.com/ja/portfolio/
ＫＤＸ不動産投資法人,KDXレジデンス大通公園,北海道札幌市中央区南二条西十丁目1000番地4,,,https://www.kdx-reit.com/ja/portfolio/
ＫＤＸ不動産投資法人,KDXレジデンス神宮前,愛知県名古屋市熱田区横田二丁目4番27号,,,https://www.kdx-reit.com/ja/portfolio/
ＫＤＸ不動産投資法人,KDXレジデンス天神東II,福岡県福岡市博多区築港本町6番22号,,,https://www.kdx-reit.com/ja/portfolio/
ＫＤＸ不動産投資法人,KDXレジデンス平尾浄水町,福岡県福岡市中央区平尾浄水町10番17号,,,https://www.kdx-reit.com/ja/portfolio/
ＫＤＸ不動産投資法人,KDXレジデンス西公園,福岡県福岡市中央区港三丁目5番7号,,,https://www.kdx-reit.com/ja/portfolio/
ＫＤＸ不動産投資法人,KDXレジデンス豊中南,大阪府豊中市庄内東町二丁目7番22号,,,https://www.kdx-reit.com/ja/portfolio/
ＫＤＸ不動産投資法人,KDXレジデンス西大路,京都府京都市下京区西七条掛越町40番地3,,,https://www.kdx-reit.com/ja/portfolio/
ＫＤＸ不動産投資法人,KDXレジデンス甲南山手,兵庫県神戸市東灘区森南町一丁目9番3号,,,https://www.kdx-reit.com/ja/portfolio/
ＫＤＸ不動産投資法人,KDXレジデンス本町橋,大阪府大阪市中央区本町橋2番14号,,,https://www.kdx-reit.com/ja/portfolio/
ＫＤＸ不動産投資法人,KDXレジデンス大濠ハーバービュータワー,福岡県福岡市中央区港一丁目2番18号,,,https://www.kdx-reit.com/ja/portfolio/
ＫＤＸ不動産投資法人,KDXレジデンス南草津,滋賀県草津市南草津一丁目1番8号,,,https://www.kdx-reit.com/ja/portfolio/
ＫＤＸ不動産投資法人,KDXレジデンス南三条,北海道札幌市中央区南三条西八丁目3番地2,,,https://www.kdx-reit.com/ja/portfolio/
ＫＤＸ不動産投資法人,セレニテ北久宝寺,大阪府大阪市中央区北久宝寺町一丁目3番15号,,,https://www.kdx-reit.com/ja/portfolio/
ＫＤＸ不動産投資法人,セレニテ西宮本町,兵庫県西宮市本町5番26号,,,https://www.kdx-reit.com/ja/portfolio/
ＫＤＸ不動産投資法人,KDXレジデンス西新,福岡県福岡市早良区西新二丁目24番30号,,,https://www.kdx-reit.com/ja/portfolio/
ＫＤＸ不動産投資法人,KDXレジデンス夙川ヒルズ,兵庫県西宮市樋之池町7番1号,,,https://www.kdx-reit.com/ja/portfolio/
ＫＤＸ不動産投資法人,セレニテ神戸元町,兵庫県神戸市中央区海岸通三丁目1番22号,,,https://www.kdx-reit.com/ja/portfolio/
ＫＤＸ不動産投資法人,KDXレジデンス仙台駅東,宮城県仙台市宮城野区鉄砲町西2番地13,,,https://www.kdx-reit.com/ja/portfolio/
ＫＤＸ不動産投資法人,セレニテ甲子園プリエ,兵庫県西宮市鳴尾町五丁目2番6号,,,https://www.kdx-reit.com/ja/portfolio/
ＫＤＸ不動産投資法人,銀座四丁目タワー,東京都中央区銀座四丁目9番13号,,,https://www.kdx-reit.com/ja/portfolio/
ＫＤＸ不動産投資法人,MONA新浦安,千葉県浦安市入船一丁目5番1号,,,https://www.kdx-reit.com/ja/portfolio/
ＫＤＸ不動産投資法人,パサージオ西新井,東京都足立区西新井栄町一丁目17番1号,,,https://www.kdx-reit.com/ja/portfolio/
ＫＤＸ不動産投資法人,ウニクス伊奈,埼玉県北足立郡伊奈町学園二丁目188番地1,,,https://www.kdx-reit.com/ja/portfolio/
ＫＤＸ不動産投資法人,ヨークタウン北金目,神奈川県平塚市北金目一丁目6番1号,,,https://www.kdx-reit.com/ja/portfolio/
ＫＤＸ不動産投資法人,ウニクス吉川,埼玉県吉川市栄町797番地1,,,https://www.kdx-reit.com/ja/portfolio/
ＫＤＸ不動産投資法人,スポーツクラブルネサンス富士見台,東京都練馬区貫井三丁目12番33号,,,https://www.kdx-reit.com/ja/portfolio/
ＫＤＸ不動産投資法人,スーパービバホーム岩槻店（底地）,埼玉県さいたま市岩槻区府内三丁目445番1,,,https://www.kdx-reit.com/ja/portfolio/
ＫＤＸ不動産投資法人,ウニクス上里（底地）,埼玉県児玉郡上里町大字七本木字古新田西2272番1,,,https://www.kdx-reit.com/ja/portfolio/
ＫＤＸ不動産投資法人,ウニクス鴻巣（底地）,埼玉県鴻巣市北新宿字道下通225番1,,,https://www.kdx-reit.com/ja/portfolio/
ＫＤＸ不動産投資法人,いなげや横浜南本宿店（底地）,神奈川県横浜市旭区南本宿町31番1,,,https://www.kdx-reit.com/ja/portfolio/
ＫＤＸ不動産投資法人,セントラルウェルネスクラブ長津田みなみ台,神奈川県横浜市緑区長津田みなみ台一丁目38番1,,,https://www.kdx-reit.com/ja/portfolio/
ＫＤＸ不動産投資法人,仲町台東急ストア,神奈川県横浜市都筑区仲町台一丁目4番7号,,,https://www.kdx-reit.com/ja/portfolio/
ＫＤＸ不動産投資法人,ライフ亀戸店,東京都江東区亀戸九丁目24番17号,,,https://www.kdx-reit.com/ja/portfolio/
ＫＤＸ不動産投資法人,戸塚深谷ショッピングセンター（底地）,神奈川県横浜市戸塚区深谷町字西之脇1051番1,,,https://www.kdx-reit.com/ja/portfolio/
ＫＤＸ不動産投資法人,ゆめまち習志野台モール,千葉県船橋市習志野台八丁目58番1号,,,https://www.kdx-reit.com/ja/portfolio/
ＫＤＸ不動産投資法人,ラウンドワン市川鬼高店,千葉県市川市鬼高四丁目1番3号,,,https://www.kdx-reit.com/ja/portfolio/
ＫＤＸ不動産投資法人,かわまち矢作モール,千葉県千葉市中央区矢作町57番1,,,https://www.kdx-reit.com/ja/portfolio/
ＫＤＸ不動産投資法人,オオゼキときわ台店,東京都板橋区常盤台二丁目8番5号,,,https://www.kdx-reit.com/ja/portfolio/
ＫＤＸ不動産投資法人,もねの里モール,千葉県四街道市もねの里六丁目10番3他,,,https://www.kdx-reit.com/ja/portfolio/
ＫＤＸ不動産投資法人,アクロスプラザ浦安東野（底地）,千葉県浦安市東野三丁目11番4,,,https://www.kdx-reit.com/ja/portfolio/
ＫＤＸ不動産投資法人,アピタテラス横浜綱島,神奈川県横浜市港北区綱島東四丁目3番17号,,,https://www.kdx-reit.com/ja/portfolio/
ＫＤＸ不動産投資法人,カルサ平塚,神奈川県平塚市田村三丁目5番1号,,,https://www.kdx-reit.com/ja/portfolio/
ＫＤＸ不動産投資法人,コンフォートマーケット西馬込店,東京都大田区西馬込二丁目21番3号,,,https://www.kdx-reit.com/ja/portfolio/
ＫＤＸ不動産投資法人,ウニクス浦和美園（底地）,埼玉県さいたま市岩槻区美園東二丁目17番13,,,https://www.kdx-reit.com/ja/portfolio/
ＫＤＸ不動産投資法人,キテラタウン調布,東京都調布市菊野台一丁目33番3,,,https://www.kdx-reit.com/ja/portfolio/
ＫＤＸ不動産投資法人,キテラプラザ青葉台,神奈川県横浜市青葉区青葉台二丁目2番2,,,https://www.kdx-reit.com/ja/portfolio/
ＫＤＸ不動産投資法人,東松山ショッピングセンター,埼玉県東松山市小松原町11番地2,,,https://www.kdx-reit.com/ja/portfolio/
ＫＤＸ不動産投資法人,ヨークマート東道野辺店,千葉県鎌ケ谷市東道野辺五丁目16番38号,,,https://www.kdx-reit.com/ja/portfolio/
ＫＤＸ不動産投資法人,ロゼオ水戸,茨城県水戸市笠原町978番地39他,,,https://www.kdx-reit.com/ja/portfolio/
ＫＤＸ不動産投資法人,ブルメール舞多聞,兵庫県神戸市垂水区舞多聞東二丁目1番45号,,,https://www.kdx-reit.com/ja/portfolio/
ＫＤＸ不動産投資法人,ライフ高殿店（底地）,大阪府大阪市旭区高殿五丁目6番3,,,https://www.kdx-reit.com/ja/portfolio/
ＫＤＸ不動産投資法人,DCM中川富田店（底地）,愛知県名古屋市中川区富田町大字榎津字布部田462番,,,https://www.kdx-reit.com/ja/portfolio/
ＫＤＸ不動産投資法人,DCM・MEGAドン・キホーテUNY近江八幡店,滋賀県近江八幡市鷹飼町字一本木223番地3,,,https://www.kdx-reit.com/ja/portfolio/
ＫＤＸ不動産投資法人,バロー一宮西店,愛知県一宮市八幡五丁目1番16号,,,https://www.kdx-reit.com/ja/portfolio/
ＫＤＸ不動産投資法人,サニー野間店,福岡県福岡市南区野間三丁目10番30号,,,https://www.kdx-reit.com/ja/portfolio/
ＫＤＸ不動産投資法人,ケーズデンキ青森本店,青森県青森市東大野二丁目10番地1,,,https://www.kdx-reit.com/ja/portfolio/
ＫＤＸ不動産投資法人,スーパースポーツゼビオ青森中央店,青森県青森市東大野二丁目12番地11,,,https://www.kdx-reit.com/ja/portfolio/
ＫＤＸ不動産投資法人,ブルメールHAT神戸,兵庫県神戸市中央区脇浜海岸通二丁目2番2号,,,https://www.kdx-reit.com/ja/portfolio/
ＫＤＸ不動産投資法人,アシコタウンあしかが,栃木県足利市大月町字南耕地3番2号,,,https://www.kdx-reit.com/ja/portfolio/
ＫＤＸ不動産投資法人,ヨークタウン新田東,宮城県仙台市宮城野区新田東三丁目1番地14,,,https://www.kdx-reit.com/ja/portfolio/
ＫＤＸ不動産投資法人,カスミテクノパーク桜店,茨城県つくば市桜一丁目22番1号,,,https://www.kdx-reit.com/ja/portfolio/
ＫＤＸ不動産投資法人,ライフ西天下茶屋店,大阪府大阪市西成区梅南二丁目5番23号,,,https://www.kdx-reit.com/ja/portfolio/
ＫＤＸ不動産投資法人,ホームセンターコーナン砂田橋店,愛知県名古屋市東区砂田橋四丁目1番60号,,,https://www.kdx-reit.com/ja/portfolio/
ＫＤＸ不動産投資法人,ミリオンタウン塚口（底地）,兵庫県尼崎市上坂部一丁目36番4,,,https://www.kdx-reit.com/ja/portfolio/
ＫＤＸ不動産投資法人,ピーワンプラザ天王,静岡県浜松市中央区天王町字諏訪1982番1,,,https://www.kdx-reit.com/ja/portfolio/
ＫＤＸ不動産投資法人,西友楽市守谷店（底地）,茨城県守谷市けやき台四丁目1番5,,,https://www.kdx-reit.com/ja/portfolio/
ＫＤＸ不動産投資法人,ラウンドワンスタジアム博多・半道橋店,福岡県福岡市博多区半道橋二丁目2番8号,,,https://www.kdx-reit.com/ja/portfolio/
ＫＤＸ不動産投資法人,久留米西ショッピングセンター,福岡県久留米市梅満町字取替二490番地11,,,https://www.kdx-reit.com/ja/portfolio/
ＫＤＸ不動産投資法人,サンストリート浜北,静岡県浜松市浜名区平口5695番地,,,https://www.kdx-reit.com/ja/portfolio/
ＫＤＸ不動産投資法人,コストコホールセール札幌倉庫店,北海道札幌市清田区美しが丘一条九丁目3番1号,,,https://www.kdx-reit.com/ja/portfolio/
ＫＤＸ不動産投資法人,羽曳が丘ショッピングセンター,大阪府羽曳野市羽曳が丘十丁目16番1号,,,https://www.kdx-reit.com/ja/portfolio/
ＫＤＸ不動産投資法人,バロー中志段味店（底地）,愛知県名古屋市守山区中志段味,,,https://www.kdx-reit.com/ja/portfolio/
ＫＤＸ不動産投資法人,メラード大開,兵庫県神戸市兵庫区水木通七丁目1番10号,,,https://www.kdx-reit.com/ja/portfolio/
ＫＤＸ不動産投資法人,キテラタウン福岡長浜,福岡県福岡市中央区港一丁目10番1号,,,https://www.kdx-reit.com/ja/portfolio/
ＫＤＸ不動産投資法人,コープさっぽろ春光店,北海道旭川市末広4条1丁目452,,,https://www.kdx-reit.com/ja/portfolio/
ＫＤＸ不動産投資法人,ヨロッカ春日井,愛知県春日井市六軒屋町東丘22,,,https://www.kdx-reit.com/ja/portfolio/
ＫＤＸ不動産投資法人,武蔵嵐山配送センター,埼玉県比企郡嵐山町花見台3番2,,,https://www.kdx-reit.com/ja/portfolio/
ＫＤＸ不動産投資法人,座間配送センター,神奈川県座間市相模が丘六丁目38番30号,,,https://www.kdx-reit.com/ja/portfolio/
ＫＤＸ不動産投資法人,追浜配送センター,神奈川県横須賀市夏島町2873番21,,,https://www.kdx-reit.com/ja/portfolio/
ＫＤＸ不動産投資法人,横浜上郷配送センター,神奈川県横浜市栄区上郷町字荘戸1292番1,,,https://www.kdx-reit.com/ja/portfolio/
ＫＤＸ不動産投資法人,行田配送センター,埼玉県行田市富士見町一丁目7番1号,,,https://www.kdx-reit.com/ja/portfolio/
ＫＤＸ不動産投資法人,新宿西落合配送センター,東京都新宿区西落合一丁目23番15号,,,https://www.kdx-reit.com/ja/portfolio/
ＫＤＸ不動産投資法人,千葉北配送センター,千葉県千葉市稲毛区長沼原町680番1,,,https://www.kdx-reit.com/ja/portfolio/
ＫＤＸ不動産投資法人,デリア食品昭島配送センター（底地）,東京都昭島市代官山三丁目3927番20,,,https://www.kdx-reit.com/ja/portfolio/
ＫＤＸ不動産投資法人,天理配送センター,奈良県天理市南六条町元柳生方87番地3,,,https://www.kdx-reit.com/ja/portfolio/
ＫＤＸ不動産投資法人,プリマハム近畿センター,大阪府大阪市西淀川区竹島二丁目2番39,,,https://www.kdx-reit.com/ja/portfolio/
ＫＤＸ不動産投資法人,ホテルリブマックス横浜駅西口,神奈川県横浜市西区北幸二丁目10番32号,,,https://www.kdx-reit.com/ja/portfolio/
ＫＤＸ不動産投資法人,ホテルリブマックス東京大塚駅前,東京都豊島区南大塚三丁目44番12号,,,https://www.kdx-reit.com/ja/portfolio/
ＫＤＸ不動産投資法人,レム六本木ビル,東京都港区六本木七丁目14番4号,,,https://www.kdx-reit.com/ja/portfolio/
ＫＤＸ不動産投資法人,ジョイステージ八王子,東京都八王子市横川町924番地2,,,https://www.kdx-reit.com/ja/portfolio/
ＫＤＸ不動産投資法人,ニチイホームたまプラーザ,神奈川県川崎市宮前区犬蔵二丁目23番6号,,,https://www.kdx-reit.com/ja/portfolio/
ＫＤＸ不動産投資法人,ニチイホーム中野南台,東京都中野区南台三丁目26番24号,,,https://www.kdx-reit.com/ja/portfolio/
ＫＤＸ不動産投資法人,ゆいま～る聖ヶ丘,東京都多摩市聖ヶ丘二丁目22番地4,,,https://www.kdx-reit.com/ja/portfolio/
ＫＤＸ不動産投資法人,イリーゼ蒲田・悠生苑,東京都大田区北糀谷二丁目15番21号,,,https://www.kdx-reit.com/ja/portfolio/
ＫＤＸ不動産投資法人,プレザングラン 大田多摩川,東京都大田区多摩川二丁目19番4号,,,https://www.kdx-reit.com/ja/portfolio/
ＫＤＸ不動産投資法人,ツクイ・サンシャイン町田,東京都町田市小山ヶ丘一丁目11番8号,,,https://www.kdx-reit.com/ja/portfolio/
ＫＤＸ不動産投資法人,せらび恵比寿,東京都目黒区三田二丁目10番20号,,,https://www.kdx-reit.com/ja/portfolio/
ＫＤＸ不動産投資法人,SOMPOケア そんぽの家S ふじみ野,埼玉県ふじみ野市南台一丁目15番12号,,,https://www.kdx-reit.com/ja/portfolio/
ＫＤＸ不動産投資法人,SOMPOケア ラヴィーレレジデンス川崎新町,神奈川県川崎市川崎区小田栄二丁目3番2号,,,https://www.kdx-reit.com/ja/portfolio/
ＫＤＸ不動産投資法人,ツクイ・サンシャイン足立,東京都足立区花畑6丁目10番3号,,,https://www.kdx-reit.com/ja/portfolio/
ＫＤＸ不動産投資法人,SOMPOケア ラヴィーレ一之江,東京都江戸川区西一之江四丁目5番2号,,,https://www.kdx-reit.com/ja/portfolio/
ＫＤＸ不動産投資法人,ニチイホーム八幡山,東京都世田谷区八幡山一丁目19番18号,,,https://www.kdx-reit.com/ja/portfolio/
ＫＤＸ不動産投資法人,サニーライフ立川,東京都立川市上砂町五丁目79番23,,,https://www.kdx-reit.com/ja/portfolio/
ＫＤＸ不動産投資法人,リハビリホームボンセジュール南千束,東京都大田区南千束一丁目1番8号,,,https://www.kdx-reit.com/ja/portfolio/
ＫＤＸ不動産投資法人,アクティバ琵琶,1滋賀県大津市雄琴六丁目16番16号2滋賀県大津市雄琴六丁目11番8号3滋賀県大津市雄琴六丁目17番17号,,,https://www.kdx-reit.com/ja/portfolio/
ＫＤＸ不動産投資法人,天,北海道札幌市豊平区月寒中央通六丁目3番1号,,,https://www.kdx-reit.com/ja/portfolio/
ＫＤＸ不動産投資法人,SOMPOケア ラヴィーレ神戸垂水,兵庫県神戸市垂水区名谷町猿倉285番地,,,https://www.kdx-reit.com/ja/portfolio/
ＫＤＸ不動産投資法人,いざりえ恵庭ビル,北海道恵庭市相生町1丁目8番1号,,,https://www.kdx-reit.com/ja/portfolio/
ＫＤＸ不動産投資法人,グランヒルズおがわらこ,青森県上北郡東北町大字大浦字立野57番地2,,,https://www.kdx-reit.com/ja/portfolio/
ＫＤＸ不動産投資法人,リハビリホームグランダ 門戸厄神,兵庫県西宮市林田町10番10号,,,https://www.kdx-reit.com/ja/portfolio/
ＫＤＸ不動産投資法人,さわやか桜弐番館,秋田県秋田市卸町一丁目10番3号,,,https://www.kdx-reit.com/ja/portfolio/
ＫＤＸ不動産投資法人,エクセレント西宮,兵庫県西宮市すみれ台二丁目4番3号,,,https://www.kdx-reit.com/ja/portfolio/
ＫＤＸ不動産投資法人,イリーゼ西岡,北海道札幌市豊平区西岡三条十三丁目7番10号,,,https://www.kdx-reit.com/ja/portfolio/
ＫＤＸ不動産投資法人,エクセレント北野,京都府京都市北区北野東紅梅町10番地,,,https://www.kdx-reit.com/ja/portfolio/
ＫＤＸ不動産投資法人,アネシス寺田町,大阪府大阪市生野区林寺一丁目4番24号,,,https://www.kdx-reit.com/ja/portfolio/
ＫＤＸ不動産投資法人,オラージュ須磨,兵庫県神戸市須磨区若草町三丁目622番地11,,,https://www.kdx-reit.com/ja/portfolio/
ＫＤＸ不動産投資法人,ロココリハ,大阪府豊中市宝山町6番7号,,,https://www.kdx-reit.com/ja/portfolio/
ＫＤＸ不動産投資法人,カネディアンヒル,兵庫県神戸市灘区長峰台二丁目3番1号,,,https://www.kdx-reit.com/ja/portfolio/
ＫＤＸ不動産投資法人,アネシス兵庫,兵庫県神戸市兵庫区吉田町一丁目8番21号,,,https://www.kdx-reit.com/ja/portfolio/
ＫＤＸ不動産投資法人,アルテ石屋川,兵庫県神戸市東灘区御影塚町一丁目10番13号,,,https://www.kdx-reit.com/ja/portfolio/
ＫＤＸ不動産投資法人,メディカルホームグランダ苦楽園,兵庫県西宮市奥畑6-6,,,https://www.kdx-reit.com/ja/portfolio/
ＫＤＸ不動産投資法人,メディカル・リハビリホームグランダ神戸北野,兵庫県神戸市中央区北野町四丁目12番1号,,,https://www.kdx-reit.com/ja/portfolio/
ＫＤＸ不動産投資法人,エクセレント花屋敷ガーデンヒルズ,兵庫県宝塚市花屋敷荘園四丁目1番6号,,,https://www.kdx-reit.com/ja/portfolio/
ＫＤＸ不動産投資法人,イリーゼ神戸六甲,兵庫県神戸市灘区篠原本町四丁目6番3号,,,https://www.kdx-reit.com/ja/portfolio/
ＫＤＸ不動産投資法人,エクセレント宝塚ガーデンヒルズ,兵庫県宝塚市平井五丁目4番1号,,,https://www.kdx-reit.com/ja/portfolio/
ＫＤＸ不動産投資法人,ライフシップ大麻,北海道江別市大麻扇町4番地9,,,https://www.kdx-reit.com/ja/portfolio/
ＫＤＸ不動産投資法人,医療ケア対応型住宅・ナーシングホームレラ湯の川,北海道函館市湯川町三丁目12番15号,,,https://www.kdx-reit.com/ja/portfolio/
ＫＤＸ不動産投資法人,ライフシップ深川,北海道深川市太子町8番13号,,,https://www.kdx-reit.com/ja/portfolio/
ＫＤＸ不動産投資法人,沖縄プリンスホテル　オーシャンビューぎのわん,沖縄県宜野湾市真志喜三丁目28番1号,,,https://www.kdx-reit.com/ja/portfolio/
ＫＤＸ不動産投資法人,KDXレジデンス池袋要町,東京都板橋区中丸町21番3号,,,https://www.kdx-reit.com/ja/portfolio/
ＫＤＸ不動産投資法人,KDX広島呉配送センター,広島県呉市光町6番32号,,,https://www.kdx-reit.com/ja/portfolio/
ＫＤＸ不動産投資法人,コーナン新市店（底地）,広島県福山市新市町大字戸手662,,,https://www.kdx-reit.com/ja/portfolio/
ＫＤＸ不動産投資法人,KDXロジスティクス海老名中央,神奈川県海老名市河原口五丁目5番14号,,,https://www.kdx-reit.com/ja/portfolio/
ＫＤＸ不動産投資法人,新大阪江坂 東急REIホテル,大阪府吹田市豊津町9番40号,,,https://www.kdx-reit.com/ja/portfolio/
ＫＤＸ不動産投資法人,イリーゼ練馬光が丘,東京都練馬区土支田一丁目14番10号,,,https://www.kdx-reit.com/ja/portfolio/
ＫＤＸ不動産投資法人,KDXレジデンス東雪谷,東京都大田区東雪谷五丁目36番1号,,,https://www.kdx-reit.com/ja/portfolio/
ＫＤＸ不動産投資法人,KDXロジスティクス恩田原,静岡県静岡市駿河区恩田原112番地1,,,https://www.kdx-reit.com/ja/portfolio/
ＫＤＸ不動産投資法人,SOMPOケア ラヴィーレ元住吉,神奈川県川崎市中原区下小田中三丁目26番1号,,,https://www.kdx-reit.com/ja/portfolio/
ＫＤＸ不動産投資法人,ニチイホーム碑文谷,東京都目黒区碑文谷三丁目12番15号,,,https://www.kdx-reit.com/ja/portfolio/
ＫＤＸ不動産投資法人,KDXレジデンス杉並方南町,東京都杉並区和泉三丁目63番11号,,,https://www.kdx-reit.com/ja/portfolio/
ＫＤＸ不動産投資法人,いなげや新ゆりヨネッティー王禅寺前店,神奈川県川崎市麻生区東百合丘三丁目5番5号,,,https://www.kdx-reit.com/ja/portfolio/
ＫＤＸ不動産投資法人,ホテルJALシティ名古屋錦,愛知県名古屋市中区錦一丁目16番36号,,,https://www.kdx-reit.com/ja/portfolio/
ＫＤＸ不動産投資法人,KDXロジスティクス昭島Ⅰ,東京都昭島市代官山一丁目4番4号,,,https://www.kdx-reit.com/ja/portfolio/
ＫＤＸ不動産投資法人,イーアス高尾,東京都八王子市東浅川町550番地1,,,https://www.kdx-reit.com/ja/portfolio/
ＫＤＸ不動産投資法人,KDXレジデンス瑞江,東京都江戸川区瑞江二丁目24番8号,,,https://www.kdx-reit.com/ja/portfolio/
ＫＤＸ不動産投資法人,KDXレジデンス中野富士見町,東京都中野区弥生町四丁目35番10号,,,https://www.kdx-reit.com/ja/portfolio/
ＫＤＸ不動産投資法人,KDXロジスティクス福岡空港,福岡県福岡市博多区板付一丁目10番1号,,,https://www.kdx-reit.com/ja/portfolio/
ＫＤＸ不動産投資法人,KDXロジスティクス札幌清田（底地）,北海道札幌市清田区清田二条三丁目167番1,,,https://www.kdx-reit.com/ja/portfolio/
ＫＤＸ不動産投資法人,TCS-HD横浜ビル,神奈川県横浜市神奈川区鶴屋町一丁目2番地7,,,https://www.kdx-reit.com/ja/portfolio/
ＫＤＸ不動産投資法人,イビススタイルズ東京ベイ,千葉県浦安市日の出二丁目1番1号,,,https://www.kdx-reit.com/ja/portfolio/
ＫＤＸ不動産投資法人,BEB5沖縄瀬良垣,沖縄県国頭郡恩納村字瀬良垣1860番地4,,,https://www.kdx-reit.com/ja/portfolio/
野村不動産マスターファンド投資法人,新宿野村ビル,東京都新宿区西新宿一丁目26番2号,35.6932298956156,139.695346355438,https://www.nre-mf.co.jp/ja/portfolio/
野村不動産マスターファンド投資法人,野村不動産天王洲ビル,東京都品川区東品川二丁目4番11号,35.6200033338159,139.7512114048,https://www.nre-mf.co.jp/ja/portfolio/
野村不動産マスターファンド投資法人,麹町ミレニアムガーデン,東京都千代田区麹町四丁目4番地30,35.6845333977174,139.734849929809,https://www.nre-mf.co.jp/ja/portfolio/
野村不動産マスターファンド投資法人,NMF渋谷公園通りビル,東京都渋谷区宇田川町20番17号,35.6609814332831,139.70042645931198,https://www.nre-mf.co.jp/ja/portfolio/
野村不動産マスターファンド投資法人,セコムメディカルビル,東京都千代田区二番町7番地7,35.6851500844579,139.734621942043,https://www.nre-mf.co.jp/ja/portfolio/
野村不動産マスターファンド投資法人,NMF芝ビル,東京都港区芝四丁目2番3号,35.6495964009339,139.750570356845,https://www.nre-mf.co.jp/ja/portfolio/
野村不動産マスターファンド投資法人,西新宿昭和ビル,東京都新宿区西新宿一丁目13番12号,35.6898262039244,139.69669550657204,https://www.nre-mf.co.jp/ja/portfolio/
野村不動産マスターファンド投資法人,野村不動産渋谷道玄坂ビル,東京都渋谷区道玄坂二丁目16番4号,35.6587488401302,139.696926176548,https://www.nre-mf.co.jp/ja/portfolio/
野村不動産マスターファンド投資法人,岩本町東洋ビル,東京都千代田区岩本町三丁目1番2号,35.6946251973368,139.77555245161,https://www.nre-mf.co.jp/ja/portfolio/
野村不動産マスターファンド投資法人,NMF駿河台ビル,東京都千代田区神田駿河台二丁目5番12号,35.7005151694627,139.760514646768,https://www.nre-mf.co.jp/ja/portfolio/
野村不動産マスターファンド投資法人,PMO日本橋本町,東京都中央区日本橋本町四丁目12番20号,35.6909481006919,139.775529652833,https://www.nre-mf.co.jp/ja/portfolio/
野村不動産マスターファンド投資法人,PMO日本橋茅場町,東京都中央区日本橋茅場町三丁目11番10号,35.677692299857,139.779106378555,https://www.nre-mf.co.jp/ja/portfolio/
野村不動産マスターファンド投資法人,NMF五反田駅前ビル,東京都品川区西五反田一丁目1番8号,35.6259075332814,139.723096489906,https://www.nre-mf.co.jp/ja/portfolio/
野村不動産マスターファンド投資法人,PMO秋葉原,東京都千代田区岩本町三丁目11番6号,35.696641138623,139.77740317583,https://www.nre-mf.co.jp/ja/portfolio/
野村不動産マスターファンド投資法人,八丁堀ＮＦビル,東京都中央区八丁堀二丁目21番6号,35.6759373402873,139.777283817529,https://www.nre-mf.co.jp/ja/portfolio/
野村不動産マスターファンド投資法人,NMF神田岩本町ビル,東京都千代田区岩本町三丁目8番16号,35.6957557397771,139.777326732873,https://www.nre-mf.co.jp/ja/portfolio/
野村不動産マスターファンド投資法人,NMF高輪ビル,東京都品川区東五反田二丁目20番4号,35.62474126,139.7306737,https://www.nre-mf.co.jp/ja/portfolio/
野村不動産マスターファンド投資法人,PMO八丁堀,東京都中央区八丁堀三丁目22番13号,35.6751038589435,139.777454137802,https://www.nre-mf.co.jp/ja/portfolio/
野村不動産マスターファンド投資法人,PMO日本橋大伝馬町,東京都中央区日本橋大伝馬町6番8号,35.6897487960808,139.779117107391,https://www.nre-mf.co.jp/ja/portfolio/
野村不動産マスターファンド投資法人,PMO東日本橋,東京都中央区東日本橋二丁目15番4号,35.6936655669625,139.785350561141,https://www.nre-mf.co.jp/ja/portfolio/
野村不動産マスターファンド投資法人,NF本郷ビル,東京都文京区本郷三丁目14番7号,35.7050226791662,139.762369394302,https://www.nre-mf.co.jp/ja/portfolio/
野村不動産マスターファンド投資法人,クリスタルパークビル,東京都武蔵野市御殿山一丁目1番3号,35.702749934083,139.576834291219,https://www.nre-mf.co.jp/ja/portfolio/
野村不動産マスターファンド投資法人,NMF吉祥寺本町ビル,東京都武蔵野市吉祥寺本町一丁目10番31号,35.7056304953938,139.579362273216,https://www.nre-mf.co.jp/ja/portfolio/
野村不動産マスターファンド投資法人,ファーレ立川センタースクエア,東京都立川市曙町二丁目36番2号,35.7021827541865,139.414111375808,https://www.nre-mf.co.jp/ja/portfolio/
野村不動産マスターファンド投資法人,NMF川崎東口ビル,神奈川県川崎市川崎区駅前本町3番地1,35.5298743511819,139.698835909366,https://www.nre-mf.co.jp/ja/portfolio/
野村不動産マスターファンド投資法人,NMF横浜西口ビル,神奈川県横浜市西区北幸一丁目11番11号,35.4675919377963,139.618645906448,https://www.nre-mf.co.jp/ja/portfolio/
野村不動産マスターファンド投資法人,NMF新横浜ビル,神奈川県横浜市港北区新横浜二丁目15番地16,35.5103544049911,139.615159034729,https://www.nre-mf.co.jp/ja/portfolio/
野村不動産マスターファンド投資法人,札幌ノースプラザ,北海道札幌市中央区北一条西四丁目2番地2,43.0623018640704,141.351073980331,https://www.nre-mf.co.jp/ja/portfolio/
野村不動産マスターファンド投資法人,野村不動産札幌ビル,北海道札幌市北区北七条西二丁目15番地1,43.0702545355559,141.35189205408,https://www.nre-mf.co.jp/ja/portfolio/
野村不動産マスターファンド投資法人,NMF仙台青葉通りビル,宮城県仙台市青葉区一番町二丁目1番2号,38.2597551358668,140.874533951282,https://www.nre-mf.co.jp/ja/portfolio/
野村不動産マスターファンド投資法人,NMF名古屋伏見ビル,愛知県名古屋市中区錦二丁目9番27号,35.1705536191433,136.897684335708,https://www.nre-mf.co.jp/ja/portfolio/
野村不動産マスターファンド投資法人,オムロン京都センタービル,京都府京都市下京区塩小路通堀川東入南不動堂町801番地,34.9867658310256,135.754387378692,https://www.nre-mf.co.jp/ja/portfolio/
野村不動産マスターファンド投資法人,SORA新大阪21,大阪府大阪市淀川区西宮原二丁目1番3号,34.7347070604217,135.494036078453,https://www.nre-mf.co.jp/ja/portfolio/
野村不動産マスターファンド投資法人,野村不動産大阪ビル,大阪府大阪市中央区安土町一丁目8番15号,34.6846798542564,135.506899952888,https://www.nre-mf.co.jp/ja/portfolio/
野村不動産マスターファンド投資法人,野村不動産西梅田ビル,大阪府大阪市北区梅田二丁目1番22,34.698971892644,135.495226979255,https://www.nre-mf.co.jp/ja/portfolio/
野村不動産マスターファンド投資法人,野村不動産四ツ橋ビル,大阪府大阪市西区阿波座一丁目4番4号,34.6806944397686,135.496535897254,https://www.nre-mf.co.jp/ja/portfolio/
野村不動産マスターファンド投資法人,NMF博多駅前ビル,福岡県福岡市博多区博多駅前一丁目15番20号,33.5918248972231,130.419110208749,https://www.nre-mf.co.jp/ja/portfolio/
野村不動産マスターファンド投資法人,横須賀モアーズシティ,神奈川県横須賀市若松町二丁目30,35.2783463279467,139.670148342847,https://www.nre-mf.co.jp/ja/portfolio/
野村不動産マスターファンド投資法人,Recipe SHIMOKITA,東京都世田谷区北沢二丁目20-17,35.6608790087897,139.66711878776505,https://www.nre-mf.co.jp/ja/portfolio/
野村不動産マスターファンド投資法人,川崎モアーズ,神奈川県川崎市川崎区駅前本町7-1,35.530625818258,139.699517190456,https://www.nre-mf.co.jp/ja/portfolio/
野村不動産マスターファンド投資法人,EQUINIA新宿,東京都新宿区歌舞伎町一丁目1-17,35.6931588809472,139.704158753156,https://www.nre-mf.co.jp/ja/portfolio/
野村不動産マスターファンド投資法人,EQUINIA池袋,東京都豊島区西池袋一丁目17番10,35.7310751905944,139.708683639764,https://www.nre-mf.co.jp/ja/portfolio/
野村不動産マスターファンド投資法人,covirna machida,東京都町田市原町田六丁目9-19,35.5433278071707,139.446444064378,https://www.nre-mf.co.jp/ja/portfolio/
野村不動産マスターファンド投資法人,ニトリ幕張店,千葉県千葉市美浜区幕張西四丁目1-15,35.6611788724145,140.04413545131604,https://www.nre-mf.co.jp/ja/portfolio/
野村不動産マスターファンド投資法人,コナミスポーツクラブ府中,東京都府中市宮西町一丁目27-1,35.6712376002294,139.47678387165,https://www.nre-mf.co.jp/ja/portfolio/
野村不動産マスターファンド投資法人,FESTA SQUARE,埼玉県さいたま市岩槻区西町二丁目5-1,35.9521757919572,139.691435694694,https://www.nre-mf.co.jp/ja/portfolio/
野村不動産マスターファンド投資法人,GEMS渋谷,東京都渋谷区渋谷三丁目27-11,35.6557040036939,139.704526215791,https://www.nre-mf.co.jp/ja/portfolio/
野村不動産マスターファンド投資法人,EQUINIA青葉台,神奈川県横浜市青葉区青葉台一丁目6-14,35.5420968961364,139.516618698835,https://www.nre-mf.co.jp/ja/portfolio/
野村不動産マスターファンド投資法人,メガロス神奈川店,神奈川県横浜市神奈川区入江一丁目31-11,35.4893734896766,139.6491882205,https://www.nre-mf.co.jp/ja/portfolio/
野村不動産マスターファンド投資法人,三菱自動車　目黒店（底地）,東京都目黒区鷹番一丁目4-7,35.6262179931394,139.689806252717,https://www.nre-mf.co.jp/ja/portfolio/
野村不動産マスターファンド投資法人,三菱自動車　調布店（底地）,東京都調布市富士見町二丁目12-2,35.656166032436,139.541793912649,https://www.nre-mf.co.jp/ja/portfolio/
野村不動産マスターファンド投資法人,三菱自動車　練馬店（底地）,東京都練馬区豊玉北二丁目4-8,35.7337865716756,139.666419401764,https://www.nre-mf.co.jp/ja/portfolio/
野村不動産マスターファンド投資法人,三菱自動車　川崎店（底地）,神奈川県川崎市幸区下平間329-1,35.5467825502565,139.684302359819,https://www.nre-mf.co.jp/ja/portfolio/
野村不動産マスターファンド投資法人,三菱自動車　高井戸店（底地）,東京都杉並区高井戸東四丁目1-6,35.6862466304953,139.623569101095,https://www.nre-mf.co.jp/ja/portfolio/
野村不動産マスターファンド投資法人,三菱自動車　葛飾店（底地）,東京都葛飾区金町一丁目7-5,35.7626667489933,139.864169955253,https://www.nre-mf.co.jp/ja/portfolio/
野村不動産マスターファンド投資法人,三菱自動車　東久留米店（底地）,東京都東久留米市前沢五丁目32番22,35.7391592011349,139.508555978536,https://www.nre-mf.co.jp/ja/portfolio/
野村不動産マスターファンド投資法人,三菱自動車　世田谷店（底地）,東京都世田谷区上用賀六丁目5−2,35.6328537846074,139.624682888388,https://www.nre-mf.co.jp/ja/portfolio/
野村不動産マスターファンド投資法人,三菱自動車　関町店（底地）,東京都練馬区関町南四丁目5-26,35.7228444634794,139.575807005167,https://www.nre-mf.co.jp/ja/portfolio/
野村不動産マスターファンド投資法人,三菱自動車　東大和店（底地）,東京都東大和市狭山五丁目1624-2,35.747057355411,139.438958019018,https://www.nre-mf.co.jp/ja/portfolio/
野村不動産マスターファンド投資法人,三菱自動車　元住吉店（底地）,神奈川県川崎市高津区明津10,35.569919599179,139.635369479656,https://www.nre-mf.co.jp/ja/portfolio/
野村不動産マスターファンド投資法人,ウエルシア川越神明町店（底地）,埼玉県川越市神明町12番5,35.9318527170892,139.480466544628,https://www.nre-mf.co.jp/ja/portfolio/
野村不動産マスターファンド投資法人,三菱自動車　江戸川店（底地）,東京都江戸川区中央二丁目21-6,35.7085347,139.87426200000004,https://www.nre-mf.co.jp/ja/portfolio/
野村不動産マスターファンド投資法人,三菱自動車　狭山店（底地）,埼玉県狭山市笹井三丁目1-25,35.853505708493,139.377083480358,https://www.nre-mf.co.jp/ja/portfolio/
野村不動産マスターファンド投資法人,ユニバーサル・シティウォーク大阪,大阪府大阪市此花区島屋六丁目2-61,34.6684673251639,135.437650680541,https://www.nre-mf.co.jp/ja/portfolio/
野村不動産マスターファンド投資法人,イズミヤSC千里丘店,大阪府吹田市山田南1-1,34.7886811706194,135.538442730903,https://www.nre-mf.co.jp/ja/portfolio/
野村不動産マスターファンド投資法人,イズミヤSC八尾店,大阪府八尾市沼一丁目1番地,34.5885865858882,135.602990090847,https://www.nre-mf.co.jp/ja/portfolio/
野村不動産マスターファンド投資法人,イズミヤSC小林店,兵庫県宝塚市小林五丁目5-47,34.7882256311394,135.355749428272,https://www.nre-mf.co.jp/ja/portfolio/
野村不動産マスターファンド投資法人,EQUINIA青葉通り,宮城県仙台市青葉区中央三丁目1-22,38.2604591319096,140.878680646419,https://www.nre-mf.co.jp/ja/portfolio/
野村不動産マスターファンド投資法人,Landport浦安,千葉県浦安市千鳥11-4,35.6235302078513,139.900803565979,https://www.nre-mf.co.jp/ja/portfolio/
野村不動産マスターファンド投資法人,Landport板橋,東京都板橋区舟渡四丁目8-1,35.7957247260727,139.672424197196,https://www.nre-mf.co.jp/ja/portfolio/
野村不動産マスターファンド投資法人,Landport川越,埼玉県川越市南台一丁目10-15,35.8810478141819,139.446539282798,https://www.nre-mf.co.jp/ja/portfolio/
野村不動産マスターファンド投資法人,Landport厚木,神奈川県厚木市緑ヶ丘五丁目1-1,35.4500953248199,139.339835643768,https://www.nre-mf.co.jp/ja/portfolio/
野村不動産マスターファンド投資法人,相模原田名ロジスティクスセンター,神奈川県相模原市中央区田名3700,35.5585842957159,139.343166947364,https://www.nre-mf.co.jp/ja/portfolio/
野村不動産マスターファンド投資法人,相模原大野台ロジスティクスセンター,神奈川県相模原市南区大野台二丁目32-1,35.5546827243295,139.408805966377,https://www.nre-mf.co.jp/ja/portfolio/
野村不動産マスターファンド投資法人,Landport八王子,東京都八王子市石川町2969-16,35.673843597674,139.367757439613,https://www.nre-mf.co.jp/ja/portfolio/
野村不動産マスターファンド投資法人,Landport春日部,埼玉県春日部市南栄町3,35.9774800358619,139.734780192375,https://www.nre-mf.co.jp/ja/portfolio/
野村不動産マスターファンド投資法人,厚木南ロジスティクスセンターB棟,神奈川県厚木市上落合字平川276-11,35.411863890626,139.352294504642,https://www.nre-mf.co.jp/ja/portfolio/
野村不動産マスターファンド投資法人,羽生ロジスティクスセンター,埼玉県羽生市川崎一丁目216-10,36.1421722474792,139.551236629486,https://www.nre-mf.co.jp/ja/portfolio/
野村不動産マスターファンド投資法人,川口ロジスティクスセンターB棟,埼玉県川口市領家五丁目3-1,35.7899636350017,139.741829037666,https://www.nre-mf.co.jp/ja/portfolio/
野村不動産マスターファンド投資法人,川口ロジスティクスセンターA棟,埼玉県川口市領家五丁目3-1,35.7905119139174,139.74217236042,https://www.nre-mf.co.jp/ja/portfolio/
野村不動産マスターファンド投資法人,厚木南ロジスティクスセンターA棟,神奈川県厚木市上落合字平川276-1,35.4119863075951,139.351189434528,https://www.nre-mf.co.jp/ja/portfolio/
野村不動産マスターファンド投資法人,川口領家ロジスティクスセンター,埼玉県川口市領家五丁目1番57号,35.790534541273,139.737564325332,https://www.nre-mf.co.jp/ja/portfolio/
野村不動産マスターファンド投資法人,プラウドフラット白金高輪,東京都港区三田五丁目12番7号,35.6451084282318,139.73795056343,https://www.nre-mf.co.jp/ja/portfolio/
野村不動産マスターファンド投資法人,プラウドフラット代々木上原,東京都渋谷区上原三丁目25番7号,35.664196042836,139.676629900932,https://www.nre-mf.co.jp/ja/portfolio/
野村不動産マスターファンド投資法人,プラウドフラット初台,東京都渋谷区初台二丁目19番15号,35.6777440823519,139.686208739876,https://www.nre-mf.co.jp/ja/portfolio/
野村不動産マスターファンド投資法人,プラウドフラット渋谷桜丘,東京都渋谷区桜丘町21番8号,35.6544663928102,139.70047339797,https://www.nre-mf.co.jp/ja/portfolio/
野村不動産マスターファンド投資法人,プラウドフラット学芸大学,東京都目黒区目黒本町二丁目21番20号,35.6243837043672,139.691180884838,https://www.nre-mf.co.jp/ja/portfolio/
野村不動産マスターファンド投資法人,プラウドフラット目黒行人坂,東京都目黒区下目黒一丁目4番18号,35.6333245202304,139.71230328083,https://www.nre-mf.co.jp/ja/portfolio/
野村不動産マスターファンド投資法人,プラウドフラット隅田リバーサイド,東京都中央区新川一丁目31番7号,35.6760397454617,139.786175340414,https://www.nre-mf.co.jp/ja/portfolio/
野村不動産マスターファンド投資法人,プラウドフラット神楽坂,東京都新宿区東五軒町1番11号,35.7051600408356,139.73814100027,https://www.nre-mf.co.jp/ja/portfolio/
野村不動産マスターファンド投資法人,プラウドフラット早稲田,東京都新宿区早稲田鶴巻町521番地9(住居表示未実施),35.7074958784525,139.724964648485,https://www.nre-mf.co.jp/ja/portfolio/
野村不動産マスターファンド投資法人,プラウドフラット新宿河田町,東京都新宿区河田町3番29号,35.6965650444029,139.72150593996,https://www.nre-mf.co.jp/ja/portfolio/
野村不動産マスターファンド投資法人,プラウドフラット三軒茶屋,東京都世田谷区太子堂一丁目4番25号,35.645982618972,139.676342904567,https://www.nre-mf.co.jp/ja/portfolio/
野村不動産マスターファンド投資法人,プラウドフラット蒲田,東京都大田区蒲田四丁目21番4号,35.5610956331884,139.721271246671,https://www.nre-mf.co.jp/ja/portfolio/
野村不動産マスターファンド投資法人,プラウドフラット蒲田II,東京都大田区蒲田四丁目25番5号,35.5600744666525,139.721751362085,https://www.nre-mf.co.jp/ja/portfolio/
野村不動産マスターファンド投資法人,プラウドフラット新大塚,東京都豊島区南大塚三丁目12番10号,35.7284909500342,139.728317409753,https://www.nre-mf.co.jp/ja/portfolio/
野村不動産マスターファンド投資法人,プラウドフラット清澄白河,東京都江東区高橋2番3号,35.6844660063542,139.798780381679,https://www.nre-mf.co.jp/ja/portfolio/
野村不動産マスターファンド投資法人,プラウドフラット門前仲町II,東京都江東区古石場二丁目6番9号,35.6676062029087,139.798099100589,https://www.nre-mf.co.jp/ja/portfolio/
野村不動産マスターファンド投資法人,プラウドフラット門前仲町Ｉ,東京都江東区富岡二丁目3番1号,35.6704726352851,139.800632447004,https://www.nre-mf.co.jp/ja/portfolio/
野村不動産マスターファンド投資法人,プラウドフラット富士見台,東京都練馬区貫井三丁目8番4号,35.7355790850656,139.629959464073,https://www.nre-mf.co.jp/ja/portfolio/
野村不動産マスターファンド投資法人,プラウドフラット浅草駒形,東京都台東区駒形一丁目10番6号,35.7087982956479,139.794385582208,https://www.nre-mf.co.jp/ja/portfolio/
野村不動産マスターファンド投資法人,プラウドフラット横浜,神奈川県横浜市神奈川区台町8番地18(住居表示未実施),35.4704241762007,139.624790847301,https://www.nre-mf.co.jp/ja/portfolio/
野村不動産マスターファンド投資法人,プラウドフラット上大岡,神奈川県横浜市港南区上大岡西三丁目4番6号,35.4020661302993,139.595935642719,https://www.nre-mf.co.jp/ja/portfolio/
野村不動産マスターファンド投資法人,プラウドフラット鶴見II,神奈川県横浜市鶴見区豊岡町20番16号,35.5101075408734,139.675197601318,https://www.nre-mf.co.jp/ja/portfolio/
野村不動産マスターファンド投資法人,プライムアーバン麻布十番,東京都港区東麻布二丁目33番9号,35.6561199749949,139.739321842789,https://www.nre-mf.co.jp/ja/portfolio/
野村不動産マスターファンド投資法人,プライムアーバン赤坂,東京都港区赤坂七丁目6番19号,35.6710871064312,139.73303809762,https://www.nre-mf.co.jp/ja/portfolio/
野村不動産マスターファンド投資法人,プライムアーバン田町,東京都港区芝浦三丁目6番13号,35.6429298847487,139.747572988271,https://www.nre-mf.co.jp/ja/portfolio/
野村不動産マスターファンド投資法人,プライムアーバン芝浦LOFT,東京都港区芝浦四丁目5番17号,35.6401092570156,139.745231419801,https://www.nre-mf.co.jp/ja/portfolio/
野村不動産マスターファンド投資法人,プライムアーバン恵比寿Ⅱ,東京都渋谷区広尾一丁目13番3号,35.6481708146837,139.712949693202,https://www.nre-mf.co.jp/ja/portfolio/
野村不動産マスターファンド投資法人,プライムアーバン番町,東京都千代田区九段南二丁目9番1号,35.6924397269516,139.744085446,https://www.nre-mf.co.jp/ja/portfolio/
野村不動産マスターファンド投資法人,プライムアーバン千代田富士見,東京都千代田区富士見二丁目1番9号,35.6995246070642,139.745893254876,https://www.nre-mf.co.jp/ja/portfolio/
野村不動産マスターファンド投資法人,プライムアーバン恵比寿,東京都目黒区三田一丁目11番11号,35.6406640900808,139.713142812252,https://www.nre-mf.co.jp/ja/portfolio/
野村不動産マスターファンド投資法人,プライムアーバン中目黒,東京都目黒区上目黒三丁目28番24号,35.6441352695269,139.696031659841,https://www.nre-mf.co.jp/ja/portfolio/
野村不動産マスターファンド投資法人,プライムアーバン目黒リバーサイド,東京都目黒区下目黒二丁目10番16号,35.6297687195457,139.712853133678,https://www.nre-mf.co.jp/ja/portfolio/
野村不動産マスターファンド投資法人,プライムアーバン目黒大橋ヒルズ,東京都目黒区大橋二丁目4番16号,35.6533178297193,139.688942581415,https://www.nre-mf.co.jp/ja/portfolio/
野村不動産マスターファンド投資法人,プライムアーバン目黒青葉台,東京都目黒区青葉台三丁目18番9号,35.6501302445004,139.690818786621,https://www.nre-mf.co.jp/ja/portfolio/
野村不動産マスターファンド投資法人,プライムアーバン学芸大学Ⅱ,東京都目黒区鷹番三丁目14番15号,35.6300443556749,139.683803468942,https://www.nre-mf.co.jp/ja/portfolio/
野村不動産マスターファンド投資法人,プライムアーバン中目黒Ⅱ,東京都目黒区上目黒三丁目1番3号,35.6452806224707,139.697580635547,https://www.nre-mf.co.jp/ja/portfolio/
野村不動産マスターファンド投資法人,プライムアーバン勝どき,東京都中央区勝どき六丁目5番6号,35.6548251247369,139.77285683155,https://www.nre-mf.co.jp/ja/portfolio/
野村不動産マスターファンド投資法人,プライムアーバン新川,東京都中央区新川二丁目16番10号,35.6751323293761,139.782579839229,https://www.nre-mf.co.jp/ja/portfolio/
野村不動産マスターファンド投資法人,プライムアーバン日本橋横山町,東京都中央区日本橋横山町3番4号,35.6919436347064,139.781717509031,https://www.nre-mf.co.jp/ja/portfolio/
野村不動産マスターファンド投資法人,プライムアーバン日本橋浜町,東京都中央区日本橋浜町二丁目50番8号,35.686226152104,139.788979589939,https://www.nre-mf.co.jp/ja/portfolio/
野村不動産マスターファンド投資法人,プライムアーバン本郷壱岐坂,東京都文京区本郷二丁目16番3号,35.7040284700767,139.758677333593,https://www.nre-mf.co.jp/ja/portfolio/
野村不動産マスターファンド投資法人,プライムアーバン白山,東京都文京区向丘一丁目7番9号,35.7193780132203,139.754616469144,https://www.nre-mf.co.jp/ja/portfolio/
野村不動産マスターファンド投資法人,プライムアーバン四谷外苑東,東京都新宿区左門町14番地62(住居表示未実施),35.6855117284737,139.719853699207,https://www.nre-mf.co.jp/ja/portfolio/
野村不動産マスターファンド投資法人,プライムアーバン西新宿I,東京都新宿区北新宿一丁目19番3号,35.6976878628768,139.694518893957,https://www.nre-mf.co.jp/ja/portfolio/
野村不動産マスターファンド投資法人,プライムアーバン新宿内藤町,東京都新宿区内藤町1番地55(住居表示未実施),35.6866455952729,139.714933186769,https://www.nre-mf.co.jp/ja/portfolio/
野村不動産マスターファンド投資法人,プライムアーバン西早稲田,東京都新宿区西早稲田一丁目13番11号,35.7117113062805,139.721173346042,https://www.nre-mf.co.jp/ja/portfolio/
野村不動産マスターファンド投資法人,プライムアーバン新宿落合,東京都新宿区北新宿四丁目10番9号,35.7083844864709,139.692263156175,https://www.nre-mf.co.jp/ja/portfolio/
野村不動産マスターファンド投資法人,プライムアーバン目白,東京都新宿区下落合三丁目22番21号,35.722344931147,139.699273109436,https://www.nre-mf.co.jp/ja/portfolio/
野村不動産マスターファンド投資法人,プライムアーバン神楽坂,東京都新宿区山吹町346番地3(住居表示未実施),35.7080805894356,139.731068015098,https://www.nre-mf.co.jp/ja/portfolio/
野村不動産マスターファンド投資法人,プライムアーバン千歳烏山,東京都世田谷区粕谷三丁目32番16号,35.6626159942235,139.606758356094,https://www.nre-mf.co.jp/ja/portfolio/
野村不動産マスターファンド投資法人,プライムアーバン三軒茶屋,東京都世田谷区三軒茶屋二丁目41番3号,35.6400716189009,139.664383605122,https://www.nre-mf.co.jp/ja/portfolio/
野村不動産マスターファンド投資法人,プライムアーバン南烏山,東京都世田谷区南烏山五丁目7番4号,35.6683568137006,139.603744894266,https://www.nre-mf.co.jp/ja/portfolio/
野村不動産マスターファンド投資法人,プライムアーバン烏山ガレリア,東京都世田谷区南烏山四丁目10番24号,35.6690705193624,139.601825773715,https://www.nre-mf.co.jp/ja/portfolio/
野村不動産マスターファンド投資法人,プライムアーバン烏山コート,東京都世田谷区南烏山四丁目1番11号,35.6706643856541,139.605268388986,https://www.nre-mf.co.jp/ja/portfolio/
野村不動産マスターファンド投資法人,プライムアーバン千歳船橋,東京都世田谷区桜丘五丁目40番4号,35.6466571458749,139.619103223085,https://www.nre-mf.co.jp/ja/portfolio/
野村不動産マスターファンド投資法人,プライムアーバン用賀,東京都世田谷区用賀二丁目27番5号,35.6246844317496,139.637794196605,https://www.nre-mf.co.jp/ja/portfolio/
野村不動産マスターファンド投資法人,プライムアーバン大崎,東京都品川区大崎五丁目8番10号,35.6216932410809,139.725239574909,https://www.nre-mf.co.jp/ja/portfolio/
野村不動産マスターファンド投資法人,プライムアーバン大井町II,東京都品川区東大井五丁目10番10号,35.6070630077507,139.738516509532,https://www.nre-mf.co.jp/ja/portfolio/
野村不動産マスターファンド投資法人,プライムアーバン大森,東京都大田区大森北一丁目15番1号,35.5861777684001,139.729570001363,https://www.nre-mf.co.jp/ja/portfolio/
野村不動産マスターファンド投資法人,プライムアーバン田園調布南,東京都大田区田園調布南12番5号,35.5807277205874,139.673703610897,https://www.nre-mf.co.jp/ja/portfolio/
野村不動産マスターファンド投資法人,プライムアーバン長原上池台,東京都大田区上池台一丁目20番18号,35.6020231469647,139.695717841386,https://www.nre-mf.co.jp/ja/portfolio/
野村不動産マスターファンド投資法人,プライムアーバン中野上高田,東京都中野区上高田四丁目43番3号,35.7152752182519,139.676199406385,https://www.nre-mf.co.jp/ja/portfolio/
野村不動産マスターファンド投資法人,プライムアーバン西荻窪Ⅱ,東京都杉並区西荻北三丁目6番9号,35.7040970065621,139.597384035587,https://www.nre-mf.co.jp/ja/portfolio/
野村不動産マスターファンド投資法人,プライムアーバン池袋,東京都豊島区池袋二丁目50番4号,35.7341132680367,139.711005762219,https://www.nre-mf.co.jp/ja/portfolio/
野村不動産マスターファンド投資法人,プライムアーバン門前仲町,東京都江東区門前仲町一丁目5番7号,35.6725655947046,139.793705642223,https://www.nre-mf.co.jp/ja/portfolio/
野村不動産マスターファンド投資法人,プライムアーバン亀戸,東京都江東区亀戸二丁目38番2号,35.7007765486762,139.82446655631,https://www.nre-mf.co.jp/ja/portfolio/
野村不動産マスターファンド投資法人,プライムアーバン住吉,東京都江東区扇橋二丁目23番3号,35.6828766277087,139.816535264253,https://www.nre-mf.co.jp/ja/portfolio/
野村不動産マスターファンド投資法人,プライムアーバン錦糸公園,東京都墨田区太平四丁目7番12号,35.7014790736871,139.816045761108,https://www.nre-mf.co.jp/ja/portfolio/
野村不動産マスターファンド投資法人,プライムアーバン錦糸町,東京都墨田区江東橋五丁目16番14号,35.6926179186087,139.81097638607,https://www.nre-mf.co.jp/ja/portfolio/
野村不動産マスターファンド投資法人,プライムアーバン平井,東京都江戸川区平井六丁目23番12号,35.708227674011,139.840266108512,https://www.nre-mf.co.jp/ja/portfolio/
野村不動産マスターファンド投資法人,プライムアーバン葛西,東京都江戸川区中葛西六丁目18番5号,35.6606546914571,139.868713617324,https://www.nre-mf.co.jp/ja/portfolio/
野村不動産マスターファンド投資法人,プライムアーバン葛西イースト,東京都江戸川区東葛西六丁目16番9号,35.6627182711781,139.876191616058,https://www.nre-mf.co.jp/ja/portfolio/
野村不動産マスターファンド投資法人,プライムアーバン板橋区役所前,東京都板橋区本町27番13号,35.7577878365044,139.708870053291,https://www.nre-mf.co.jp/ja/portfolio/
野村不動産マスターファンド投資法人,プライムアーバン町屋サウスコート,東京都荒川区荒川三丁目73番5号,35.7360341196949,139.779240489006,https://www.nre-mf.co.jp/ja/portfolio/
野村不動産マスターファンド投資法人,プライムアーバン武蔵小金井,東京都小金井市中町二丁目11番26号,35.6955522869331,139.516029953956,https://www.nre-mf.co.jp/ja/portfolio/
野村不動産マスターファンド投資法人,プライムアーバン武蔵野ヒルズ,東京都小金井市梶野町二丁目1番2号、同番36号,35.7054411523192,139.531758427619,https://www.nre-mf.co.jp/ja/portfolio/
野村不動産マスターファンド投資法人,プライムアーバン小金井本町,東京都小金井市本町四丁目14番25号,35.7076101493369,139.507798254489,https://www.nre-mf.co.jp/ja/portfolio/
野村不動産マスターファンド投資法人,プライムアーバン久米川,東京都東村山市栄町一丁目5番地6(住居表示未実施),35.7496164679681,139.473500847816,https://www.nre-mf.co.jp/ja/portfolio/
野村不動産マスターファンド投資法人,プライムアーバン武蔵小杉comodo,神奈川県川崎市中原区新丸子東二丁目902番地1(住居表示未実施),35.5784185695805,139.661620259284,https://www.nre-mf.co.jp/ja/portfolio/
野村不動産マスターファンド投資法人,プライムアーバン川崎,神奈川県川崎市川崎区本町一丁目4番15号(住居表示未実施),35.5337116491747,139.704114496707,https://www.nre-mf.co.jp/ja/portfolio/
野村不動産マスターファンド投資法人,プライムアーバン新百合ヶ丘,神奈川県川崎市麻生区万福寺三丁目1番17号,35.6066094180154,139.506580531597,https://www.nre-mf.co.jp/ja/portfolio/
野村不動産マスターファンド投資法人,プライムアーバン鶴見寺谷,神奈川県横浜市鶴見区寺谷一丁目7番10号,35.5094504944665,139.670742452144,https://www.nre-mf.co.jp/ja/portfolio/
野村不動産マスターファンド投資法人,プライムアーバン浦安,千葉県浦安市当代島三丁目2番13号,35.6705815844149,139.892872273921,https://www.nre-mf.co.jp/ja/portfolio/
野村不動産マスターファンド投資法人,プライムアーバン川口,埼玉県川口市栄町三丁目1番11号,35.803621470547,139.716955572366,https://www.nre-mf.co.jp/ja/portfolio/
野村不動産マスターファンド投資法人,プラウドフラット五橋,宮城県仙台市青葉区五橋二丁目5番2号,38.2528712278856,140.877224206924,https://www.nre-mf.co.jp/ja/portfolio/
野村不動産マスターファンド投資法人,プラウドフラット河原町,宮城県仙台市若林区南小泉字八軒小路2番地10他2筆(住居表示未実施),38.2402005830795,140.892110466957,https://www.nre-mf.co.jp/ja/portfolio/
野村不動産マスターファンド投資法人,プラウドフラット新大阪,大阪府大阪市淀川区西中島六丁目11番7号,34.7288147783918,135.494749546051,https://www.nre-mf.co.jp/ja/portfolio/
野村不動産マスターファンド投資法人,プライムアーバン北14条,北海道札幌市東区北十四条東一丁目2番1号,43.0779047275346,141.353273391723,https://www.nre-mf.co.jp/ja/portfolio/
野村不動産マスターファンド投資法人,プライムアーバン大通公園I,北海道札幌市中央区南一条西九丁目12番地(住居表示未実施),43.0582873176376,141.344144493341,https://www.nre-mf.co.jp/ja/portfolio/
野村不動産マスターファンド投資法人,プライムアーバン大通公園II,北海道札幌市中央区南一条西九丁目12番地1(住居表示未実施),43.0581089772564,141.344312131404,https://www.nre-mf.co.jp/ja/portfolio/
野村不動産マスターファンド投資法人,プライムアーバン北11条,北海道札幌市東区北十一条東一丁目1番3号,43.0747404807755,141.354110240936,https://www.nre-mf.co.jp/ja/portfolio/
野村不動産マスターファンド投資法人,プライムアーバン宮の沢,北海道札幌市西区発寒六条九丁目10番20号,43.090369428542,141.279507279396,https://www.nre-mf.co.jp/ja/portfolio/
野村不動産マスターファンド投資法人,プライムアーバン大通東,北海道札幌市中央区大通東七丁目12番地63(住居表示未実施),43.0632179297815,141.367325484752,https://www.nre-mf.co.jp/ja/portfolio/
野村不動産マスターファンド投資法人,プライムアーバン札幌医大前,北海道札幌市中央区南四条西十三丁目1番20号,43.0534797850247,141.338078677654,https://www.nre-mf.co.jp/ja/portfolio/
野村不動産マスターファンド投資法人,プライムアーバン札幌リバーフロント,北海道札幌市中央区南九条西一丁目1番1号,43.049845892151,141.358636468648,https://www.nre-mf.co.jp/ja/portfolio/
野村不動産マスターファンド投資法人,プライムアーバン北3条通,北海道札幌市中央区北三条東二丁目2番地2,43.0662953766336,141.357905566692,https://www.nre-mf.co.jp/ja/portfolio/
野村不動産マスターファンド投資法人,プライムアーバン堤通雨宮,宮城県仙台市青葉区堤通雨宮町4番37号,38.2775337912562,140.868584811687,https://www.nre-mf.co.jp/ja/portfolio/
野村不動産マスターファンド投資法人,プライムアーバン堺筋本町,大阪府大阪市中央区久太郎町一丁目5番10号,34.6809302997443,135.509067177772,https://www.nre-mf.co.jp/ja/portfolio/
野村不動産マスターファンド投資法人,プライムアーバン博多,福岡県福岡市博多区美野島二丁目14番7号,33.5785142608509,130.41878029704,https://www.nre-mf.co.jp/ja/portfolio/
野村不動産マスターファンド投資法人,プライムアーバン薬院南,福岡県福岡市中央区白金一丁目14番10号,33.5787488961901,130.403872579336,https://www.nre-mf.co.jp/ja/portfolio/
野村不動産マスターファンド投資法人,プライムアーバン博多東,福岡県福岡市博多区吉塚六丁目4番23号,33.6055434807966,130.427855551242,https://www.nre-mf.co.jp/ja/portfolio/
野村不動産マスターファンド投資法人,野村不動産吉祥寺ビル,東京都武蔵野市吉祥寺本町二丁目2番17号,35.7036834,139.57727920000002,https://www.nre-mf.co.jp/ja/portfolio/
野村不動産マスターファンド投資法人,GEMS市ヶ谷,東京都千代田区六番町4番地3(住居表示未実施),35.68916660000001,139.73526049999998,https://www.nre-mf.co.jp/ja/portfolio/
野村不動産マスターファンド投資法人,プラウドフラット八丁堀,東京都中央区八丁堀一丁目8番5号,35.6775721,139.77751920000003,https://www.nre-mf.co.jp/ja/portfolio/
野村不動産マスターファンド投資法人,プラウドフラット板橋本町,東京都板橋区本町32番9号,35.7592721,139.70707140000002,https://www.nre-mf.co.jp/ja/portfolio/
野村不動産マスターファンド投資法人,PMO田町 ,東京都港区芝五丁目31番17号,35.64664430000001,139.7459778,https://www.nre-mf.co.jp/ja/portfolio/
野村不動産マスターファンド投資法人,PMO銀座八丁目,東京都中央区銀座八丁目12番8号,35.6675478,139.7628287,https://www.nre-mf.co.jp/ja/portfolio/
野村不動産マスターファンド投資法人,PMO芝公園,東京都港区芝公園一丁目2番1号,35.6604262,139.7524879,https://www.nre-mf.co.jp/ja/portfolio/
野村不動産マスターファンド投資法人,枚方樟葉ロジスティクスセンター,大阪府枚方市招提田近一丁目7番地,34.8407825,135.69223999999997,https://www.nre-mf.co.jp/ja/portfolio/
野村不動産マスターファンド投資法人,SBC東京医療大学（底地）,千葉県浦安市明海五丁目8番1号,35.6383772,139.92621299999996,https://www.nre-mf.co.jp/ja/portfolio/
野村不動産マスターファンド投資法人,日本電気本社ビル,東京都港区芝五丁目7番1号,35.6494996,139.7480276,https://www.nre-mf.co.jp/ja/portfolio/
野村不動産マスターファンド投資法人,NMF青山一丁目ビル,東京都港区赤坂八丁目1番22号,35.6734766,139.72771750000004,https://www.nre-mf.co.jp/ja/portfolio/
野村不動産マスターファンド投資法人,NMF芝公園ビル,東京都港区芝三丁目5番5号,35.6523715,139.74912740000002,https://www.nre-mf.co.jp/ja/portfolio/
野村不動産マスターファンド投資法人,NMF新宿EASTビル,東京都新宿区富久町10番5,35.6918629,139.71563700000002,https://www.nre-mf.co.jp/ja/portfolio/
野村不動産マスターファンド投資法人,NMF茅場町ビル,東京都中央区新川一丁目17番24号,35.67836774522679,139.7835873558197,https://www.nre-mf.co.jp/ja/portfolio/
野村不動産マスターファンド投資法人,NMF銀座四丁目ビル,東京都中央区銀座四丁目9番8号,35.670410052902,139.7668458601189,https://www.nre-mf.co.jp/ja/portfolio/
野村不動産マスターファンド投資法人,ファーレイーストビル,東京都立川市曙町二丁目34番7号,35.7021269,139.41476510000007,https://www.nre-mf.co.jp/ja/portfolio/
野村不動産マスターファンド投資法人,相模原ショッピングセンター,神奈川県相模原市南区古淵三丁目13番33号,35.5530135,139.4186535,https://www.nre-mf.co.jp/ja/portfolio/
野村不動産マスターファンド投資法人,武蔵浦和ショッピングスクエア,埼玉県さいたま市南区別所七丁目3番1号,35.84718775925749,139.64817123439332,https://www.nre-mf.co.jp/ja/portfolio/
野村不動産マスターファンド投資法人,メルビル,宮城県仙台市青葉区中央二丁目7番28号,38.2621714,140.8765859,https://www.nre-mf.co.jp/ja/portfolio/
野村不動産マスターファンド投資法人,プライムアーバン日本橋茅場町,東京都中央区日本橋茅場町三丁目4番1号,35.67833462335289,139.7775864404755,https://www.nre-mf.co.jp/ja/portfolio/
野村不動産マスターファンド投資法人,深沢ハウスHI棟,東京都世田谷区深沢二丁目1番2号,35.620161525109836,139.6647182539673,https://www.nre-mf.co.jp/ja/portfolio/
野村不動産マスターファンド投資法人,プライムアーバン豊洲,東京都江東区豊洲四丁目8番8号,35.65544370547951,139.79945889140163,https://www.nre-mf.co.jp/ja/portfolio/
野村不動産マスターファンド投資法人,プライムアーバン武蔵小金井Ⅱ,東京都小金井市中町四丁目14番18号,35.69836259345627,139.50691950740963,https://www.nre-mf.co.jp/ja/portfolio/
野村不動産マスターファンド投資法人,プライムアーバン用賀Ⅱ,東京都世田谷区玉川台一丁目14番12号,35.62469229651024,139.63410307116396,https://www.nre-mf.co.jp/ja/portfolio/
野村不動産マスターファンド投資法人,Landport柏沼南Ⅱ,千葉県柏市大島田二丁目18番7号、同9号,35.8362062,140.02181329999996,https://www.nre-mf.co.jp/ja/portfolio/
野村不動産マスターファンド投資法人,nORBESA,北海道札幌市中央区南三条西五丁目1番1(住居表示未実施),43.0560881,141.3509242,https://www.nre-mf.co.jp/ja/portfolio/
野村不動産マスターファンド投資法人,中座くいだおれビル,大阪府大阪市中央区道頓堀一丁目7番21,34.6685155,135.50255189999996,https://www.nre-mf.co.jp/ja/portfolio/
野村不動産マスターファンド投資法人,Landport柏沼南Ⅰ,千葉県柏市鷲野谷1027番地15,35.830585,140.01850530000001,https://www.nre-mf.co.jp/ja/portfolio/
野村不動産マスターファンド投資法人,プライムアーバン学芸大学パークフロント,東京都目黒区目黒本町二丁目12番20号,35.624562,139.6920278,https://www.nre-mf.co.jp/ja/portfolio/
野村不動産マスターファンド投資法人,プラウドフラット大森Ⅲ,東京都品川区南大井六丁目5番14号,35.5921726,139.731137,https://www.nre-mf.co.jp/ja/portfolio/
野村不動産マスターファンド投資法人,プラウドフラット錦糸町,東京都墨田区江東橋一丁目12番9号,35.6956063,139.8106881,https://www.nre-mf.co.jp/ja/portfolio/
野村不動産マスターファンド投資法人,サミットストア成田東店（底地）,東京都杉並区成田東一丁目35番12,35.6927442,139.6393074,https://www.nre-mf.co.jp/ja/portfolio/
野村不動産マスターファンド投資法人,PMO新日本橋,東京都中央区日本橋本町四丁目3番6号,35.6900899,139.77375789999996,https://www.nre-mf.co.jp/ja/portfolio/
野村不動産マスターファンド投資法人,PMO平河町,東京都千代田区平河町二丁目7番3号,35.6790724,139.74017490000006,https://www.nre-mf.co.jp/ja/portfolio/
野村不動産マスターファンド投資法人,GEMS大門,東京都港区芝大門一丁目15番3号,35.65753681259093,139.7541286576027,https://www.nre-mf.co.jp/ja/portfolio/
野村不動産マスターファンド投資法人,GEMS新日本橋,東京都千代田区鍛冶町一丁目9番19号,35.6904759,139.77256910000005,https://www.nre-mf.co.jp/ja/portfolio/
野村不動産マスターファンド投資法人,サミットストア向台町店,東京都西東京市向台町三丁目5番74号,35.7182109,139.53496540000003,https://www.nre-mf.co.jp/ja/portfolio/
野村不動産マスターファンド投資法人,Landport八王子Ⅱ,東京都八王子市石川町2970番地3,35.67411116018743,139.3708795759186,https://www.nre-mf.co.jp/ja/portfolio/
野村不動産マスターファンド投資法人,Landport岩槻,埼玉県さいたま市岩槻区上野五丁目2番地9,35.9765019,139.69361030000005,https://www.nre-mf.co.jp/ja/portfolio/
野村不動産マスターファンド投資法人,ホテルビスタ札幌大通,北海道札幌市中央区南三条西五丁目16番地,43.0568435,141.35037980000004,https://www.nre-mf.co.jp/ja/portfolio/
野村不動産マスターファンド投資法人,PMO日本橋三越前,東京都中央区日本橋本町三丁目4番5号,35.688911470775054,139.7746335362251,https://www.nre-mf.co.jp/ja/portfolio/
野村不動産マスターファンド投資法人,PMO芝大門,東京都港区芝大門1丁目10番18号,35.65885970000001,139.75270739999996,https://www.nre-mf.co.jp/ja/portfolio/
野村不動産マスターファンド投資法人,プラウドフラット三軒茶屋Ⅱ,東京都世田谷区太子堂一丁目15番31号,35.64212839757851,139.674725982209,https://www.nre-mf.co.jp/ja/portfolio/
野村不動産マスターファンド投資法人,プラウドフラット外神田,東京都千代田区外神田二丁目5番9号,35.700667437918575,139.76901142638928,https://www.nre-mf.co.jp/ja/portfolio/
野村不動産マスターファンド投資法人,プラウドフラット登戸,神奈川県川崎市多摩区登戸字辛耕地3333番地1他2筆(住居表示未実施),35.619733327790165,139.57124753988114,https://www.nre-mf.co.jp/ja/portfolio/
野村不動産マスターファンド投資法人,プラウドフラット代々木八幡,東京都渋谷区富ヶ谷二丁目16番11号,35.6636515,139.68576610000002,https://www.nre-mf.co.jp/ja/portfolio/
野村不動産マスターファンド投資法人,プラウドフラット中落合,東京都新宿区中落合一丁目6番16号,35.71690501955539,139.6908469,https://www.nre-mf.co.jp/ja/portfolio/
野村不動産マスターファンド投資法人,NMF神戸名谷ビル,兵庫県神戸市須磨区西落合一丁目1番11号,34.677516,135.092093,https://www.nre-mf.co.jp/ja/portfolio/
野村不動産マスターファンド投資法人,セレニテ心斎橋グランデ,大阪府大阪市中央区南船場二丁目7番6号,34.676966,135.505196,https://www.nre-mf.co.jp/ja/portfolio/
野村不動産マスターファンド投資法人,PMO田町Ⅱ,東京都港区芝四丁目13番3号,35.647730,139.749814,https://www.nre-mf.co.jp/ja/portfolio/
野村不動産マスターファンド投資法人,PMO八丁堀新川,東京都中央区新川二丁目9番11号,35.675039,139.780187,https://www.nre-mf.co.jp/ja/portfolio/
野村不動産マスターファンド投資法人,PMO八丁堀Ⅲ,東京都中央区八丁堀三丁目18番6号,35.674808,139.776283,https://www.nre-mf.co.jp/ja/portfolio/
野村不動産マスターファンド投資法人,GEMS新橋,東京都港区新橋二丁目12番8号,35.666974608812076,139.7549005515205,https://www.nre-mf.co.jp/ja/portfolio/
野村不動産マスターファンド投資法人,GEMS茅場町,東京都中央区新川一丁目1番7号,35.679378,139.782159,https://www.nre-mf.co.jp/ja/portfolio/
野村不動産マスターファンド投資法人,サミットストア本天沼店,東京都杉並区本天沼二丁目42番11号,35.716306,139.627324,https://www.nre-mf.co.jp/ja/portfolio/
野村不動産マスターファンド投資法人,GEMS新横浜,神奈川県横浜市港北区新横浜二丁目5番地17(住居表示未実施),35.509096,139.615461,https://www.nre-mf.co.jp/ja/portfolio/
野村不動産マスターファンド投資法人,GEMSなんば,大阪府大阪市中央区難波三丁目7番19号,34.666196,135.500660,https://www.nre-mf.co.jp/ja/portfolio/
野村不動産マスターファンド投資法人,Landport青梅Ⅰ,東京都青梅市末広町二丁目9番地1(住居表示未実施),35.780476,139.309450,https://www.nre-mf.co.jp/ja/portfolio/
野村不動産マスターファンド投資法人,PMO御茶ノ水,東京都千代田区神田駿河台四丁目4番地1(住居表示未実施),35.698109,139.766349,https://www.nre-mf.co.jp/ja/portfolio/
野村不動産マスターファンド投資法人,コンフォートイン那覇泊港,沖縄県那覇市前島三丁目1番4,26.221406,127.682742,https://www.nre-mf.co.jp/ja/portfolio/
野村不動産マスターファンド投資法人,PMO秋葉原北,東京都台東区台東一丁目31番7号,35.7023774,139.776564,https://www.nre-mf.co.jp/ja/portfolio/
野村不動産マスターファンド投資法人,PMO東新橋,東京都港区東新橋二丁目12番1号,35.6604735,139.7558904,https://www.nre-mf.co.jp/ja/portfolio/
野村不動産マスターファンド投資法人,プラウドフラット渋谷富ヶ谷,東京都渋谷区富ヶ谷二丁目20番8号,35.6625251,139.6864997,https://www.nre-mf.co.jp/ja/portfolio/
野村不動産マスターファンド投資法人,プラウドフラット宮崎台,神奈川県川崎市宮前区宮崎二丁目8番1,35.5880447,139.59236340000007,https://www.nre-mf.co.jp/ja/portfolio/
野村不動産マスターファンド投資法人,プラウドフラット浅草橋Ⅲ,東京都台東区柳橋一丁目25番2号,35.6974976,139.78773090000004,https://www.nre-mf.co.jp/ja/portfolio/
野村不動産マスターファンド投資法人,プラウドフラット戸越公園,東京都品川区戸越六丁目8番4号,35.6076587,139.7180252,https://www.nre-mf.co.jp/ja/portfolio/
野村不動産マスターファンド投資法人,Landport東習志野,千葉県習志野市東習志野七丁目3番1号,35.7018458,140.0757388,https://www.nre-mf.co.jp/ja/portfolio/
野村不動産マスターファンド投資法人,PMO浜松町,東京都港区浜松町二丁目5番5号,35.6542017,139.7564009,https://www.nre-mf.co.jp/ja/portfolio/
野村不動産マスターファンド投資法人,GEMS三軒茶屋,東京都世田谷区太子堂四丁目23番11号,35.6443493,139.6706341,https://www.nre-mf.co.jp/ja/portfolio/
野村不動産マスターファンド投資法人,Landport青梅Ⅱ,東京都青梅市末広町二丁目9番地13(住居表示未実施),35.7804864,139.3097023,https://www.nre-mf.co.jp/ja/portfolio/
野村不動産マスターファンド投資法人,Landport青梅Ⅲ,東京都青梅市末広町二丁目9番地14(住居表示未実施),35.7790085,139.308229,https://www.nre-mf.co.jp/ja/portfolio/
野村不動産マスターファンド投資法人,プラウドフラット戸越銀座,東京都品川区平塚二丁目11番1号,35.6175243,139.713706,https://www.nre-mf.co.jp/ja/portfolio/
野村不動産マスターファンド投資法人,プライムアーバン東中野コート,東京都新宿区北新宿四丁目9番12号,35.7087694,139.6917471,https://www.nre-mf.co.jp/ja/portfolio/
野村不動産マスターファンド投資法人,PMO浜松町Ⅱ,東京都港区芝公園二丁目3番6号,35.6568663935574,139.7526206005943,https://www.nre-mf.co.jp/ja/portfolio/
野村不動産マスターファンド投資法人,プラウドフラット根津谷中,東京都台東区谷中一丁目1番26号,35.720073881864764,139.76872751777364,https://www.nre-mf.co.jp/ja/portfolio/
野村不動産マスターファンド投資法人,Landport東雲・安田倉庫,東京都江東区東雲二丁目13番35号,35.63715862680614,139.8046593084595,https://www.nre-mf.co.jp/ja/portfolio/
野村不動産マスターファンド投資法人,プラウドフラット菊川,東京都墨田区立川四丁目5番10号,35.69077559999999,139.8073729,https://www.nre-mf.co.jp/ja/portfolio/
野村不動産マスターファンド投資法人,プラウドフラット浅草,東京都台東区浅草六丁目18番9号,35.7169816,139.8006996,https://www.nre-mf.co.jp/ja/portfolio/
野村不動産マスターファンド投資法人,プラウドフラット錦糸町Ⅱ,東京都墨田区緑四丁目10番11号,35.6943505,139.8083534,https://www.nre-mf.co.jp/ja/portfolio/
野村不動産マスターファンド投資法人,MEFULL茶屋町,大阪府大阪市北区茶屋町5番8号,34.70654972699638,135.49977190856362,https://www.nre-mf.co.jp/ja/portfolio/
野村不動産マスターファンド投資法人,SOMPO ケア ラヴィーレレジデンス用賀,東京都世田谷区用賀三丁目6番3号,35.6300495,139.6372373,https://www.nre-mf.co.jp/ja/portfolio/
野村不動産マスターファンド投資法人,SOMPO ケア ラヴィーレレジデンス辻堂西海岸,神奈川県藤沢市辻堂西海岸二丁目12番2号,35.3240789,139.4422058,https://www.nre-mf.co.jp/ja/portfolio/
野村不動産マスターファンド投資法人,SOMPO ケア そんぽの家 大森西,東京都大田区大森西七丁目6番30号,35.569344,139.721736,https://www.nre-mf.co.jp/ja/portfolio/
野村不動産マスターファンド投資法人,SOMPO ケア ラヴィーレレジデンス湘南辻堂,神奈川県茅ケ崎市赤松町13番16号,35.3380285,139.4422152,https://www.nre-mf.co.jp/ja/portfolio/
野村不動産マスターファンド投資法人,KOKO HOTEL 京都三条,京都府京都市左京区新堺町通仁王門下る和国町407番地6,35.01001600000001,135.7759313,https://www.nre-mf.co.jp/ja/portfolio/
野村不動産マスターファンド投資法人,プラウドフラット渋谷笹塚,東京都渋谷区幡ケ谷三丁目80番12号,35.6804536,139.669943,https://www.nre-mf.co.jp/ja/portfolio/
野村不動産マスターファンド投資法人,プラウドフラット浅草ディアージュ,東京都台東区浅草六丁目24番4号,35.7176696,139.8011528,https://www.nre-mf.co.jp/ja/portfolio/
野村不動産マスターファンド投資法人,イリーゼ浦安,千葉県浦安市東野三丁目2番11号,35.6456896,139.8952621,https://www.nre-mf.co.jp/ja/portfolio/
野村不動産マスターファンド投資法人,KOKO HOTEL 金沢駅前,石川県金沢市堀川新町8番13号,36.5805553,136.6504911,https://www.nre-mf.co.jp/ja/portfolio/
野村不動産マスターファンド投資法人,MIMARU SUITES 東京浅草,東京都台東区花川戸一丁目10番13号,35.712975999593375,139.79945875459632,https://www.nre-mf.co.jp/ja/portfolio/
野村不動産マスターファンド投資法人,MEFULL千歳烏山,東京都世田谷区南烏山五丁目19番11号,35.6669519,139.6022437,https://www.nre-mf.co.jp/ja/portfolio/
野村不動産マスターファンド投資法人,プライムアーバン西日暮里,東京都荒川区西日暮里一丁目49番10号,35.734837,139.77308,https://www.nre-mf.co.jp/ja/portfolio/
野村不動産マスターファンド投資法人,Landport多摩,東京都八王子市鑓水二丁目108番地4,35.6095474,139.3537702,https://www.nre-mf.co.jp/ja/portfolio/
野村不動産マスターファンド投資法人,ラ・ジェント・ステイ函館駅前/HAKOViVA,北海道函館市若松町12番8号,41.7741299,140.7272214,https://www.nre-mf.co.jp/ja/portfolio/
野村不動産マスターファンド投資法人,ホテル・アンドルームス新大阪,大阪府大阪市淀川区西宮原一丁目4番28号,34.7324665,135.4935424,https://www.nre-mf.co.jp/ja/portfolio/
野村不動産マスターファンド投資法人,プラウドフラット浅草トレサージュ,東京都台東区浅草六丁目25番11号,35.7177409,139.8007595,https://www.nre-mf.co.jp/ja/portfolio/
野村不動産マスターファンド投資法人,プラウドフラット日暮里,東京都荒川区東日暮里六丁目6番6号,35.7307911,139.7785131,https://www.nre-mf.co.jp/ja/portfolio/
野村不動産マスターファンド投資法人,H¹O日本橋小舟町,東京都中央区日本橋小舟町8番6号,35.68577544985585,139.77834508035656,https://www.nre-mf.co.jp/ja/portfolio/
野村不動産マスターファンド投資法人,＆HOTEL HAKATA,福岡県福岡市博多区冷泉町9番6号,33.5947355,130.4115379,https://www.nre-mf.co.jp/ja/portfolio/
野村不動産マスターファンド投資法人,H¹O青山,東京都渋谷区神宮前三丁目1番30号,35.669708973653876,139.71465779384846,https://www.nre-mf.co.jp/ja/portfolio/
野村不動産マスターファンド投資法人,GEMS立川,東京都立川市柴崎町三丁目6番9号,35.69643852476435,139.41381256260033,https://www.nre-mf.co.jp/ja/portfolio/
野村不動産マスターファンド投資法人,プラウドフラット清澄通り,東京都江東区深川二丁目20番1号,35.6773649,139.7975856,https://www.nre-mf.co.jp/ja/portfolio/
野村不動産マスターファンド投資法人,ベストウェスタンホテルフィーノ東京赤坂,東京都港区赤坂三丁目7番12号,35.674748,139.7378006,https://www.nre-mf.co.jp/ja/portfolio/
