muni,muni_code,q_count,first_q,last_q,chg_1y,chg_3y,chg_5y,chg_10y,chg_all,cagr_10y,vol,cnt_chg_5y,trend_json
千代田区,13101,83,2005Q3,2026Q1,22.8,36.4,43.9,73.0,100.7,5.63,6.9,79.8,"[{""y"":2016,""q"":2,""v"":1026667,""n"":81},{""y"":2016,""q"":3,""v"":1050000,""n"":67},{""y"":2016,""q"":4,""v"":1075000,""n"":75},{""y"":2017,""q"":1,""v"":1100000,""n"":87},{""y"":2017,""q"":2,""v"":1124546,""n"":60},{""y"":2017,""q"":3,""v"":1137500,""n"":70},{""y"":2017,""q"":4,""v"":1073810,""n"":66},{""y"":2018,""q"":1,""v"":1100000,""n"":80},{""y"":2018,""q"":2,""v"":1128334,""n"":64},{""y"":2018,""q"":3,""v"":1100000,""n"":59},{""y"":2018,""q"":4,""v"":1200000,""n"":60},{""y"":2019,""q"":1,""v"":1200000,""n"":58},{""y"":2019,""q"":2,""v"":1150000,""n"":57},{""y"":2019,""q"":3,""v"":1200000,""n"":70},{""y"":2019,""q"":4,""v"":1200000,""n"":46},{""y"":2020,""q"":1,""v"":1240000,""n"":67},{""y"":2020,""q"":2,""v"":1250000,""n"":53},{""y"":2020,""q"":3,""v"":1200000,""n"":67},{""y"":2020,""q"":4,""v"":1300000,""n"":63},{""y"":2021,""q"":1,""v"":1214286,""n"":129},{""y"":2021,""q"":2,""v"":1200000,""n"":132},{""y"":2021,""q"":3,""v"":1285714,""n"":111},{""y"":2021,""q"":4,""v"":1315477,""n"":142},{""y"":2022,""q"":1,""v"":1333333,""n"":135},{""y"":2022,""q"":2,""v"":1300000,""n"":155},{""y"":2022,""q"":3,""v"":1304546,""n"":134},{""y"":2022,""q"":4,""v"":1300000,""n"":144},{""y"":2023,""q"":1,""v"":1300000,""n"":123},{""y"":2023,""q"":2,""v"":1360000,""n"":118},{""y"":2023,""q"":3,""v"":1350000,""n"":119},{""y"":2023,""q"":4,""v"":1371429,""n"":133},{""y"":2024,""q"":1,""v"":1447273,""n"":128},{""y"":2024,""q"":2,""v"":1350000,""n"":118},{""y"":2024,""q"":3,""v"":1436508,""n"":114},{""y"":2024,""q"":4,""v"":1450000,""n"":123},{""y"":2025,""q"":1,""v"":1600000,""n"":141},{""y"":2025,""q"":2,""v"":1705556,""n"":160},{""y"":2025,""q"":3,""v"":1560000,""n"":161},{""y"":2025,""q"":4,""v"":1840000,""n"":141},{""y"":2026,""q"":1,""v"":2000000,""n"":99}]"
中央区,13102,83,2005Q3,2026Q1,16.9,44.5,61.5,87.3,162.8,6.48,4.8,78.7,"[{""y"":2016,""q"":2,""v"":1000000,""n"":168},{""y"":2016,""q"":3,""v"":1000000,""n"":190},{""y"":2016,""q"":4,""v"":1000000,""n"":197},{""y"":2017,""q"":1,""v"":981818,""n"":187},{""y"":2017,""q"":2,""v"":1000000,""n"":170},{""y"":2017,""q"":3,""v"":1000000,""n"":195},{""y"":2017,""q"":4,""v"":1014286,""n"":183},{""y"":2018,""q"":1,""v"":1028571,""n"":177},{""y"":2018,""q"":2,""v"":1019618,""n"":170},{""y"":2018,""q"":3,""v"":1009091,""n"":164},{""y"":2018,""q"":4,""v"":1053333,""n"":145},{""y"":2019,""q"":1,""v"":1050000,""n"":186},{""y"":2019,""q"":2,""v"":1059341,""n"":182},{""y"":2019,""q"":3,""v"":1061538,""n"":220},{""y"":2019,""q"":4,""v"":1040000,""n"":185},{""y"":2020,""q"":1,""v"":1083333,""n"":217},{""y"":2020,""q"":2,""v"":1083333,""n"":133},{""y"":2020,""q"":3,""v"":1100000,""n"":197},{""y"":2020,""q"":4,""v"":1120000,""n"":231},{""y"":2021,""q"":1,""v"":1103334,""n"":386},{""y"":2021,""q"":2,""v"":1125000,""n"":448},{""y"":2021,""q"":3,""v"":1127273,""n"":409},{""y"":2021,""q"":4,""v"":1150000,""n"":429},{""y"":2022,""q"":1,""v"":1174167,""n"":390},{""y"":2022,""q"":2,""v"":1167949,""n"":374},{""y"":2022,""q"":3,""v"":1222222,""n"":391},{""y"":2022,""q"":4,""v"":1240000,""n"":411},{""y"":2023,""q"":1,""v"":1248077,""n"":408},{""y"":2023,""q"":2,""v"":1250000,""n"":425},{""y"":2023,""q"":3,""v"":1250000,""n"":441},{""y"":2023,""q"":4,""v"":1333333,""n"":464},{""y"":2024,""q"":1,""v"":1383333,""n"":441},{""y"":2024,""q"":2,""v"":1400000,""n"":466},{""y"":2024,""q"":3,""v"":1444444,""n"":425},{""y"":2024,""q"":4,""v"":1618182,""n"":363},{""y"":2025,""q"":1,""v"":1600000,""n"":469},{""y"":2025,""q"":2,""v"":1666667,""n"":455},{""y"":2025,""q"":3,""v"":1757778,""n"":488},{""y"":2025,""q"":4,""v"":1800000,""n"":419},{""y"":2026,""q"":1,""v"":1857143,""n"":330}]"
港区,13103,83,2005Q3,2026Q1,14.5,41.4,55.3,88.2,159.1,6.53,6.2,95.5,"[{""y"":2016,""q"":2,""v"":1084524,""n"":194},{""y"":2016,""q"":3,""v"":1075000,""n"":237},{""y"":2016,""q"":4,""v"":1100000,""n"":198},{""y"":2017,""q"":1,""v"":1100000,""n"":237},{""y"":2017,""q"":2,""v"":1170000,""n"":182},{""y"":2017,""q"":3,""v"":1150000,""n"":175},{""y"":2017,""q"":4,""v"":1168750,""n"":164},{""y"":2018,""q"":1,""v"":1151471,""n"":220},{""y"":2018,""q"":2,""v"":1150000,""n"":199},{""y"":2018,""q"":3,""v"":1228571,""n"":174},{""y"":2018,""q"":4,""v"":1153948,""n"":168},{""y"":2019,""q"":1,""v"":1222222,""n"":193},{""y"":2019,""q"":2,""v"":1233333,""n"":171},{""y"":2019,""q"":3,""v"":1250000,""n"":206},{""y"":2019,""q"":4,""v"":1300000,""n"":206},{""y"":2020,""q"":1,""v"":1250000,""n"":225},{""y"":2020,""q"":2,""v"":1250000,""n"":137},{""y"":2020,""q"":3,""v"":1300000,""n"":218},{""y"":2020,""q"":4,""v"":1300000,""n"":224},{""y"":2021,""q"":1,""v"":1250000,""n"":469},{""y"":2021,""q"":2,""v"":1307692,""n"":491},{""y"":2021,""q"":3,""v"":1320000,""n"":442},{""y"":2021,""q"":4,""v"":1300000,""n"":432},{""y"":2022,""q"":1,""v"":1353572,""n"":500},{""y"":2022,""q"":2,""v"":1400000,""n"":463},{""y"":2022,""q"":3,""v"":1400000,""n"":491},{""y"":2022,""q"":4,""v"":1447222,""n"":526},{""y"":2023,""q"":1,""v"":1375000,""n"":463},{""y"":2023,""q"":2,""v"":1485455,""n"":514},{""y"":2023,""q"":3,""v"":1525000,""n"":495},{""y"":2023,""q"":4,""v"":1480128,""n"":520},{""y"":2024,""q"":1,""v"":1567533,""n"":510},{""y"":2024,""q"":2,""v"":1682106,""n"":500},{""y"":2024,""q"":3,""v"":1600000,""n"":442},{""y"":2024,""q"":4,""v"":1785646,""n"":466},{""y"":2025,""q"":1,""v"":1777778,""n"":537},{""y"":2025,""q"":2,""v"":2000000,""n"":552},{""y"":2025,""q"":3,""v"":1960000,""n"":542},{""y"":2025,""q"":4,""v"":1933333,""n"":535},{""y"":2026,""q"":1,""v"":2000000,""n"":420}]"
新宿区,13104,83,2005Q3,2026Q1,4.3,18.3,21.3,47.2,107.2,3.94,5.1,97.7,"[{""y"":2016,""q"":2,""v"":904546,""n"":196},{""y"":2016,""q"":3,""v"":950000,""n"":216},{""y"":2016,""q"":4,""v"":900000,""n"":184},{""y"":2017,""q"":1,""v"":950000,""n"":227},{""y"":2017,""q"":2,""v"":926667,""n"":192},{""y"":2017,""q"":3,""v"":942857,""n"":208},{""y"":2017,""q"":4,""v"":979167,""n"":222},{""y"":2018,""q"":1,""v"":1000000,""n"":221},{""y"":2018,""q"":2,""v"":950000,""n"":183},{""y"":2018,""q"":3,""v"":1050000,""n"":189},{""y"":2018,""q"":4,""v"":1041429,""n"":196},{""y"":2019,""q"":1,""v"":1050000,""n"":205},{""y"":2019,""q"":2,""v"":1050000,""n"":198},{""y"":2019,""q"":3,""v"":1000000,""n"":211},{""y"":2019,""q"":4,""v"":1040000,""n"":190},{""y"":2020,""q"":1,""v"":1100000,""n"":230},{""y"":2020,""q"":2,""v"":1100000,""n"":159},{""y"":2020,""q"":3,""v"":1114286,""n"":217},{""y"":2020,""q"":4,""v"":1066667,""n"":257},{""y"":2021,""q"":1,""v"":1057143,""n"":359},{""y"":2021,""q"":2,""v"":1066667,""n"":412},{""y"":2021,""q"":3,""v"":1066667,""n"":413},{""y"":2021,""q"":4,""v"":1100000,""n"":445},{""y"":2022,""q"":1,""v"":1120000,""n"":395},{""y"":2022,""q"":2,""v"":1114286,""n"":425},{""y"":2022,""q"":3,""v"":1100000,""n"":431},{""y"":2022,""q"":4,""v"":1120000,""n"":455},{""y"":2023,""q"":1,""v"":1108392,""n"":422},{""y"":2023,""q"":2,""v"":1150000,""n"":451},{""y"":2023,""q"":3,""v"":1150000,""n"":452},{""y"":2023,""q"":4,""v"":1150000,""n"":406},{""y"":2024,""q"":1,""v"":1250000,""n"":470},{""y"":2024,""q"":2,""v"":1253572,""n"":460},{""y"":2024,""q"":3,""v"":1250000,""n"":422},{""y"":2024,""q"":4,""v"":1266667,""n"":433},{""y"":2025,""q"":1,""v"":1300000,""n"":516},{""y"":2025,""q"":2,""v"":1300000,""n"":494},{""y"":2025,""q"":3,""v"":1309091,""n"":556},{""y"":2025,""q"":4,""v"":1346429,""n"":520},{""y"":2026,""q"":1,""v"":1320000,""n"":391}]"
文京区,13105,83,2005Q3,2026Q1,16.1,25.2,31.3,62.2,92.3,4.96,5.1,72.0,"[{""y"":2016,""q"":2,""v"":900000,""n"":127},{""y"":2016,""q"":3,""v"":877500,""n"":136},{""y"":2016,""q"":4,""v"":928571,""n"":135},{""y"":2017,""q"":1,""v"":907692,""n"":133},{""y"":2017,""q"":2,""v"":954701,""n"":118},{""y"":2017,""q"":3,""v"":936667,""n"":140},{""y"":2017,""q"":4,""v"":920000,""n"":117},{""y"":2018,""q"":1,""v"":942857,""n"":141},{""y"":2018,""q"":2,""v"":975715,""n"":114},{""y"":2018,""q"":3,""v"":1000000,""n"":129},{""y"":2018,""q"":4,""v"":933517,""n"":154},{""y"":2019,""q"":1,""v"":990000,""n"":126},{""y"":2019,""q"":2,""v"":981818,""n"":119},{""y"":2019,""q"":3,""v"":1000000,""n"":118},{""y"":2019,""q"":4,""v"":1050000,""n"":142},{""y"":2020,""q"":1,""v"":1027885,""n"":194},{""y"":2020,""q"":2,""v"":1000000,""n"":116},{""y"":2020,""q"":3,""v"":1066667,""n"":124},{""y"":2020,""q"":4,""v"":1066667,""n"":157},{""y"":2021,""q"":1,""v"":1055556,""n"":279},{""y"":2021,""q"":2,""v"":1075000,""n"":259},{""y"":2021,""q"":3,""v"":1072727,""n"":265},{""y"":2021,""q"":4,""v"":1107692,""n"":299},{""y"":2022,""q"":1,""v"":1135898,""n"":262},{""y"":2022,""q"":2,""v"":1100000,""n"":255},{""y"":2022,""q"":3,""v"":1111111,""n"":275},{""y"":2022,""q"":4,""v"":1114286,""n"":301},{""y"":2023,""q"":1,""v"":1150000,""n"":285},{""y"":2023,""q"":2,""v"":1123077,""n"":291},{""y"":2023,""q"":3,""v"":1112500,""n"":291},{""y"":2023,""q"":4,""v"":1162281,""n"":270},{""y"":2024,""q"":1,""v"":1213943,""n"":296},{""y"":2024,""q"":2,""v"":1200000,""n"":262},{""y"":2024,""q"":3,""v"":1250000,""n"":262},{""y"":2024,""q"":4,""v"":1160000,""n"":245},{""y"":2025,""q"":1,""v"":1200000,""n"":330},{""y"":2025,""q"":2,""v"":1280000,""n"":326},{""y"":2025,""q"":3,""v"":1357143,""n"":309},{""y"":2025,""q"":4,""v"":1428571,""n"":295},{""y"":2026,""q"":1,""v"":1428571,""n"":233}]"
台東区,13106,83,2005Q3,2026Q1,6.2,19.6,23.8,61.6,126.5,4.92,6.9,77.8,"[{""y"":2016,""q"":2,""v"":755000,""n"":116},{""y"":2016,""q"":3,""v"":800000,""n"":114},{""y"":2016,""q"":4,""v"":750000,""n"":100},{""y"":2017,""q"":1,""v"":800000,""n"":120},{""y"":2017,""q"":2,""v"":800000,""n"":99},{""y"":2017,""q"":3,""v"":833333,""n"":100},{""y"":2017,""q"":4,""v"":800000,""n"":103},{""y"":2018,""q"":1,""v"":880000,""n"":119},{""y"":2018,""q"":2,""v"":866667,""n"":119},{""y"":2018,""q"":3,""v"":870834,""n"":94},{""y"":2018,""q"":4,""v"":877500,""n"":130},{""y"":2019,""q"":1,""v"":900000,""n"":134},{""y"":2019,""q"":2,""v"":858572,""n"":142},{""y"":2019,""q"":3,""v"":892857,""n"":124},{""y"":2019,""q"":4,""v"":900000,""n"":121},{""y"":2020,""q"":1,""v"":950000,""n"":165},{""y"":2020,""q"":2,""v"":920000,""n"":109},{""y"":2020,""q"":3,""v"":885714,""n"":144},{""y"":2020,""q"":4,""v"":938095,""n"":160},{""y"":2021,""q"":1,""v"":933333,""n"":249},{""y"":2021,""q"":2,""v"":920000,""n"":259},{""y"":2021,""q"":3,""v"":920000,""n"":243},{""y"":2021,""q"":4,""v"":894118,""n"":255},{""y"":2022,""q"":1,""v"":942857,""n"":245},{""y"":2022,""q"":2,""v"":952778,""n"":264},{""y"":2022,""q"":3,""v"":954701,""n"":252},{""y"":2022,""q"":4,""v"":965152,""n"":284},{""y"":2023,""q"":1,""v"":973215,""n"":254},{""y"":2023,""q"":2,""v"":980000,""n"":243},{""y"":2023,""q"":3,""v"":979167,""n"":284},{""y"":2023,""q"":4,""v"":1018182,""n"":266},{""y"":2024,""q"":1,""v"":1046154,""n"":257},{""y"":2024,""q"":2,""v"":1072727,""n"":315},{""y"":2024,""q"":3,""v"":1050000,""n"":244},{""y"":2024,""q"":4,""v"":1107692,""n"":261},{""y"":2025,""q"":1,""v"":1088889,""n"":308},{""y"":2025,""q"":2,""v"":1128571,""n"":311},{""y"":2025,""q"":3,""v"":1112699,""n"":316},{""y"":2025,""q"":4,""v"":1228571,""n"":307},{""y"":2026,""q"":1,""v"":1166667,""n"":243}]"
墨田区,13107,83,2005Q3,2026Q1,7.9,16.6,22.2,58.8,146.0,4.73,8.9,62.2,"[{""y"":2016,""q"":2,""v"":707692,""n"":115},{""y"":2016,""q"":3,""v"":727273,""n"":115},{""y"":2016,""q"":4,""v"":733333,""n"":103},{""y"":2017,""q"":1,""v"":750000,""n"":106},{""y"":2017,""q"":2,""v"":750000,""n"":99},{""y"":2017,""q"":3,""v"":750000,""n"":103},{""y"":2017,""q"":4,""v"":761818,""n"":124},{""y"":2018,""q"":1,""v"":800000,""n"":133},{""y"":2018,""q"":2,""v"":800000,""n"":119},{""y"":2018,""q"":3,""v"":800000,""n"":129},{""y"":2018,""q"":4,""v"":850000,""n"":123},{""y"":2019,""q"":1,""v"":836667,""n"":154},{""y"":2019,""q"":2,""v"":900000,""n"":142},{""y"":2019,""q"":3,""v"":920000,""n"":147},{""y"":2019,""q"":4,""v"":960000,""n"":133},{""y"":2020,""q"":1,""v"":880000,""n"":178},{""y"":2020,""q"":2,""v"":840000,""n"":123},{""y"":2020,""q"":3,""v"":866667,""n"":159},{""y"":2020,""q"":4,""v"":900000,""n"":177},{""y"":2021,""q"":1,""v"":846154,""n"":303},{""y"":2021,""q"":2,""v"":777778,""n"":291},{""y"":2021,""q"":3,""v"":833333,""n"":267},{""y"":2021,""q"":4,""v"":900000,""n"":323},{""y"":2022,""q"":1,""v"":847222,""n"":288},{""y"":2022,""q"":2,""v"":850000,""n"":256},{""y"":2022,""q"":3,""v"":882857,""n"":276},{""y"":2022,""q"":4,""v"":920000,""n"":296},{""y"":2023,""q"":1,""v"":912879,""n"":280},{""y"":2023,""q"":2,""v"":906667,""n"":249},{""y"":2023,""q"":3,""v"":944762,""n"":286},{""y"":2023,""q"":4,""v"":914286,""n"":267},{""y"":2024,""q"":1,""v"":926786,""n"":276},{""y"":2024,""q"":2,""v"":966667,""n"":285},{""y"":2024,""q"":3,""v"":1000000,""n"":268},{""y"":2024,""q"":4,""v"":960000,""n"":295},{""y"":2025,""q"":1,""v"":972381,""n"":330},{""y"":2025,""q"":2,""v"":1000000,""n"":329},{""y"":2025,""q"":3,""v"":1038182,""n"":342},{""y"":2025,""q"":4,""v"":1055000,""n"":330},{""y"":2026,""q"":1,""v"":1066667,""n"":235}]"
江東区,13108,83,2005Q3,2026Q1,12.0,23.7,41.2,82.2,188.7,6.18,5.8,86.8,"[{""y"":2016,""q"":2,""v"":650926,""n"":206},{""y"":2016,""q"":3,""v"":692308,""n"":228},{""y"":2016,""q"":4,""v"":653939,""n"":258},{""y"":2017,""q"":1,""v"":707692,""n"":247},{""y"":2017,""q"":2,""v"":633333,""n"":211},{""y"":2017,""q"":3,""v"":703846,""n"":244},{""y"":2017,""q"":4,""v"":725824,""n"":242},{""y"":2018,""q"":1,""v"":692308,""n"":257},{""y"":2018,""q"":2,""v"":712500,""n"":269},{""y"":2018,""q"":3,""v"":690909,""n"":245},{""y"":2018,""q"":4,""v"":786667,""n"":247},{""y"":2019,""q"":1,""v"":733333,""n"":285},{""y"":2019,""q"":2,""v"":739819,""n"":242},{""y"":2019,""q"":3,""v"":714584,""n"":230},{""y"":2019,""q"":4,""v"":800000,""n"":241},{""y"":2020,""q"":1,""v"":800000,""n"":291},{""y"":2020,""q"":2,""v"":784524,""n"":218},{""y"":2020,""q"":3,""v"":817425,""n"":312},{""y"":2020,""q"":4,""v"":800000,""n"":329},{""y"":2021,""q"":1,""v"":786667,""n"":545},{""y"":2021,""q"":2,""v"":822222,""n"":651},{""y"":2021,""q"":3,""v"":815385,""n"":600},{""y"":2021,""q"":4,""v"":857143,""n"":628},{""y"":2022,""q"":1,""v"":862500,""n"":581},{""y"":2022,""q"":2,""v"":910796,""n"":654},{""y"":2022,""q"":3,""v"":900000,""n"":644},{""y"":2022,""q"":4,""v"":914286,""n"":584},{""y"":2023,""q"":1,""v"":900000,""n"":594},{""y"":2023,""q"":2,""v"":920000,""n"":608},{""y"":2023,""q"":3,""v"":966667,""n"":639},{""y"":2023,""q"":4,""v"":1000000,""n"":616},{""y"":2024,""q"":1,""v"":993750,""n"":682},{""y"":2024,""q"":2,""v"":1000000,""n"":656},{""y"":2024,""q"":3,""v"":1000000,""n"":576},{""y"":2024,""q"":4,""v"":1000000,""n"":588},{""y"":2025,""q"":1,""v"":1000000,""n"":731},{""y"":2025,""q"":2,""v"":1066667,""n"":690},{""y"":2025,""q"":3,""v"":1120000,""n"":737},{""y"":2025,""q"":4,""v"":1166667,""n"":641},{""y"":2026,""q"":1,""v"":1120000,""n"":555}]"
品川区,13109,83,2005Q3,2026Q1,5.4,20.9,29.5,54.0,122.9,4.41,8.2,86.2,"[{""y"":2016,""q"":2,""v"":900000,""n"":201},{""y"":2016,""q"":3,""v"":858824,""n"":183},{""y"":2016,""q"":4,""v"":950000,""n"":173},{""y"":2017,""q"":1,""v"":892857,""n"":188},{""y"":2017,""q"":2,""v"":909091,""n"":140},{""y"":2017,""q"":3,""v"":950000,""n"":195},{""y"":2017,""q"":4,""v"":950000,""n"":173},{""y"":2018,""q"":1,""v"":1000000,""n"":190},{""y"":2018,""q"":2,""v"":909091,""n"":179},{""y"":2018,""q"":3,""v"":1000000,""n"":161},{""y"":2018,""q"":4,""v"":983333,""n"":187},{""y"":2019,""q"":1,""v"":953846,""n"":195},{""y"":2019,""q"":2,""v"":1000000,""n"":200},{""y"":2019,""q"":3,""v"":990000,""n"":180},{""y"":2019,""q"":4,""v"":1000000,""n"":169},{""y"":2020,""q"":1,""v"":1015385,""n"":229},{""y"":2020,""q"":2,""v"":1053572,""n"":160},{""y"":2020,""q"":3,""v"":1008334,""n"":216},{""y"":2020,""q"":4,""v"":1000000,""n"":220},{""y"":2021,""q"":1,""v"":1000000,""n"":365},{""y"":2021,""q"":2,""v"":1000000,""n"":438},{""y"":2021,""q"":3,""v"":1043651,""n"":408},{""y"":2021,""q"":4,""v"":1057143,""n"":409},{""y"":2022,""q"":1,""v"":1076923,""n"":407},{""y"":2022,""q"":2,""v"":1050000,""n"":409},{""y"":2022,""q"":3,""v"":1066667,""n"":346},{""y"":2022,""q"":4,""v"":1083333,""n"":375},{""y"":2023,""q"":1,""v"":1106667,""n"":405},{""y"":2023,""q"":2,""v"":1084524,""n"":390},{""y"":2023,""q"":3,""v"":1130952,""n"":410},{""y"":2023,""q"":4,""v"":1200000,""n"":465},{""y"":2024,""q"":1,""v"":1200000,""n"":408},{""y"":2024,""q"":2,""v"":1216667,""n"":459},{""y"":2024,""q"":3,""v"":1150000,""n"":396},{""y"":2024,""q"":4,""v"":1250000,""n"":459},{""y"":2025,""q"":1,""v"":1285714,""n"":502},{""y"":2025,""q"":2,""v"":1250000,""n"":500},{""y"":2025,""q"":3,""v"":1300000,""n"":509},{""y"":2025,""q"":4,""v"":1300000,""n"":442},{""y"":2026,""q"":1,""v"":1350000,""n"":338}]"
目黒区,13110,83,2005Q3,2026Q1,8.8,17.9,26.8,47.7,99.3,3.98,7.1,99.1,"[{""y"":2016,""q"":2,""v"":900000,""n"":93},{""y"":2016,""q"":3,""v"":916667,""n"":93},{""y"":2016,""q"":4,""v"":930952,""n"":92},{""y"":2017,""q"":1,""v"":950000,""n"":94},{""y"":2017,""q"":2,""v"":952778,""n"":78},{""y"":2017,""q"":3,""v"":1000000,""n"":71},{""y"":2017,""q"":4,""v"":1010527,""n"":82},{""y"":2018,""q"":1,""v"":1066667,""n"":87},{""y"":2018,""q"":2,""v"":1000000,""n"":94},{""y"":2018,""q"":3,""v"":1050000,""n"":76},{""y"":2018,""q"":4,""v"":953782,""n"":86},{""y"":2019,""q"":1,""v"":1075962,""n"":76},{""y"":2019,""q"":2,""v"":1000000,""n"":97},{""y"":2019,""q"":3,""v"":970834,""n"":98},{""y"":2019,""q"":4,""v"":1044444,""n"":79},{""y"":2020,""q"":1,""v"":1080000,""n"":108},{""y"":2020,""q"":2,""v"":1095455,""n"":58},{""y"":2020,""q"":3,""v"":1037500,""n"":90},{""y"":2020,""q"":4,""v"":1125000,""n"":92},{""y"":2021,""q"":1,""v"":1066667,""n"":218},{""y"":2021,""q"":2,""v"":1073334,""n"":238},{""y"":2021,""q"":3,""v"":1114584,""n"":206},{""y"":2021,""q"":4,""v"":1091609,""n"":220},{""y"":2022,""q"":1,""v"":1200000,""n"":232},{""y"":2022,""q"":2,""v"":1129412,""n"":277},{""y"":2022,""q"":3,""v"":1166667,""n"":223},{""y"":2022,""q"":4,""v"":1158948,""n"":240},{""y"":2023,""q"":1,""v"":1181818,""n"":213},{""y"":2023,""q"":2,""v"":1200000,""n"":203},{""y"":2023,""q"":3,""v"":1200000,""n"":219},{""y"":2023,""q"":4,""v"":1225000,""n"":236},{""y"":2024,""q"":1,""v"":1200000,""n"":249},{""y"":2024,""q"":2,""v"":1200000,""n"":215},{""y"":2024,""q"":3,""v"":1240000,""n"":233},{""y"":2024,""q"":4,""v"":1280000,""n"":233},{""y"":2025,""q"":1,""v"":1314286,""n"":269},{""y"":2025,""q"":2,""v"":1307692,""n"":239},{""y"":2025,""q"":3,""v"":1407693,""n"":250},{""y"":2025,""q"":4,""v"":1411765,""n"":219},{""y"":2026,""q"":1,""v"":1333333,""n"":204}]"
大田区,13111,83,2005Q3,2026Q1,1.5,8.1,11.7,35.4,72.5,3.08,4.4,53.3,"[{""y"":2016,""q"":2,""v"":700000,""n"":228},{""y"":2016,""q"":3,""v"":714286,""n"":247},{""y"":2016,""q"":4,""v"":727273,""n"":223},{""y"":2017,""q"":1,""v"":694118,""n"":249},{""y"":2017,""q"":2,""v"":707879,""n"":204},{""y"":2017,""q"":3,""v"":720000,""n"":247},{""y"":2017,""q"":4,""v"":733333,""n"":280},{""y"":2018,""q"":1,""v"":733333,""n"":280},{""y"":2018,""q"":2,""v"":733333,""n"":265},{""y"":2018,""q"":3,""v"":752941,""n"":271},{""y"":2018,""q"":4,""v"":800000,""n"":285},{""y"":2019,""q"":1,""v"":745455,""n"":253},{""y"":2019,""q"":2,""v"":750000,""n"":259},{""y"":2019,""q"":3,""v"":769231,""n"":251},{""y"":2019,""q"":4,""v"":771429,""n"":286},{""y"":2020,""q"":1,""v"":800000,""n"":326},{""y"":2020,""q"":2,""v"":800000,""n"":235},{""y"":2020,""q"":3,""v"":800000,""n"":317},{""y"":2020,""q"":4,""v"":833333,""n"":295},{""y"":2021,""q"":1,""v"":750000,""n"":502},{""y"":2021,""q"":2,""v"":765152,""n"":498},{""y"":2021,""q"":3,""v"":752778,""n"":470},{""y"":2021,""q"":4,""v"":800000,""n"":504},{""y"":2022,""q"":1,""v"":789474,""n"":493},{""y"":2022,""q"":2,""v"":807143,""n"":462},{""y"":2022,""q"":3,""v"":800000,""n"":494},{""y"":2022,""q"":4,""v"":846154,""n"":435},{""y"":2023,""q"":1,""v"":850000,""n"":435},{""y"":2023,""q"":2,""v"":850000,""n"":483},{""y"":2023,""q"":3,""v"":850000,""n"":471},{""y"":2023,""q"":4,""v"":840000,""n"":447},{""y"":2024,""q"":1,""v"":824265,""n"":484},{""y"":2024,""q"":2,""v"":850000,""n"":546},{""y"":2024,""q"":3,""v"":900000,""n"":517},{""y"":2024,""q"":4,""v"":880128,""n"":518},{""y"":2025,""q"":1,""v"":880000,""n"":638},{""y"":2025,""q"":2,""v"":853333,""n"":605},{""y"":2025,""q"":3,""v"":920000,""n"":539},{""y"":2025,""q"":4,""v"":953846,""n"":537},{""y"":2026,""q"":1,""v"":866667,""n"":387}]"
世田谷区,13112,83,2005Q3,2026Q1,6.0,16.9,22.3,43.7,71.3,3.69,4.7,79.0,"[{""y"":2016,""q"":2,""v"":760000,""n"":228},{""y"":2016,""q"":3,""v"":787500,""n"":229},{""y"":2016,""q"":4,""v"":733333,""n"":206},{""y"":2017,""q"":1,""v"":800000,""n"":218},{""y"":2017,""q"":2,""v"":772381,""n"":208},{""y"":2017,""q"":3,""v"":800000,""n"":205},{""y"":2017,""q"":4,""v"":800000,""n"":193},{""y"":2018,""q"":1,""v"":800000,""n"":209},{""y"":2018,""q"":2,""v"":813393,""n"":200},{""y"":2018,""q"":3,""v"":841429,""n"":218},{""y"":2018,""q"":4,""v"":828571,""n"":225},{""y"":2019,""q"":1,""v"":769231,""n"":199},{""y"":2019,""q"":2,""v"":859822,""n"":224},{""y"":2019,""q"":3,""v"":825000,""n"":203},{""y"":2019,""q"":4,""v"":822876,""n"":220},{""y"":2020,""q"":1,""v"":874176,""n"":270},{""y"":2020,""q"":2,""v"":857143,""n"":194},{""y"":2020,""q"":3,""v"":876923,""n"":273},{""y"":2020,""q"":4,""v"":887302,""n"":260},{""y"":2021,""q"":1,""v"":821111,""n"":550},{""y"":2021,""q"":2,""v"":857143,""n"":580},{""y"":2021,""q"":3,""v"":832051,""n"":524},{""y"":2021,""q"":4,""v"":893726,""n"":536},{""y"":2022,""q"":1,""v"":906667,""n"":633},{""y"":2022,""q"":2,""v"":885714,""n"":528},{""y"":2022,""q"":3,""v"":914286,""n"":500},{""y"":2022,""q"":4,""v"":900000,""n"":536},{""y"":2023,""q"":1,""v"":950000,""n"":538},{""y"":2023,""q"":2,""v"":971429,""n"":531},{""y"":2023,""q"":3,""v"":950000,""n"":504},{""y"":2023,""q"":4,""v"":986667,""n"":509},{""y"":2024,""q"":1,""v"":960000,""n"":565},{""y"":2024,""q"":2,""v"":1000000,""n"":512},{""y"":2024,""q"":3,""v"":992857,""n"":504},{""y"":2024,""q"":4,""v"":1013810,""n"":534},{""y"":2025,""q"":1,""v"":1000000,""n"":653},{""y"":2025,""q"":2,""v"":1007693,""n"":656},{""y"":2025,""q"":3,""v"":1066667,""n"":622},{""y"":2025,""q"":4,""v"":1053939,""n"":564},{""y"":2026,""q"":1,""v"":1089899,""n"":444}]"
渋谷区,13113,83,2005Q3,2026Q1,8.2,29.6,40.2,61.8,122.7,4.93,6.4,98.0,"[{""y"":2016,""q"":2,""v"":1000000,""n"":121},{""y"":2016,""q"":3,""v"":973334,""n"":120},{""y"":2016,""q"":4,""v"":1000000,""n"":90},{""y"":2017,""q"":1,""v"":1050000,""n"":124},{""y"":2017,""q"":2,""v"":1000000,""n"":93},{""y"":2017,""q"":3,""v"":1000000,""n"":101},{""y"":2017,""q"":4,""v"":1073334,""n"":106},{""y"":2018,""q"":1,""v"":1100000,""n"":105},{""y"":2018,""q"":2,""v"":1085455,""n"":106},{""y"":2018,""q"":3,""v"":1112500,""n"":118},{""y"":2018,""q"":4,""v"":1141667,""n"":126},{""y"":2019,""q"":1,""v"":1120000,""n"":101},{""y"":2019,""q"":2,""v"":1118334,""n"":142},{""y"":2019,""q"":3,""v"":1100000,""n"":129},{""y"":2019,""q"":4,""v"":1080000,""n"":129},{""y"":2020,""q"":1,""v"":1179798,""n"":142},{""y"":2020,""q"":2,""v"":1100000,""n"":93},{""y"":2020,""q"":3,""v"":1247222,""n"":138},{""y"":2020,""q"":4,""v"":1207693,""n"":158},{""y"":2021,""q"":1,""v"":1100000,""n"":266},{""y"":2021,""q"":2,""v"":1166667,""n"":302},{""y"":2021,""q"":3,""v"":1200000,""n"":286},{""y"":2021,""q"":4,""v"":1150000,""n"":303},{""y"":2022,""q"":1,""v"":1200000,""n"":271},{""y"":2022,""q"":2,""v"":1230952,""n"":320},{""y"":2022,""q"":3,""v"":1216667,""n"":237},{""y"":2022,""q"":4,""v"":1266667,""n"":277},{""y"":2023,""q"":1,""v"":1266667,""n"":236},{""y"":2023,""q"":2,""v"":1342857,""n"":311},{""y"":2023,""q"":3,""v"":1326667,""n"":302},{""y"":2023,""q"":4,""v"":1333333,""n"":298},{""y"":2024,""q"":1,""v"":1476191,""n"":308},{""y"":2024,""q"":2,""v"":1428571,""n"":306},{""y"":2024,""q"":3,""v"":1458572,""n"":282},{""y"":2024,""q"":4,""v"":1533333,""n"":279},{""y"":2025,""q"":1,""v"":1533333,""n"":312},{""y"":2025,""q"":2,""v"":1576389,""n"":348},{""y"":2025,""q"":3,""v"":1647059,""n"":357},{""y"":2025,""q"":4,""v"":1600000,""n"":341},{""y"":2026,""q"":1,""v"":1636364,""n"":251}]"
中野区,13114,83,2005Q3,2026Q1,6.4,17.1,21.2,46.8,58.7,3.91,6.9,110.0,"[{""y"":2016,""q"":2,""v"":820000,""n"":89},{""y"":2016,""q"":3,""v"":760000,""n"":97},{""y"":2016,""q"":4,""v"":800000,""n"":104},{""y"":2017,""q"":1,""v"":746061,""n"":98},{""y"":2017,""q"":2,""v"":885455,""n"":82},{""y"":2017,""q"":3,""v"":800000,""n"":90},{""y"":2017,""q"":4,""v"":815385,""n"":85},{""y"":2018,""q"":1,""v"":800000,""n"":93},{""y"":2018,""q"":2,""v"":833333,""n"":103},{""y"":2018,""q"":3,""v"":850000,""n"":80},{""y"":2018,""q"":4,""v"":900000,""n"":117},{""y"":2019,""q"":1,""v"":840000,""n"":108},{""y"":2019,""q"":2,""v"":872078,""n"":86},{""y"":2019,""q"":3,""v"":920000,""n"":89},{""y"":2019,""q"":4,""v"":815000,""n"":94},{""y"":2020,""q"":1,""v"":905556,""n"":120},{""y"":2020,""q"":2,""v"":900000,""n"":72},{""y"":2020,""q"":3,""v"":880000,""n"":100},{""y"":2020,""q"":4,""v"":950000,""n"":110},{""y"":2021,""q"":1,""v"":846154,""n"":177},{""y"":2021,""q"":2,""v"":850000,""n"":241},{""y"":2021,""q"":3,""v"":883333,""n"":181},{""y"":2021,""q"":4,""v"":890000,""n"":214},{""y"":2022,""q"":1,""v"":888889,""n"":225},{""y"":2022,""q"":2,""v"":920000,""n"":173},{""y"":2022,""q"":3,""v"":922500,""n"":198},{""y"":2022,""q"":4,""v"":883333,""n"":203},{""y"":2023,""q"":1,""v"":955000,""n"":230},{""y"":2023,""q"":2,""v"":980543,""n"":194},{""y"":2023,""q"":3,""v"":950000,""n"":229},{""y"":2023,""q"":4,""v"":1000000,""n"":232},{""y"":2024,""q"":1,""v"":920000,""n"":258},{""y"":2024,""q"":2,""v"":942857,""n"":207},{""y"":2024,""q"":3,""v"":1050000,""n"":175},{""y"":2024,""q"":4,""v"":1071429,""n"":201},{""y"":2025,""q"":1,""v"":977778,""n"":273},{""y"":2025,""q"":2,""v"":1057273,""n"":238},{""y"":2025,""q"":3,""v"":1050000,""n"":240},{""y"":2025,""q"":4,""v"":1100000,""n"":272},{""y"":2026,""q"":1,""v"":1131373,""n"":214}]"
杉並区,13115,83,2005Q3,2026Q1,3.4,12.5,12.5,32.5,58.9,2.85,5.5,75.5,"[{""y"":2016,""q"":2,""v"":700000,""n"":143},{""y"":2016,""q"":3,""v"":757143,""n"":153},{""y"":2016,""q"":4,""v"":769048,""n"":152},{""y"":2017,""q"":1,""v"":800000,""n"":158},{""y"":2017,""q"":2,""v"":800000,""n"":138},{""y"":2017,""q"":3,""v"":830769,""n"":142},{""y"":2017,""q"":4,""v"":814286,""n"":141},{""y"":2018,""q"":1,""v"":815385,""n"":143},{""y"":2018,""q"":2,""v"":829670,""n"":144},{""y"":2018,""q"":3,""v"":800000,""n"":119},{""y"":2018,""q"":4,""v"":800000,""n"":139},{""y"":2019,""q"":1,""v"":800000,""n"":143},{""y"":2019,""q"":2,""v"":850000,""n"":137},{""y"":2019,""q"":3,""v"":826786,""n"":142},{""y"":2019,""q"":4,""v"":866667,""n"":143},{""y"":2020,""q"":1,""v"":857143,""n"":177},{""y"":2020,""q"":2,""v"":873864,""n"":124},{""y"":2020,""q"":3,""v"":866667,""n"":172},{""y"":2020,""q"":4,""v"":900000,""n"":183},{""y"":2021,""q"":1,""v"":800000,""n"":295},{""y"":2021,""q"":2,""v"":815477,""n"":366},{""y"":2021,""q"":3,""v"":850000,""n"":312},{""y"":2021,""q"":4,""v"":850000,""n"":313},{""y"":2022,""q"":1,""v"":850000,""n"":308},{""y"":2022,""q"":2,""v"":875000,""n"":322},{""y"":2022,""q"":3,""v"":836364,""n"":286},{""y"":2022,""q"":4,""v"":914286,""n"":295},{""y"":2023,""q"":1,""v"":866667,""n"":310},{""y"":2023,""q"":2,""v"":881177,""n"":282},{""y"":2023,""q"":3,""v"":920000,""n"":338},{""y"":2023,""q"":4,""v"":859412,""n"":308},{""y"":2024,""q"":1,""v"":933333,""n"":312},{""y"":2024,""q"":2,""v"":960000,""n"":323},{""y"":2024,""q"":3,""v"":933333,""n"":260},{""y"":2024,""q"":4,""v"":941176,""n"":315},{""y"":2025,""q"":1,""v"":953846,""n"":342},{""y"":2025,""q"":2,""v"":980000,""n"":319},{""y"":2025,""q"":3,""v"":950000,""n"":394},{""y"":2025,""q"":4,""v"":1000000,""n"":359},{""y"":2026,""q"":1,""v"":978889,""n"":286}]"
豊島区,13116,83,2005Q3,2026Q1,11.4,19.8,19.8,49.8,115.0,4.12,6.7,81.3,"[{""y"":2016,""q"":2,""v"":850000,""n"":109},{""y"":2016,""q"":3,""v"":900000,""n"":117},{""y"":2016,""q"":4,""v"":774243,""n"":134},{""y"":2017,""q"":1,""v"":872727,""n"":117},{""y"":2017,""q"":2,""v"":830769,""n"":123},{""y"":2017,""q"":3,""v"":850000,""n"":127},{""y"":2017,""q"":4,""v"":866667,""n"":116},{""y"":2018,""q"":1,""v"":900000,""n"":104},{""y"":2018,""q"":2,""v"":918182,""n"":134},{""y"":2018,""q"":3,""v"":935417,""n"":128},{""y"":2018,""q"":4,""v"":850000,""n"":120},{""y"":2019,""q"":1,""v"":900000,""n"":129},{""y"":2019,""q"":2,""v"":933333,""n"":153},{""y"":2019,""q"":3,""v"":888889,""n"":123},{""y"":2019,""q"":4,""v"":950000,""n"":133},{""y"":2020,""q"":1,""v"":1000000,""n"":147},{""y"":2020,""q"":2,""v"":1000000,""n"":99},{""y"":2020,""q"":3,""v"":1000000,""n"":115},{""y"":2020,""q"":4,""v"":1000000,""n"":132},{""y"":2021,""q"":1,""v"":945455,""n"":238},{""y"":2021,""q"":2,""v"":967949,""n"":248},{""y"":2021,""q"":3,""v"":950000,""n"":238},{""y"":2021,""q"":4,""v"":953846,""n"":263},{""y"":2022,""q"":1,""v"":950000,""n"":280},{""y"":2022,""q"":2,""v"":1000000,""n"":280},{""y"":2022,""q"":3,""v"":1046607,""n"":256},{""y"":2022,""q"":4,""v"":1000000,""n"":258},{""y"":2023,""q"":1,""v"":1000000,""n"":278},{""y"":2023,""q"":2,""v"":1000000,""n"":253},{""y"":2023,""q"":3,""v"":1000000,""n"":249},{""y"":2023,""q"":4,""v"":1028571,""n"":233},{""y"":2024,""q"":1,""v"":1100000,""n"":261},{""y"":2024,""q"":2,""v"":1050000,""n"":262},{""y"":2024,""q"":3,""v"":1052273,""n"":228},{""y"":2024,""q"":4,""v"":1133333,""n"":248},{""y"":2025,""q"":1,""v"":1100000,""n"":287},{""y"":2025,""q"":2,""v"":1080000,""n"":291},{""y"":2025,""q"":3,""v"":1160000,""n"":305},{""y"":2025,""q"":4,""v"":1253333,""n"":271},{""y"":2026,""q"":1,""v"":1236667,""n"":192}]"
北区,13117,83,2005Q3,2026Q1,10.4,18.2,38.1,66.8,110.6,5.25,6.9,80.9,"[{""y"":2016,""q"":2,""v"":600000,""n"":71},{""y"":2016,""q"":3,""v"":700000,""n"":91},{""y"":2016,""q"":4,""v"":636364,""n"":65},{""y"":2017,""q"":1,""v"":700000,""n"":64},{""y"":2017,""q"":2,""v"":683333,""n"":65},{""y"":2017,""q"":3,""v"":666667,""n"":73},{""y"":2017,""q"":4,""v"":775000,""n"":81},{""y"":2018,""q"":1,""v"":720000,""n"":100},{""y"":2018,""q"":2,""v"":777778,""n"":85},{""y"":2018,""q"":3,""v"":775525,""n"":74},{""y"":2018,""q"":4,""v"":761818,""n"":86},{""y"":2019,""q"":1,""v"":760000,""n"":99},{""y"":2019,""q"":2,""v"":763636,""n"":69},{""y"":2019,""q"":3,""v"":720000,""n"":88},{""y"":2019,""q"":4,""v"":710303,""n"":82},{""y"":2020,""q"":1,""v"":783333,""n"":130},{""y"":2020,""q"":2,""v"":714286,""n"":83},{""y"":2020,""q"":3,""v"":714286,""n"":111},{""y"":2020,""q"":4,""v"":708392,""n"":126},{""y"":2021,""q"":1,""v"":707692,""n"":203},{""y"":2021,""q"":2,""v"":771429,""n"":221},{""y"":2021,""q"":3,""v"":761250,""n"":194},{""y"":2021,""q"":4,""v"":785714,""n"":251},{""y"":2022,""q"":1,""v"":781818,""n"":209},{""y"":2022,""q"":2,""v"":830769,""n"":203},{""y"":2022,""q"":3,""v"":800000,""n"":235},{""y"":2022,""q"":4,""v"":843651,""n"":202},{""y"":2023,""q"":1,""v"":832051,""n"":224},{""y"":2023,""q"":2,""v"":881667,""n"":216},{""y"":2023,""q"":3,""v"":842857,""n"":205},{""y"":2023,""q"":4,""v"":906667,""n"":195},{""y"":2024,""q"":1,""v"":863334,""n"":204},{""y"":2024,""q"":2,""v"":900000,""n"":245},{""y"":2024,""q"":3,""v"":845000,""n"":210},{""y"":2024,""q"":4,""v"":880000,""n"":229},{""y"":2025,""q"":1,""v"":900000,""n"":258},{""y"":2025,""q"":2,""v"":845000,""n"":244},{""y"":2025,""q"":3,""v"":971429,""n"":267},{""y"":2025,""q"":4,""v"":1000000,""n"":227},{""y"":2026,""q"":1,""v"":993334,""n"":208}]"
荒川区,13118,83,2005Q3,2026Q1,11.4,17.1,33.7,69.9,125.7,5.44,12.2,116.3,"[{""y"":2016,""q"":2,""v"":600000,""n"":52},{""y"":2016,""q"":3,""v"":549651,""n"":42},{""y"":2016,""q"":4,""v"":586667,""n"":59},{""y"":2017,""q"":1,""v"":576471,""n"":69},{""y"":2017,""q"":2,""v"":520000,""n"":53},{""y"":2017,""q"":3,""v"":628571,""n"":52},{""y"":2017,""q"":4,""v"":618182,""n"":63},{""y"":2018,""q"":1,""v"":600000,""n"":64},{""y"":2018,""q"":2,""v"":600000,""n"":55},{""y"":2018,""q"":3,""v"":618182,""n"":63},{""y"":2018,""q"":4,""v"":644444,""n"":59},{""y"":2019,""q"":1,""v"":636364,""n"":52},{""y"":2019,""q"":2,""v"":632468,""n"":76},{""y"":2019,""q"":3,""v"":679221,""n"":64},{""y"":2019,""q"":4,""v"":616667,""n"":55},{""y"":2020,""q"":1,""v"":633334,""n"":74},{""y"":2020,""q"":2,""v"":718334,""n"":60},{""y"":2020,""q"":3,""v"":660769,""n"":76},{""y"":2020,""q"":4,""v"":680000,""n"":69},{""y"":2021,""q"":1,""v"":656411,""n"":138},{""y"":2021,""q"":2,""v"":678889,""n"":170},{""y"":2021,""q"":3,""v"":708392,""n"":128},{""y"":2021,""q"":4,""v"":700000,""n"":144},{""y"":2022,""q"":1,""v"":696667,""n"":136},{""y"":2022,""q"":2,""v"":760000,""n"":155},{""y"":2022,""q"":3,""v"":770330,""n"":150},{""y"":2022,""q"":4,""v"":731373,""n"":148},{""y"":2023,""q"":1,""v"":777778,""n"":155},{""y"":2023,""q"":2,""v"":766667,""n"":147},{""y"":2023,""q"":3,""v"":742857,""n"":137},{""y"":2023,""q"":4,""v"":745455,""n"":161},{""y"":2024,""q"":1,""v"":769231,""n"":181},{""y"":2024,""q"":2,""v"":800000,""n"":149},{""y"":2024,""q"":3,""v"":800000,""n"":124},{""y"":2024,""q"":4,""v"":816784,""n"":132},{""y"":2025,""q"":1,""v"":809091,""n"":168},{""y"":2025,""q"":2,""v"":800000,""n"":187},{""y"":2025,""q"":3,""v"":875000,""n"":213},{""y"":2025,""q"":4,""v"":917143,""n"":206},{""y"":2026,""q"":1,""v"":934266,""n"":136}]"
板橋区,13119,83,2005Q3,2026Q1,8.7,13.1,23.1,54.2,124.2,4.43,5.8,75.5,"[{""y"":2016,""q"":2,""v"":563334,""n"":140},{""y"":2016,""q"":3,""v"":525175,""n"":158},{""y"":2016,""q"":4,""v"":575000,""n"":171},{""y"":2017,""q"":1,""v"":571429,""n"":165},{""y"":2017,""q"":2,""v"":566434,""n"":164},{""y"":2017,""q"":3,""v"":600000,""n"":176},{""y"":2017,""q"":4,""v"":573505,""n"":170},{""y"":2018,""q"":1,""v"":581818,""n"":159},{""y"":2018,""q"":2,""v"":600000,""n"":159},{""y"":2018,""q"":3,""v"":583333,""n"":157},{""y"":2018,""q"":4,""v"":585714,""n"":177},{""y"":2019,""q"":1,""v"":600000,""n"":155},{""y"":2019,""q"":2,""v"":566667,""n"":179},{""y"":2019,""q"":3,""v"":634849,""n"":172},{""y"":2019,""q"":4,""v"":700000,""n"":187},{""y"":2020,""q"":1,""v"":613810,""n"":228},{""y"":2020,""q"":2,""v"":666667,""n"":159},{""y"":2020,""q"":3,""v"":638182,""n"":230},{""y"":2020,""q"":4,""v"":680000,""n"":234},{""y"":2021,""q"":1,""v"":632051,""n"":368},{""y"":2021,""q"":2,""v"":641429,""n"":416},{""y"":2021,""q"":3,""v"":666667,""n"":338},{""y"":2021,""q"":4,""v"":676923,""n"":412},{""y"":2022,""q"":1,""v"":661538,""n"":411},{""y"":2022,""q"":2,""v"":672727,""n"":375},{""y"":2022,""q"":3,""v"":721539,""n"":396},{""y"":2022,""q"":4,""v"":700000,""n"":397},{""y"":2023,""q"":1,""v"":720000,""n"":367},{""y"":2023,""q"":2,""v"":700000,""n"":378},{""y"":2023,""q"":3,""v"":666667,""n"":399},{""y"":2023,""q"":4,""v"":757143,""n"":395},{""y"":2024,""q"":1,""v"":742857,""n"":404},{""y"":2024,""q"":2,""v"":725175,""n"":408},{""y"":2024,""q"":3,""v"":781667,""n"":386},{""y"":2024,""q"":4,""v"":750000,""n"":427},{""y"":2025,""q"":1,""v"":727273,""n"":479},{""y"":2025,""q"":2,""v"":757143,""n"":483},{""y"":2025,""q"":3,""v"":792857,""n"":424},{""y"":2025,""q"":4,""v"":813393,""n"":444},{""y"":2026,""q"":1,""v"":816234,""n"":388}]"
練馬区,13120,83,2005Q3,2026Q1,-1.3,11.5,13.4,40.4,73.7,3.45,6.0,68.5,"[{""y"":2016,""q"":2,""v"":588235,""n"":147},{""y"":2016,""q"":3,""v"":633333,""n"":135},{""y"":2016,""q"":4,""v"":586667,""n"":147},{""y"":2017,""q"":1,""v"":585714,""n"":159},{""y"":2017,""q"":2,""v"":643077,""n"":126},{""y"":2017,""q"":3,""v"":636667,""n"":142},{""y"":2017,""q"":4,""v"":614286,""n"":155},{""y"":2018,""q"":1,""v"":640000,""n"":150},{""y"":2018,""q"":2,""v"":611111,""n"":137},{""y"":2018,""q"":3,""v"":655844,""n"":180},{""y"":2018,""q"":4,""v"":619091,""n"":148},{""y"":2019,""q"":1,""v"":679167,""n"":172},{""y"":2019,""q"":2,""v"":648077,""n"":182},{""y"":2019,""q"":3,""v"":614836,""n"":154},{""y"":2019,""q"":4,""v"":655844,""n"":148},{""y"":2020,""q"":1,""v"":703846,""n"":162},{""y"":2020,""q"":2,""v"":720780,""n"":132},{""y"":2020,""q"":3,""v"":714286,""n"":199},{""y"":2020,""q"":4,""v"":660000,""n"":225},{""y"":2021,""q"":1,""v"":662500,""n"":321},{""y"":2021,""q"":2,""v"":628571,""n"":337},{""y"":2021,""q"":3,""v"":685714,""n"":324},{""y"":2021,""q"":4,""v"":681667,""n"":344},{""y"":2022,""q"":1,""v"":672727,""n"":295},{""y"":2022,""q"":2,""v"":700000,""n"":332},{""y"":2022,""q"":3,""v"":688889,""n"":301},{""y"":2022,""q"":4,""v"":725000,""n"":333},{""y"":2023,""q"":1,""v"":700000,""n"":332},{""y"":2023,""q"":2,""v"":727922,""n"":340},{""y"":2023,""q"":3,""v"":748334,""n"":372},{""y"":2023,""q"":4,""v"":717157,""n"":370},{""y"":2024,""q"":1,""v"":764584,""n"":336},{""y"":2024,""q"":2,""v"":777381,""n"":396},{""y"":2024,""q"":3,""v"":800000,""n"":378},{""y"":2024,""q"":4,""v"":800000,""n"":307},{""y"":2025,""q"":1,""v"":781818,""n"":377},{""y"":2025,""q"":2,""v"":771429,""n"":397},{""y"":2025,""q"":3,""v"":800000,""n"":399},{""y"":2025,""q"":4,""v"":777778,""n"":381},{""y"":2026,""q"":1,""v"":783333,""n"":301}]"
足立区,13121,83,2005Q3,2026Q1,8.5,14.2,28.5,60.1,99.0,4.82,6.0,105.7,"[{""y"":2016,""q"":2,""v"":374604,""n"":112},{""y"":2016,""q"":3,""v"":384615,""n"":103},{""y"":2016,""q"":4,""v"":414836,""n"":126},{""y"":2017,""q"":1,""v"":413575,""n"":122},{""y"":2017,""q"":2,""v"":383333,""n"":120},{""y"":2017,""q"":3,""v"":407693,""n"":126},{""y"":2017,""q"":4,""v"":400000,""n"":114},{""y"":2018,""q"":1,""v"":426667,""n"":125},{""y"":2018,""q"":2,""v"":436364,""n"":141},{""y"":2018,""q"":3,""v"":415385,""n"":123},{""y"":2018,""q"":4,""v"":415385,""n"":113},{""y"":2019,""q"":1,""v"":469048,""n"":108},{""y"":2019,""q"":2,""v"":445299,""n"":98},{""y"":2019,""q"":3,""v"":420000,""n"":121},{""y"":2019,""q"":4,""v"":476923,""n"":115},{""y"":2020,""q"":1,""v"":466667,""n"":140},{""y"":2020,""q"":2,""v"":446154,""n"":91},{""y"":2020,""q"":3,""v"":456350,""n"":146},{""y"":2020,""q"":4,""v"":484445,""n"":198},{""y"":2021,""q"":1,""v"":466667,""n"":271},{""y"":2021,""q"":2,""v"":472727,""n"":310},{""y"":2021,""q"":3,""v"":486957,""n"":289},{""y"":2021,""q"":4,""v"":485714,""n"":291},{""y"":2022,""q"":1,""v"":493333,""n"":311},{""y"":2022,""q"":2,""v"":495000,""n"":305},{""y"":2022,""q"":3,""v"":518334,""n"":242},{""y"":2022,""q"":4,""v"":519872,""n"":252},{""y"":2023,""q"":1,""v"":554701,""n"":264},{""y"":2023,""q"":2,""v"":523810,""n"":265},{""y"":2023,""q"":3,""v"":520000,""n"":296},{""y"":2023,""q"":4,""v"":550000,""n"":284},{""y"":2024,""q"":1,""v"":557778,""n"":306},{""y"":2024,""q"":2,""v"":552381,""n"":331},{""y"":2024,""q"":3,""v"":573333,""n"":289},{""y"":2024,""q"":4,""v"":540588,""n"":324},{""y"":2025,""q"":1,""v"":533333,""n"":359},{""y"":2025,""q"":2,""v"":571429,""n"":357},{""y"":2025,""q"":3,""v"":585714,""n"":410},{""y"":2025,""q"":4,""v"":600000,""n"":422},{""y"":2026,""q"":1,""v"":600000,""n"":263}]"
葛飾区,13122,83,2005Q3,2026Q1,4.1,19.6,27.2,63.6,98.6,5.05,6.2,89.4,"[{""y"":2016,""q"":2,""v"":441429,""n"":76},{""y"":2016,""q"":3,""v"":415385,""n"":79},{""y"":2016,""q"":4,""v"":457143,""n"":80},{""y"":2017,""q"":1,""v"":422619,""n"":64},{""y"":2017,""q"":2,""v"":442857,""n"":71},{""y"":2017,""q"":3,""v"":449495,""n"":76},{""y"":2017,""q"":4,""v"":425000,""n"":87},{""y"":2018,""q"":1,""v"":471429,""n"":101},{""y"":2018,""q"":2,""v"":448077,""n"":86},{""y"":2018,""q"":3,""v"":433333,""n"":84},{""y"":2018,""q"":4,""v"":453333,""n"":83},{""y"":2019,""q"":1,""v"":470000,""n"":73},{""y"":2019,""q"":2,""v"":474176,""n"":98},{""y"":2019,""q"":3,""v"":454545,""n"":73},{""y"":2019,""q"":4,""v"":443182,""n"":78},{""y"":2020,""q"":1,""v"":440000,""n"":95},{""y"":2020,""q"":2,""v"":500700,""n"":68},{""y"":2020,""q"":3,""v"":503846,""n"":96},{""y"":2020,""q"":4,""v"":475000,""n"":115},{""y"":2021,""q"":1,""v"":481667,""n"":202},{""y"":2021,""q"":2,""v"":485000,""n"":237},{""y"":2021,""q"":3,""v"":482353,""n"":205},{""y"":2021,""q"":4,""v"":507692,""n"":237},{""y"":2022,""q"":1,""v"":511212,""n"":186},{""y"":2022,""q"":2,""v"":500000,""n"":211},{""y"":2022,""q"":3,""v"":528571,""n"":201},{""y"":2022,""q"":4,""v"":515477,""n"":178},{""y"":2023,""q"":1,""v"":569231,""n"":201},{""y"":2023,""q"":2,""v"":520000,""n"":181},{""y"":2023,""q"":3,""v"":521539,""n"":200},{""y"":2023,""q"":4,""v"":540000,""n"":215},{""y"":2024,""q"":1,""v"":542857,""n"":221},{""y"":2024,""q"":2,""v"":568068,""n"":202},{""y"":2024,""q"":3,""v"":600000,""n"":185},{""y"":2024,""q"":4,""v"":600000,""n"":213},{""y"":2025,""q"":1,""v"":600000,""n"":225},{""y"":2025,""q"":2,""v"":600000,""n"":253},{""y"":2025,""q"":3,""v"":616667,""n"":239},{""y"":2025,""q"":4,""v"":671429,""n"":231},{""y"":2026,""q"":1,""v"":632468,""n"":188}]"
江戸川区,13123,83,2005Q3,2026Q1,13.7,17.4,35.0,46.9,88.7,3.92,5.9,109.5,"[{""y"":2016,""q"":2,""v"":476923,""n"":99},{""y"":2016,""q"":3,""v"":500000,""n"":98},{""y"":2016,""q"":4,""v"":476923,""n"":77},{""y"":2017,""q"":1,""v"":487500,""n"":103},{""y"":2017,""q"":2,""v"":503846,""n"":84},{""y"":2017,""q"":3,""v"":500000,""n"":90},{""y"":2017,""q"":4,""v"":500000,""n"":84},{""y"":2018,""q"":1,""v"":487560,""n"":110},{""y"":2018,""q"":2,""v"":520000,""n"":95},{""y"":2018,""q"":3,""v"":466667,""n"":76},{""y"":2018,""q"":4,""v"":483333,""n"":80},{""y"":2019,""q"":1,""v"":480000,""n"":111},{""y"":2019,""q"":2,""v"":485714,""n"":98},{""y"":2019,""q"":3,""v"":490909,""n"":91},{""y"":2019,""q"":4,""v"":553846,""n"":83},{""y"":2020,""q"":1,""v"":538462,""n"":102},{""y"":2020,""q"":2,""v"":500000,""n"":61},{""y"":2020,""q"":3,""v"":483333,""n"":107},{""y"":2020,""q"":4,""v"":512670,""n"":114},{""y"":2021,""q"":1,""v"":533333,""n"":192},{""y"":2021,""q"":2,""v"":529412,""n"":199},{""y"":2021,""q"":3,""v"":542857,""n"":210},{""y"":2021,""q"":4,""v"":569231,""n"":231},{""y"":2022,""q"":1,""v"":564706,""n"":201},{""y"":2022,""q"":2,""v"":562500,""n"":183},{""y"":2022,""q"":3,""v"":584615,""n"":224},{""y"":2022,""q"":4,""v"":579798,""n"":192},{""y"":2023,""q"":1,""v"":600000,""n"":237},{""y"":2023,""q"":2,""v"":586667,""n"":185},{""y"":2023,""q"":3,""v"":600000,""n"":207},{""y"":2023,""q"":4,""v"":600000,""n"":201},{""y"":2024,""q"":1,""v"":600000,""n"":229},{""y"":2024,""q"":2,""v"":587084,""n"":220},{""y"":2024,""q"":3,""v"":583974,""n"":202},{""y"":2024,""q"":4,""v"":636364,""n"":219},{""y"":2025,""q"":1,""v"":615385,""n"":303},{""y"":2025,""q"":2,""v"":615385,""n"":279},{""y"":2025,""q"":3,""v"":675000,""n"":251},{""y"":2025,""q"":4,""v"":700000,""n"":254},{""y"":2026,""q"":1,""v"":692308,""n"":209}]"
八王子市,13201,76,2007Q2,2026Q1,1.4,5.6,26.4,23.8,19.1,2.16,7.9,92.7,"[{""y"":2016,""q"":2,""v"":276923,""n"":89},{""y"":2016,""q"":3,""v"":283333,""n"":73},{""y"":2016,""q"":4,""v"":307180,""n"":70},{""y"":2017,""q"":1,""v"":272727,""n"":95},{""y"":2017,""q"":2,""v"":269048,""n"":92},{""y"":2017,""q"":3,""v"":300000,""n"":67},{""y"":2017,""q"":4,""v"":310477,""n"":90},{""y"":2018,""q"":1,""v"":310000,""n"":103},{""y"":2018,""q"":2,""v"":266667,""n"":77},{""y"":2018,""q"":3,""v"":266667,""n"":84},{""y"":2018,""q"":4,""v"":320000,""n"":88},{""y"":2019,""q"":1,""v"":289011,""n"":92},{""y"":2019,""q"":2,""v"":322222,""n"":95},{""y"":2019,""q"":3,""v"":306667,""n"":95},{""y"":2019,""q"":4,""v"":264286,""n"":80},{""y"":2020,""q"":1,""v"":306667,""n"":85},{""y"":2020,""q"":2,""v"":274604,""n"":66},{""y"":2020,""q"":3,""v"":300393,""n"":90},{""y"":2020,""q"":4,""v"":283333,""n"":95},{""y"":2021,""q"":1,""v"":285714,""n"":199},{""y"":2021,""q"":2,""v"":271715,""n"":212},{""y"":2021,""q"":3,""v"":296154,""n"":216},{""y"":2021,""q"":4,""v"":302174,""n"":214},{""y"":2022,""q"":1,""v"":327273,""n"":221},{""y"":2022,""q"":2,""v"":340000,""n"":193},{""y"":2022,""q"":3,""v"":366667,""n"":201},{""y"":2022,""q"":4,""v"":340000,""n"":189},{""y"":2023,""q"":1,""v"":341176,""n"":219},{""y"":2023,""q"":2,""v"":360000,""n"":176},{""y"":2023,""q"":3,""v"":362500,""n"":169},{""y"":2023,""q"":4,""v"":350000,""n"":185},{""y"":2024,""q"":1,""v"":386667,""n"":188},{""y"":2024,""q"":2,""v"":353394,""n"":166},{""y"":2024,""q"":3,""v"":356350,""n"":166},{""y"":2024,""q"":4,""v"":359167,""n"":192},{""y"":2025,""q"":1,""v"":339819,""n"":206},{""y"":2025,""q"":2,""v"":361905,""n"":237},{""y"":2025,""q"":3,""v"":350000,""n"":228},{""y"":2025,""q"":4,""v"":367949,""n"":228},{""y"":2026,""q"":1,""v"":357519,""n"":174}]"
立川市,13202,76,2007Q2,2026Q1,1.3,6.9,19.6,49.6,51.2,4.11,29.0,85.6,"[{""y"":2016,""q"":2,""v"":357143,""n"":23},{""y"":2016,""q"":3,""v"":945455,""n"":46},{""y"":2016,""q"":4,""v"":400000,""n"":22},{""y"":2017,""q"":1,""v"":476923,""n"":37},{""y"":2017,""q"":2,""v"":433333,""n"":21},{""y"":2017,""q"":3,""v"":300000,""n"":23},{""y"":2017,""q"":4,""v"":320000,""n"":27},{""y"":2018,""q"":1,""v"":400000,""n"":22},{""y"":2018,""q"":2,""v"":338462,""n"":33},{""y"":2018,""q"":3,""v"":306667,""n"":33},{""y"":2018,""q"":4,""v"":333333,""n"":29},{""y"":2019,""q"":1,""v"":418804,""n"":36},{""y"":2019,""q"":2,""v"":457143,""n"":29},{""y"":2019,""q"":3,""v"":480000,""n"":17},{""y"":2019,""q"":4,""v"":523077,""n"":25},{""y"":2020,""q"":1,""v"":343333,""n"":30},{""y"":2020,""q"":2,""v"":400000,""n"":19},{""y"":2020,""q"":3,""v"":354040,""n"":28},{""y"":2020,""q"":4,""v"":417425,""n"":46},{""y"":2021,""q"":1,""v"":450000,""n"":81},{""y"":2021,""q"":2,""v"":357778,""n"":96},{""y"":2021,""q"":3,""v"":384615,""n"":85},{""y"":2021,""q"":4,""v"":420000,""n"":95},{""y"":2022,""q"":1,""v"":406667,""n"":78},{""y"":2022,""q"":2,""v"":429167,""n"":70},{""y"":2022,""q"":3,""v"":580000,""n"":57},{""y"":2022,""q"":4,""v"":485714,""n"":79},{""y"":2023,""q"":1,""v"":383333,""n"":81},{""y"":2023,""q"":2,""v"":423333,""n"":74},{""y"":2023,""q"":3,""v"":516667,""n"":75},{""y"":2023,""q"":4,""v"":427619,""n"":68},{""y"":2024,""q"":1,""v"":742857,""n"":79},{""y"":2024,""q"":2,""v"":457143,""n"":67},{""y"":2024,""q"":3,""v"":570086,""n"":62},{""y"":2024,""q"":4,""v"":450000,""n"":64},{""y"":2025,""q"":1,""v"":508392,""n"":90},{""y"":2025,""q"":2,""v"":387084,""n"":90},{""y"":2025,""q"":3,""v"":415834,""n"":88},{""y"":2025,""q"":4,""v"":561818,""n"":90},{""y"":2026,""q"":1,""v"":706667,""n"":55}]"
武蔵野市,13203,76,2007Q2,2026Q1,4.8,17.8,23.5,34.9,49.1,3.04,12.7,115.1,"[{""y"":2016,""q"":2,""v"":620417,""n"":20},{""y"":2016,""q"":3,""v"":727273,""n"":25},{""y"":2016,""q"":4,""v"":695556,""n"":32},{""y"":2017,""q"":1,""v"":800000,""n"":27},{""y"":2017,""q"":2,""v"":820000,""n"":28},{""y"":2017,""q"":3,""v"":833333,""n"":23},{""y"":2017,""q"":4,""v"":657143,""n"":25},{""y"":2018,""q"":1,""v"":844444,""n"":23},{""y"":2018,""q"":2,""v"":800000,""n"":26},{""y"":2018,""q"":3,""v"":788235,""n"":23},{""y"":2018,""q"":4,""v"":712121,""n"":26},{""y"":2019,""q"":1,""v"":800000,""n"":31},{""y"":2019,""q"":2,""v"":640000,""n"":31},{""y"":2019,""q"":3,""v"":760000,""n"":25},{""y"":2019,""q"":4,""v"":680000,""n"":30},{""y"":2020,""q"":1,""v"":732026,""n"":32},{""y"":2020,""q"":2,""v"":880769,""n"":20},{""y"":2020,""q"":3,""v"":709091,""n"":39},{""y"":2020,""q"":4,""v"":822222,""n"":31},{""y"":2021,""q"":1,""v"":706667,""n"":62},{""y"":2021,""q"":2,""v"":725000,""n"":73},{""y"":2021,""q"":3,""v"":825000,""n"":67},{""y"":2021,""q"":4,""v"":791667,""n"":94},{""y"":2022,""q"":1,""v"":825834,""n"":96},{""y"":2022,""q"":2,""v"":920000,""n"":81},{""y"":2022,""q"":3,""v"":840000,""n"":81},{""y"":2022,""q"":4,""v"":760000,""n"":85},{""y"":2023,""q"":1,""v"":764171,""n"":58},{""y"":2023,""q"":2,""v"":863334,""n"":92},{""y"":2023,""q"":3,""v"":800000,""n"":72},{""y"":2023,""q"":4,""v"":800000,""n"":82},{""y"":2024,""q"":1,""v"":904546,""n"":88},{""y"":2024,""q"":2,""v"":952406,""n"":78},{""y"":2024,""q"":3,""v"":911111,""n"":65},{""y"":2024,""q"":4,""v"":880000,""n"":99},{""y"":2025,""q"":1,""v"":893333,""n"":91},{""y"":2025,""q"":2,""v"":894737,""n"":93},{""y"":2025,""q"":3,""v"":957143,""n"":69},{""y"":2025,""q"":4,""v"":933333,""n"":97},{""y"":2026,""q"":1,""v"":1095455,""n"":68}]"
三鷹市,13204,76,2007Q2,2026Q1,4.8,7.4,28.7,42.3,67.4,3.59,9.1,89.7,"[{""y"":2016,""q"":2,""v"":560000,""n"":31},{""y"":2016,""q"":3,""v"":636364,""n"":25},{""y"":2016,""q"":4,""v"":613333,""n"":17},{""y"":2017,""q"":1,""v"":600000,""n"":23},{""y"":2017,""q"":2,""v"":640000,""n"":23},{""y"":2017,""q"":3,""v"":642857,""n"":25},{""y"":2017,""q"":4,""v"":613333,""n"":21},{""y"":2018,""q"":1,""v"":600000,""n"":21},{""y"":2018,""q"":2,""v"":620000,""n"":23},{""y"":2018,""q"":3,""v"":650000,""n"":24},{""y"":2018,""q"":4,""v"":528978,""n"":14},{""y"":2019,""q"":1,""v"":655393,""n"":16},{""y"":2019,""q"":2,""v"":645299,""n"":22},{""y"":2019,""q"":3,""v"":614286,""n"":27},{""y"":2019,""q"":4,""v"":661538,""n"":21},{""y"":2020,""q"":1,""v"":635714,""n"":26},{""y"":2020,""q"":2,""v"":660000,""n"":21},{""y"":2020,""q"":3,""v"":653572,""n"":32},{""y"":2020,""q"":4,""v"":679488,""n"":22},{""y"":2021,""q"":1,""v"":626667,""n"":71},{""y"":2021,""q"":2,""v"":675000,""n"":87},{""y"":2021,""q"":3,""v"":705882,""n"":53},{""y"":2021,""q"":4,""v"":713846,""n"":84},{""y"":2022,""q"":1,""v"":763636,""n"":57},{""y"":2022,""q"":2,""v"":775000,""n"":73},{""y"":2022,""q"":3,""v"":738462,""n"":60},{""y"":2022,""q"":4,""v"":800000,""n"":71},{""y"":2023,""q"":1,""v"":840000,""n"":59},{""y"":2023,""q"":2,""v"":742857,""n"":51},{""y"":2023,""q"":3,""v"":844506,""n"":76},{""y"":2023,""q"":4,""v"":816667,""n"":89},{""y"":2024,""q"":1,""v"":875000,""n"":88},{""y"":2024,""q"":2,""v"":792857,""n"":68},{""y"":2024,""q"":3,""v"":821053,""n"":77},{""y"":2024,""q"":4,""v"":847059,""n"":75},{""y"":2025,""q"":1,""v"":760390,""n"":94},{""y"":2025,""q"":2,""v"":800000,""n"":60},{""y"":2025,""q"":3,""v"":891177,""n"":90},{""y"":2025,""q"":4,""v"":771429,""n"":59},{""y"":2026,""q"":1,""v"":947917,""n"":68}]"
青梅市,13205,76,2007Q2,2026Q1,-4.2,1.5,23.2,-4.2,11.3,-0.43,23.8,112.0,"[{""y"":2016,""q"":2,""v"":149394,""n"":28},{""y"":2016,""q"":3,""v"":184615,""n"":17},{""y"":2016,""q"":4,""v"":184615,""n"":19},{""y"":2017,""q"":1,""v"":138182,""n"":24},{""y"":2017,""q"":2,""v"":198000,""n"":17},{""y"":2017,""q"":3,""v"":153616,""n"":18},{""y"":2017,""q"":4,""v"":136364,""n"":17},{""y"":2018,""q"":1,""v"":176853,""n"":16},{""y"":2018,""q"":2,""v"":166667,""n"":21},{""y"":2018,""q"":3,""v"":213889,""n"":22},{""y"":2018,""q"":4,""v"":166667,""n"":26},{""y"":2019,""q"":1,""v"":197000,""n"":12},{""y"":2019,""q"":2,""v"":180000,""n"":17},{""y"":2019,""q"":3,""v"":240000,""n"":13},{""y"":2019,""q"":4,""v"":134762,""n"":16},{""y"":2020,""q"":1,""v"":160000,""n"":23},{""y"":2020,""q"":2,""v"":153000,""n"":18},{""y"":2020,""q"":3,""v"":160000,""n"":21},{""y"":2020,""q"":4,""v"":121637,""n"":20},{""y"":2021,""q"":1,""v"":158182,""n"":33},{""y"":2021,""q"":2,""v"":163333,""n"":49},{""y"":2021,""q"":3,""v"":185714,""n"":29},{""y"":2021,""q"":4,""v"":163782,""n"":54},{""y"":2022,""q"":1,""v"":200000,""n"":55},{""y"":2022,""q"":2,""v"":174773,""n"":38},{""y"":2022,""q"":3,""v"":177667,""n"":40},{""y"":2022,""q"":4,""v"":200000,""n"":43},{""y"":2023,""q"":1,""v"":200000,""n"":31},{""y"":2023,""q"":2,""v"":156090,""n"":38},{""y"":2023,""q"":3,""v"":215385,""n"":35},{""y"":2023,""q"":4,""v"":182576,""n"":48},{""y"":2024,""q"":1,""v"":169231,""n"":49},{""y"":2024,""q"":2,""v"":182576,""n"":34},{""y"":2024,""q"":3,""v"":200000,""n"":29},{""y"":2024,""q"":4,""v"":240000,""n"":35},{""y"":2025,""q"":1,""v"":200000,""n"":57},{""y"":2025,""q"":2,""v"":183333,""n"":49},{""y"":2025,""q"":3,""v"":200000,""n"":55},{""y"":2025,""q"":4,""v"":180000,""n"":51},{""y"":2026,""q"":1,""v"":200000,""n"":40}]"
府中市,13206,76,2007Q2,2026Q1,-1.0,5.1,19.6,30.1,31.7,2.67,8.0,87.0,"[{""y"":2016,""q"":2,""v"":461538,""n"":58},{""y"":2016,""q"":3,""v"":490909,""n"":57},{""y"":2016,""q"":4,""v"":466667,""n"":57},{""y"":2017,""q"":1,""v"":446154,""n"":49},{""y"":2017,""q"":2,""v"":459341,""n"":40},{""y"":2017,""q"":3,""v"":500000,""n"":41},{""y"":2017,""q"":4,""v"":475000,""n"":38},{""y"":2018,""q"":1,""v"":463334,""n"":54},{""y"":2018,""q"":2,""v"":461905,""n"":46},{""y"":2018,""q"":3,""v"":449744,""n"":44},{""y"":2018,""q"":4,""v"":498788,""n"":44},{""y"":2019,""q"":1,""v"":493333,""n"":45},{""y"":2019,""q"":2,""v"":533333,""n"":43},{""y"":2019,""q"":3,""v"":428571,""n"":46},{""y"":2019,""q"":4,""v"":409091,""n"":40},{""y"":2020,""q"":1,""v"":506667,""n"":51},{""y"":2020,""q"":2,""v"":526374,""n"":42},{""y"":2020,""q"":3,""v"":497059,""n"":56},{""y"":2020,""q"":4,""v"":400000,""n"":55},{""y"":2021,""q"":1,""v"":458824,""n"":123},{""y"":2021,""q"":2,""v"":430075,""n"":110},{""y"":2021,""q"":3,""v"":503846,""n"":114},{""y"":2021,""q"":4,""v"":505882,""n"":144},{""y"":2022,""q"":1,""v"":521539,""n"":136},{""y"":2022,""q"":2,""v"":560000,""n"":127},{""y"":2022,""q"":3,""v"":553846,""n"":107},{""y"":2022,""q"":4,""v"":527922,""n"":142},{""y"":2023,""q"":1,""v"":533333,""n"":122},{""y"":2023,""q"":2,""v"":514286,""n"":107},{""y"":2023,""q"":3,""v"":514286,""n"":109},{""y"":2023,""q"":4,""v"":586667,""n"":135},{""y"":2024,""q"":1,""v"":571429,""n"":135},{""y"":2024,""q"":2,""v"":569231,""n"":131},{""y"":2024,""q"":3,""v"":585714,""n"":115},{""y"":2024,""q"":4,""v"":538095,""n"":124},{""y"":2025,""q"":1,""v"":592857,""n"":154},{""y"":2025,""q"":2,""v"":557143,""n"":125},{""y"":2025,""q"":3,""v"":607143,""n"":146},{""y"":2025,""q"":4,""v"":585714,""n"":145},{""y"":2026,""q"":1,""v"":553572,""n"":100}]"
昭島市,13207,76,2007Q2,2026Q1,11.2,-1.2,30.2,51.1,46.8,4.21,21.5,236.2,"[{""y"":2016,""q"":2,""v"":218182,""n"":17},{""y"":2016,""q"":3,""v"":325275,""n"":14},{""y"":2016,""q"":4,""v"":370000,""n"":13},{""y"":2017,""q"":1,""v"":240952,""n"":10},{""y"":2017,""q"":2,""v"":376923,""n"":10},{""y"":2017,""q"":3,""v"":358741,""n"":24},{""y"":2017,""q"":4,""v"":314706,""n"":12},{""y"":2018,""q"":1,""v"":306667,""n"":17},{""y"":2018,""q"":2,""v"":233333,""n"":17},{""y"":2018,""q"":3,""v"":213333,""n"":7},{""y"":2018,""q"":4,""v"":317143,""n"":8},{""y"":2019,""q"":1,""v"":273333,""n"":11},{""y"":2019,""q"":2,""v"":319608,""n"":16},{""y"":2019,""q"":3,""v"":359524,""n"":20},{""y"":2019,""q"":4,""v"":254545,""n"":13},{""y"":2020,""q"":1,""v"":329412,""n"":11},{""y"":2020,""q"":2,""v"":279221,""n"":6},{""y"":2020,""q"":3,""v"":302941,""n"":16},{""y"":2020,""q"":4,""v"":320000,""n"":15},{""y"":2021,""q"":1,""v"":320000,""n"":21},{""y"":2021,""q"":2,""v"":333333,""n"":44},{""y"":2021,""q"":3,""v"":400000,""n"":38},{""y"":2021,""q"":4,""v"":317647,""n"":41},{""y"":2022,""q"":1,""v"":324286,""n"":28},{""y"":2022,""q"":2,""v"":384615,""n"":23},{""y"":2022,""q"":3,""v"":385714,""n"":37},{""y"":2022,""q"":4,""v"":446154,""n"":24},{""y"":2023,""q"":1,""v"":434849,""n"":32},{""y"":2023,""q"":2,""v"":375000,""n"":22},{""y"":2023,""q"":3,""v"":351299,""n"":20},{""y"":2023,""q"":4,""v"":357143,""n"":21},{""y"":2024,""q"":1,""v"":411765,""n"":35},{""y"":2024,""q"":2,""v"":360000,""n"":49},{""y"":2024,""q"":3,""v"":369231,""n"":31},{""y"":2024,""q"":4,""v"":350000,""n"":46},{""y"":2025,""q"":1,""v"":380000,""n"":41},{""y"":2025,""q"":2,""v"":464286,""n"":48},{""y"":2025,""q"":3,""v"":394445,""n"":50},{""y"":2025,""q"":4,""v"":416667,""n"":49},{""y"":2026,""q"":1,""v"":388988,""n"":48}]"
調布市,13208,77,2007Q1,2026Q1,1.2,8.8,21.7,34.8,45.6,3.03,8.1,140.7,"[{""y"":2016,""q"":2,""v"":496703,""n"":42},{""y"":2016,""q"":3,""v"":483333,""n"":47},{""y"":2016,""q"":4,""v"":512500,""n"":42},{""y"":2017,""q"":1,""v"":496154,""n"":56},{""y"":2017,""q"":2,""v"":526667,""n"":30},{""y"":2017,""q"":3,""v"":514546,""n"":50},{""y"":2017,""q"":4,""v"":560000,""n"":41},{""y"":2018,""q"":1,""v"":533333,""n"":41},{""y"":2018,""q"":2,""v"":492857,""n"":38},{""y"":2018,""q"":3,""v"":482353,""n"":41},{""y"":2018,""q"":4,""v"":514286,""n"":39},{""y"":2019,""q"":1,""v"":583974,""n"":48},{""y"":2019,""q"":2,""v"":520000,""n"":36},{""y"":2019,""q"":3,""v"":480749,""n"":40},{""y"":2019,""q"":4,""v"":516667,""n"":37},{""y"":2020,""q"":1,""v"":533333,""n"":46},{""y"":2020,""q"":2,""v"":500000,""n"":32},{""y"":2020,""q"":3,""v"":543590,""n"":52},{""y"":2020,""q"":4,""v"":563636,""n"":43},{""y"":2021,""q"":1,""v"":538095,""n"":104},{""y"":2021,""q"":2,""v"":575000,""n"":117},{""y"":2021,""q"":3,""v"":583333,""n"":111},{""y"":2021,""q"":4,""v"":566667,""n"":129},{""y"":2022,""q"":1,""v"":575000,""n"":129},{""y"":2022,""q"":2,""v"":600000,""n"":102},{""y"":2022,""q"":3,""v"":610000,""n"":102},{""y"":2022,""q"":4,""v"":571429,""n"":100},{""y"":2023,""q"":1,""v"":636364,""n"":119},{""y"":2023,""q"":2,""v"":642857,""n"":93},{""y"":2023,""q"":3,""v"":683916,""n"":100},{""y"":2023,""q"":4,""v"":680000,""n"":94},{""y"":2024,""q"":1,""v"":690909,""n"":133},{""y"":2024,""q"":2,""v"":723611,""n"":106},{""y"":2024,""q"":3,""v"":645299,""n"":112},{""y"":2024,""q"":4,""v"":646154,""n"":101},{""y"":2025,""q"":1,""v"":654545,""n"":169},{""y"":2025,""q"":2,""v"":666667,""n"":138},{""y"":2025,""q"":3,""v"":692308,""n"":146},{""y"":2025,""q"":4,""v"":650000,""n"":145},{""y"":2026,""q"":1,""v"":644444,""n"":127}]"
町田市,13209,76,2007Q2,2026Q1,-9.5,5.1,18.4,28.9,9.1,2.57,15.1,56.1,"[{""y"":2016,""q"":2,""v"":369231,""n"":43},{""y"":2016,""q"":3,""v"":290909,""n"":37},{""y"":2016,""q"":4,""v"":380000,""n"":50},{""y"":2017,""q"":1,""v"":355556,""n"":51},{""y"":2017,""q"":2,""v"":375000,""n"":33},{""y"":2017,""q"":3,""v"":338095,""n"":40},{""y"":2017,""q"":4,""v"":360000,""n"":53},{""y"":2018,""q"":1,""v"":366434,""n"":32},{""y"":2018,""q"":2,""v"":400000,""n"":41},{""y"":2018,""q"":3,""v"":374167,""n"":40},{""y"":2018,""q"":4,""v"":300905,""n"":42},{""y"":2019,""q"":1,""v"":416026,""n"":36},{""y"":2019,""q"":2,""v"":328992,""n"":42},{""y"":2019,""q"":3,""v"":323637,""n"":38},{""y"":2019,""q"":4,""v"":373333,""n"":31},{""y"":2020,""q"":1,""v"":413333,""n"":53},{""y"":2020,""q"":2,""v"":319433,""n"":28},{""y"":2020,""q"":3,""v"":426667,""n"":43},{""y"":2020,""q"":4,""v"":364706,""n"":55},{""y"":2021,""q"":1,""v"":375736,""n"":102},{""y"":2021,""q"":2,""v"":362500,""n"":129},{""y"":2021,""q"":3,""v"":370330,""n"":110},{""y"":2021,""q"":4,""v"":386667,""n"":118},{""y"":2022,""q"":1,""v"":411765,""n"":105},{""y"":2022,""q"":2,""v"":366667,""n"":99},{""y"":2022,""q"":3,""v"":414286,""n"":95},{""y"":2022,""q"":4,""v"":420000,""n"":93},{""y"":2023,""q"":1,""v"":451667,""n"":100},{""y"":2023,""q"":2,""v"":386667,""n"":99},{""y"":2023,""q"":3,""v"":457143,""n"":115},{""y"":2023,""q"":4,""v"":454545,""n"":101},{""y"":2024,""q"":1,""v"":430769,""n"":117},{""y"":2024,""q"":2,""v"":440000,""n"":125},{""y"":2024,""q"":3,""v"":486607,""n"":116},{""y"":2024,""q"":4,""v"":481667,""n"":106},{""y"":2025,""q"":1,""v"":533333,""n"":127},{""y"":2025,""q"":2,""v"":482353,""n"":123},{""y"":2025,""q"":3,""v"":416667,""n"":81},{""y"":2025,""q"":4,""v"":378175,""n"":72},{""y"":2026,""q"":1,""v"":460000,""n"":80}]"
小金井市,13210,76,2007Q2,2026Q1,-3.6,2.0,21.1,45.4,30.5,3.81,20.3,72.8,"[{""y"":2016,""q"":2,""v"":472727,""n"":19},{""y"":2016,""q"":3,""v"":484167,""n"":22},{""y"":2016,""q"":4,""v"":461538,""n"":19},{""y"":2017,""q"":1,""v"":500513,""n"":18},{""y"":2017,""q"":2,""v"":600000,""n"":11},{""y"":2017,""q"":3,""v"":466667,""n"":13},{""y"":2017,""q"":4,""v"":549651,""n"":18},{""y"":2018,""q"":1,""v"":551923,""n"":16},{""y"":2018,""q"":2,""v"":537981,""n"":16},{""y"":2018,""q"":3,""v"":457143,""n"":15},{""y"":2018,""q"":4,""v"":600000,""n"":23},{""y"":2019,""q"":1,""v"":584615,""n"":13},{""y"":2019,""q"":2,""v"":569231,""n"":17},{""y"":2019,""q"":3,""v"":523077,""n"":17},{""y"":2019,""q"":4,""v"":639744,""n"":16},{""y"":2020,""q"":1,""v"":600000,""n"":23},{""y"":2020,""q"":2,""v"":600000,""n"":20},{""y"":2020,""q"":3,""v"":591667,""n"":32},{""y"":2020,""q"":4,""v"":466667,""n"":14},{""y"":2021,""q"":1,""v"":571429,""n"":37},{""y"":2021,""q"":2,""v"":607693,""n"":38},{""y"":2021,""q"":3,""v"":692308,""n"":38},{""y"":2021,""q"":4,""v"":707692,""n"":31},{""y"":2022,""q"":1,""v"":635714,""n"":36},{""y"":2022,""q"":2,""v"":646154,""n"":37},{""y"":2022,""q"":3,""v"":720000,""n"":25},{""y"":2022,""q"":4,""v"":707692,""n"":33},{""y"":2023,""q"":1,""v"":672727,""n"":47},{""y"":2023,""q"":2,""v"":733333,""n"":57},{""y"":2023,""q"":3,""v"":693333,""n"":35},{""y"":2023,""q"":4,""v"":642857,""n"":41},{""y"":2024,""q"":1,""v"":714286,""n"":35},{""y"":2024,""q"":2,""v"":700513,""n"":50},{""y"":2024,""q"":3,""v"":738462,""n"":57},{""y"":2024,""q"":4,""v"":722917,""n"":44},{""y"":2025,""q"":1,""v"":827619,""n"":46},{""y"":2025,""q"":2,""v"":650000,""n"":48},{""y"":2025,""q"":3,""v"":758334,""n"":54},{""y"":2025,""q"":4,""v"":840000,""n"":47},{""y"":2026,""q"":1,""v"":633333,""n"":29}]"
小平市,13211,76,2007Q2,2026Q1,-2.0,-0.9,26.6,46.1,28.2,3.86,13.6,89.3,"[{""y"":2016,""q"":2,""v"":350000,""n"":9},{""y"":2016,""q"":3,""v"":357143,""n"":13},{""y"":2016,""q"":4,""v"":350000,""n"":15},{""y"":2017,""q"":1,""v"":331061,""n"":22},{""y"":2017,""q"":2,""v"":400000,""n"":15},{""y"":2017,""q"":3,""v"":414286,""n"":10},{""y"":2017,""q"":4,""v"":400000,""n"":11},{""y"":2018,""q"":1,""v"":400000,""n"":24},{""y"":2018,""q"":2,""v"":476923,""n"":17},{""y"":2018,""q"":3,""v"":357143,""n"":15},{""y"":2018,""q"":4,""v"":415385,""n"":19},{""y"":2019,""q"":1,""v"":428571,""n"":15},{""y"":2019,""q"":2,""v"":366667,""n"":18},{""y"":2019,""q"":3,""v"":442857,""n"":19},{""y"":2019,""q"":4,""v"":392857,""n"":14},{""y"":2020,""q"":1,""v"":448077,""n"":22},{""y"":2020,""q"":2,""v"":368572,""n"":18},{""y"":2020,""q"":3,""v"":414286,""n"":31},{""y"":2020,""q"":4,""v"":376191,""n"":18},{""y"":2021,""q"":1,""v"":453572,""n"":54},{""y"":2021,""q"":2,""v"":442857,""n"":51},{""y"":2021,""q"":3,""v"":441827,""n"":38},{""y"":2021,""q"":4,""v"":449744,""n"":42},{""y"":2022,""q"":1,""v"":480000,""n"":53},{""y"":2022,""q"":2,""v"":473334,""n"":48},{""y"":2022,""q"":3,""v"":525000,""n"":55},{""y"":2022,""q"":4,""v"":500000,""n"":43},{""y"":2023,""q"":1,""v"":510000,""n"":54},{""y"":2023,""q"":2,""v"":429670,""n"":34},{""y"":2023,""q"":3,""v"":506667,""n"":52},{""y"":2023,""q"":4,""v"":466667,""n"":57},{""y"":2024,""q"":1,""v"":470834,""n"":48},{""y"":2024,""q"":2,""v"":436813,""n"":46},{""y"":2024,""q"":3,""v"":533333,""n"":48},{""y"":2024,""q"":4,""v"":564286,""n"":56},{""y"":2025,""q"":1,""v"":487500,""n"":73},{""y"":2025,""q"":2,""v"":483750,""n"":66},{""y"":2025,""q"":3,""v"":506667,""n"":68},{""y"":2025,""q"":4,""v"":493750,""n"":48},{""y"":2026,""q"":1,""v"":528571,""n"":47}]"
日野市,13212,76,2007Q2,2026Q1,-4.8,1.8,30.0,33.8,32.7,2.95,27.0,105.6,"[{""y"":2016,""q"":2,""v"":319192,""n"":24},{""y"":2016,""q"":3,""v"":353572,""n"":14},{""y"":2016,""q"":4,""v"":268334,""n"":16},{""y"":2017,""q"":1,""v"":304488,""n"":26},{""y"":2017,""q"":2,""v"":333334,""n"":12},{""y"":2017,""q"":3,""v"":353978,""n"":24},{""y"":2017,""q"":4,""v"":324176,""n"":18},{""y"":2018,""q"":1,""v"":425000,""n"":23},{""y"":2018,""q"":2,""v"":280953,""n"":20},{""y"":2018,""q"":3,""v"":387143,""n"":18},{""y"":2018,""q"":4,""v"":260769,""n"":18},{""y"":2019,""q"":1,""v"":400000,""n"":19},{""y"":2019,""q"":2,""v"":256411,""n"":16},{""y"":2019,""q"":3,""v"":357143,""n"":15},{""y"":2019,""q"":4,""v"":338462,""n"":17},{""y"":2020,""q"":1,""v"":371429,""n"":23},{""y"":2020,""q"":2,""v"":289103,""n"":16},{""y"":2020,""q"":3,""v"":306667,""n"":19},{""y"":2020,""q"":4,""v"":319231,""n"":22},{""y"":2021,""q"":1,""v"":283889,""n"":50},{""y"":2021,""q"":2,""v"":321111,""n"":70},{""y"":2021,""q"":3,""v"":400000,""n"":56},{""y"":2021,""q"":4,""v"":362500,""n"":56},{""y"":2022,""q"":1,""v"":293333,""n"":67},{""y"":2022,""q"":2,""v"":387302,""n"":44},{""y"":2022,""q"":3,""v"":416667,""n"":46},{""y"":2022,""q"":4,""v"":330952,""n"":42},{""y"":2023,""q"":1,""v"":373505,""n"":58},{""y"":2023,""q"":2,""v"":400000,""n"":56},{""y"":2023,""q"":3,""v"":366667,""n"":45},{""y"":2023,""q"":4,""v"":400000,""n"":49},{""y"":2024,""q"":1,""v"":353846,""n"":43},{""y"":2024,""q"":2,""v"":361301,""n"":40},{""y"":2024,""q"":3,""v"":435385,""n"":56},{""y"":2024,""q"":4,""v"":385714,""n"":61},{""y"":2025,""q"":1,""v"":427885,""n"":58},{""y"":2025,""q"":2,""v"":374243,""n"":60},{""y"":2025,""q"":3,""v"":400000,""n"":61},{""y"":2025,""q"":4,""v"":400000,""n"":53},{""y"":2026,""q"":1,""v"":367533,""n"":46}]"
東村山市,13213,76,2007Q2,2026Q1,-0.6,7.9,16.8,28.2,27.4,2.52,16.9,100.9,"[{""y"":2016,""q"":2,""v"":351282,""n"":20},{""y"":2016,""q"":3,""v"":283334,""n"":16},{""y"":2016,""q"":4,""v"":320000,""n"":21},{""y"":2017,""q"":1,""v"":266667,""n"":29},{""y"":2017,""q"":2,""v"":355556,""n"":17},{""y"":2017,""q"":3,""v"":311111,""n"":21},{""y"":2017,""q"":4,""v"":341959,""n"":20},{""y"":2018,""q"":1,""v"":325175,""n"":22},{""y"":2018,""q"":2,""v"":312699,""n"":22},{""y"":2018,""q"":3,""v"":286111,""n"":22},{""y"":2018,""q"":4,""v"":328571,""n"":17},{""y"":2019,""q"":1,""v"":333333,""n"":23},{""y"":2019,""q"":2,""v"":316667,""n"":24},{""y"":2019,""q"":3,""v"":280000,""n"":17},{""y"":2019,""q"":4,""v"":307692,""n"":18},{""y"":2020,""q"":1,""v"":326137,""n"":24},{""y"":2020,""q"":2,""v"":348352,""n"":14},{""y"":2020,""q"":3,""v"":323077,""n"":25},{""y"":2020,""q"":4,""v"":324706,""n"":24},{""y"":2021,""q"":1,""v"":346061,""n"":50},{""y"":2021,""q"":2,""v"":313334,""n"":52},{""y"":2021,""q"":3,""v"":311689,""n"":54},{""y"":2021,""q"":4,""v"":385714,""n"":45},{""y"":2022,""q"":1,""v"":327273,""n"":43},{""y"":2022,""q"":2,""v"":360000,""n"":54},{""y"":2022,""q"":3,""v"":365866,""n"":56},{""y"":2022,""q"":4,""v"":341429,""n"":64},{""y"":2023,""q"":1,""v"":414286,""n"":45},{""y"":2023,""q"":2,""v"":400000,""n"":49},{""y"":2023,""q"":3,""v"":386667,""n"":57},{""y"":2023,""q"":4,""v"":368068,""n"":44},{""y"":2024,""q"":1,""v"":426667,""n"":45},{""y"":2024,""q"":2,""v"":400000,""n"":52},{""y"":2024,""q"":3,""v"":388195,""n"":36},{""y"":2024,""q"":4,""v"":383333,""n"":29},{""y"":2025,""q"":1,""v"":400000,""n"":44},{""y"":2025,""q"":2,""v"":400000,""n"":69},{""y"":2025,""q"":3,""v"":275962,""n"":60},{""y"":2025,""q"":4,""v"":383333,""n"":59},{""y"":2026,""q"":1,""v"":428571,""n"":39}]"
国分寺市,13214,77,2007Q1,2026Q1,5.2,22.5,48.7,68.4,83.7,5.35,14.8,157.0,"[{""y"":2016,""q"":2,""v"":514872,""n"":18},{""y"":2016,""q"":3,""v"":525000,""n"":9},{""y"":2016,""q"":4,""v"":520000,""n"":16},{""y"":2017,""q"":1,""v"":493333,""n"":14},{""y"":2017,""q"":2,""v"":483333,""n"":19},{""y"":2017,""q"":3,""v"":533333,""n"":15},{""y"":2017,""q"":4,""v"":428571,""n"":9},{""y"":2018,""q"":1,""v"":500000,""n"":20},{""y"":2018,""q"":2,""v"":460000,""n"":14},{""y"":2018,""q"":3,""v"":623529,""n"":17},{""y"":2018,""q"":4,""v"":462051,""n"":14},{""y"":2019,""q"":1,""v"":490909,""n"":17},{""y"":2019,""q"":2,""v"":520000,""n"":23},{""y"":2019,""q"":3,""v"":527273,""n"":13},{""y"":2019,""q"":4,""v"":524286,""n"":16},{""y"":2020,""q"":1,""v"":666154,""n"":16},{""y"":2020,""q"":2,""v"":503846,""n"":10},{""y"":2020,""q"":3,""v"":480000,""n"":21},{""y"":2020,""q"":4,""v"":633333,""n"":13},{""y"":2021,""q"":1,""v"":572381,""n"":42},{""y"":2021,""q"":2,""v"":614836,""n"":50},{""y"":2021,""q"":3,""v"":565152,""n"":36},{""y"":2021,""q"":4,""v"":538462,""n"":53},{""y"":2022,""q"":1,""v"":647059,""n"":57},{""y"":2022,""q"":2,""v"":670588,""n"":55},{""y"":2022,""q"":3,""v"":625000,""n"":55},{""y"":2022,""q"":4,""v"":646154,""n"":51},{""y"":2023,""q"":1,""v"":660000,""n"":37},{""y"":2023,""q"":2,""v"":720000,""n"":53},{""y"":2023,""q"":3,""v"":650000,""n"":43},{""y"":2023,""q"":4,""v"":703334,""n"":46},{""y"":2024,""q"":1,""v"":700000,""n"":54},{""y"":2024,""q"":2,""v"":783334,""n"":44},{""y"":2024,""q"":3,""v"":753846,""n"":31},{""y"":2024,""q"":4,""v"":766667,""n"":46},{""y"":2025,""q"":1,""v"":691111,""n"":52},{""y"":2025,""q"":2,""v"":800000,""n"":52},{""y"":2025,""q"":3,""v"":800000,""n"":54},{""y"":2025,""q"":4,""v"":716084,""n"":58},{""y"":2026,""q"":1,""v"":844444,""n"":57}]"
国立市,13215,76,2007Q2,2026Q1,3.6,-0.9,14.6,30.1,36.2,2.67,14.7,125.4,"[{""y"":2016,""q"":2,""v"":505263,""n"":15},{""y"":2016,""q"":3,""v"":545455,""n"":15},{""y"":2016,""q"":4,""v"":490000,""n"":12},{""y"":2017,""q"":1,""v"":550000,""n"":17},{""y"":2017,""q"":2,""v"":616667,""n"":14},{""y"":2017,""q"":3,""v"":507692,""n"":13},{""y"":2017,""q"":4,""v"":538236,""n"":12},{""y"":2018,""q"":1,""v"":543590,""n"":16},{""y"":2018,""q"":2,""v"":562500,""n"":17},{""y"":2018,""q"":3,""v"":511111,""n"":9},{""y"":2018,""q"":4,""v"":600000,""n"":10},{""y"":2019,""q"":1,""v"":500000,""n"":11},{""y"":2019,""q"":2,""v"":589205,""n"":10},{""y"":2019,""q"":3,""v"":600000,""n"":13},{""y"":2019,""q"":4,""v"":533333,""n"":13},{""y"":2020,""q"":1,""v"":615385,""n"":17},{""y"":2020,""q"":2,""v"":573334,""n"":10},{""y"":2020,""q"":3,""v"":594551,""n"":12},{""y"":2020,""q"":4,""v"":516970,""n"":18},{""y"":2021,""q"":1,""v"":616667,""n"":27},{""y"":2021,""q"":2,""v"":528571,""n"":25},{""y"":2021,""q"":3,""v"":529762,""n"":22},{""y"":2021,""q"":4,""v"":592308,""n"":18},{""y"":2022,""q"":1,""v"":685715,""n"":24},{""y"":2022,""q"":2,""v"":688889,""n"":33},{""y"":2022,""q"":3,""v"":661905,""n"":32},{""y"":2022,""q"":4,""v"":700000,""n"":23},{""y"":2023,""q"":1,""v"":650000,""n"":26},{""y"":2023,""q"":2,""v"":652632,""n"":21},{""y"":2023,""q"":3,""v"":683333,""n"":31},{""y"":2023,""q"":4,""v"":707143,""n"":40},{""y"":2024,""q"":1,""v"":662987,""n"":28},{""y"":2024,""q"":2,""v"":600000,""n"":35},{""y"":2024,""q"":3,""v"":663334,""n"":26},{""y"":2024,""q"":4,""v"":738095,""n"":28},{""y"":2025,""q"":1,""v"":628571,""n"":37},{""y"":2025,""q"":2,""v"":620000,""n"":43},{""y"":2025,""q"":3,""v"":570257,""n"":38},{""y"":2025,""q"":4,""v"":718254,""n"":34},{""y"":2026,""q"":1,""v"":761905,""n"":36}]"
福生市,13218,76,2007Q2,2026Q1,20.1,23.0,22.7,50.7,26.6,4.19,24.7,89.5,"[{""y"":2016,""q"":2,""v"":173333,""n"":3},{""y"":2016,""q"":3,""v"":167667,""n"":4},{""y"":2016,""q"":4,""v"":300000,""n"":3},{""y"":2017,""q"":1,""v"":212222,""n"":6},{""y"":2017,""q"":2,""v"":233334,""n"":8},{""y"":2017,""q"":3,""v"":253333,""n"":1},{""y"":2017,""q"":4,""v"":166667,""n"":11},{""y"":2018,""q"":1,""v"":230000,""n"":6},{""y"":2018,""q"":2,""v"":183333,""n"":13},{""y"":2018,""q"":3,""v"":181591,""n"":8},{""y"":2018,""q"":4,""v"":225385,""n"":10},{""y"":2019,""q"":1,""v"":172159,""n"":4},{""y"":2019,""q"":2,""v"":158334,""n"":6},{""y"":2019,""q"":3,""v"":218182,""n"":7},{""y"":2019,""q"":4,""v"":196111,""n"":2},{""y"":2020,""q"":1,""v"":283333,""n"":5},{""y"":2020,""q"":2,""v"":210577,""n"":4},{""y"":2020,""q"":3,""v"":236364,""n"":15},{""y"":2020,""q"":4,""v"":257143,""n"":5},{""y"":2021,""q"":1,""v"":170000,""n"":14},{""y"":2021,""q"":2,""v"":170000,""n"":16},{""y"":2021,""q"":3,""v"":183974,""n"":18},{""y"":2021,""q"":4,""v"":214359,""n"":24},{""y"":2022,""q"":1,""v"":253333,""n"":17},{""y"":2022,""q"":2,""v"":205000,""n"":11},{""y"":2022,""q"":3,""v"":185000,""n"":11},{""y"":2022,""q"":4,""v"":241026,""n"":14},{""y"":2023,""q"":1,""v"":287500,""n"":17},{""y"":2023,""q"":2,""v"":207693,""n"":14},{""y"":2023,""q"":3,""v"":286667,""n"":11},{""y"":2023,""q"":4,""v"":236364,""n"":19},{""y"":2024,""q"":1,""v"":182576,""n"":8},{""y"":2024,""q"":2,""v"":215556,""n"":6},{""y"":2024,""q"":3,""v"":230000,""n"":10},{""y"":2024,""q"":4,""v"":242857,""n"":17},{""y"":2025,""q"":1,""v"":226516,""n"":18},{""y"":2025,""q"":2,""v"":231667,""n"":14},{""y"":2025,""q"":3,""v"":272727,""n"":15},{""y"":2025,""q"":4,""v"":275715,""n"":26},{""y"":2026,""q"":1,""v"":328571,""n"":17}]"
狛江市,13219,76,2007Q2,2026Q1,-0.4,18.5,28.4,44.9,35.3,3.78,16.1,115.1,"[{""y"":2016,""q"":2,""v"":445455,""n"":10},{""y"":2016,""q"":3,""v"":488312,""n"":18},{""y"":2016,""q"":4,""v"":490909,""n"":7},{""y"":2017,""q"":1,""v"":482418,""n"":12},{""y"":2017,""q"":2,""v"":360000,""n"":11},{""y"":2017,""q"":3,""v"":460606,""n"":20},{""y"":2017,""q"":4,""v"":482857,""n"":8},{""y"":2018,""q"":1,""v"":416667,""n"":11},{""y"":2018,""q"":2,""v"":444444,""n"":21},{""y"":2018,""q"":3,""v"":497596,""n"":14},{""y"":2018,""q"":4,""v"":400000,""n"":6},{""y"":2019,""q"":1,""v"":454546,""n"":14},{""y"":2019,""q"":2,""v"":533333,""n"":11},{""y"":2019,""q"":3,""v"":520000,""n"":12},{""y"":2019,""q"":4,""v"":438384,""n"":10},{""y"":2020,""q"":1,""v"":560000,""n"":17},{""y"":2020,""q"":2,""v"":517143,""n"":10},{""y"":2020,""q"":3,""v"":600477,""n"":18},{""y"":2020,""q"":4,""v"":360390,""n"":18},{""y"":2021,""q"":1,""v"":528571,""n"":27},{""y"":2021,""q"":2,""v"":616026,""n"":34},{""y"":2021,""q"":3,""v"":540660,""n"":38},{""y"":2021,""q"":4,""v"":550000,""n"":39},{""y"":2022,""q"":1,""v"":696667,""n"":26},{""y"":2022,""q"":2,""v"":546667,""n"":33},{""y"":2022,""q"":3,""v"":700000,""n"":35},{""y"":2022,""q"":4,""v"":585715,""n"":32},{""y"":2023,""q"":1,""v"":545000,""n"":28},{""y"":2023,""q"":2,""v"":692549,""n"":28},{""y"":2023,""q"":3,""v"":629412,""n"":30},{""y"":2023,""q"":4,""v"":633333,""n"":25},{""y"":2024,""q"":1,""v"":685455,""n"":32},{""y"":2024,""q"":2,""v"":586667,""n"":35},{""y"":2024,""q"":3,""v"":742857,""n"":25},{""y"":2024,""q"":4,""v"":655238,""n"":18},{""y"":2025,""q"":1,""v"":692308,""n"":25},{""y"":2025,""q"":2,""v"":717647,""n"":33},{""y"":2025,""q"":3,""v"":552941,""n"":49},{""y"":2025,""q"":4,""v"":650000,""n"":46},{""y"":2026,""q"":1,""v"":692308,""n"":29}]"
東大和市,13220,76,2007Q2,2026Q1,-2.8,23.1,40.7,23.7,41.3,2.15,18.8,56.9,"[{""y"":2016,""q"":2,""v"":338462,""n"":13},{""y"":2016,""q"":3,""v"":181705,""n"":8},{""y"":2016,""q"":4,""v"":369231,""n"":7},{""y"":2017,""q"":1,""v"":292046,""n"":10},{""y"":2017,""q"":2,""v"":304762,""n"":5},{""y"":2017,""q"":3,""v"":350000,""n"":12},{""y"":2017,""q"":4,""v"":398974,""n"":10},{""y"":2018,""q"":1,""v"":316667,""n"":9},{""y"":2018,""q"":2,""v"":314286,""n"":15},{""y"":2018,""q"":3,""v"":361086,""n"":10},{""y"":2018,""q"":4,""v"":316084,""n"":14},{""y"":2019,""q"":1,""v"":314286,""n"":7},{""y"":2019,""q"":2,""v"":312699,""n"":8},{""y"":2019,""q"":3,""v"":353846,""n"":10},{""y"":2019,""q"":4,""v"":328571,""n"":7},{""y"":2020,""q"":1,""v"":308334,""n"":12},{""y"":2020,""q"":2,""v"":316667,""n"":13},{""y"":2020,""q"":3,""v"":362500,""n"":7},{""y"":2020,""q"":4,""v"":273016,""n"":10},{""y"":2021,""q"":1,""v"":282353,""n"":21},{""y"":2021,""q"":2,""v"":353846,""n"":23},{""y"":2021,""q"":3,""v"":385714,""n"":17},{""y"":2021,""q"":4,""v"":433036,""n"":18},{""y"":2022,""q"":1,""v"":393334,""n"":20},{""y"":2022,""q"":2,""v"":452198,""n"":22},{""y"":2022,""q"":3,""v"":346104,""n"":20},{""y"":2022,""q"":4,""v"":315477,""n"":28},{""y"":2023,""q"":1,""v"":338462,""n"":15},{""y"":2023,""q"":2,""v"":342857,""n"":19},{""y"":2023,""q"":3,""v"":407143,""n"":20},{""y"":2023,""q"":4,""v"":454780,""n"":10},{""y"":2024,""q"":1,""v"":417693,""n"":28},{""y"":2024,""q"":2,""v"":435385,""n"":16},{""y"":2024,""q"":3,""v"":423333,""n"":16},{""y"":2024,""q"":4,""v"":432143,""n"":20},{""y"":2025,""q"":1,""v"":440000,""n"":19},{""y"":2025,""q"":2,""v"":386667,""n"":17},{""y"":2025,""q"":3,""v"":414286,""n"":23},{""y"":2025,""q"":4,""v"":440000,""n"":23},{""y"":2026,""q"":1,""v"":428571,""n"":17}]"
清瀬市,13221,76,2007Q2,2026Q1,1.2,4.3,0.7,13.4,21.6,1.27,40.5,52.2,"[{""y"":2016,""q"":2,""v"":314286,""n"":9},{""y"":2016,""q"":3,""v"":356818,""n"":10},{""y"":2016,""q"":4,""v"":378333,""n"":8},{""y"":2017,""q"":1,""v"":350000,""n"":8},{""y"":2017,""q"":2,""v"":447059,""n"":5},{""y"":2017,""q"":3,""v"":266667,""n"":6},{""y"":2017,""q"":4,""v"":260000,""n"":4},{""y"":2018,""q"":1,""v"":342857,""n"":7},{""y"":2018,""q"":2,""v"":352381,""n"":5},{""y"":2018,""q"":3,""v"":183333,""n"":7},{""y"":2018,""q"":4,""v"":330000,""n"":6},{""y"":2019,""q"":1,""v"":362500,""n"":5},{""y"":2019,""q"":2,""v"":280000,""n"":5},{""y"":2019,""q"":3,""v"":173333,""n"":5},{""y"":2019,""q"":4,""v"":398750,""n"":2},{""y"":2020,""q"":1,""v"":190000,""n"":4},{""y"":2020,""q"":2,""v"":425000,""n"":13},{""y"":2020,""q"":3,""v"":415385,""n"":7},{""y"":2020,""q"":4,""v"":514286,""n"":9},{""y"":2021,""q"":1,""v"":341176,""n"":17},{""y"":2021,""q"":2,""v"":373333,""n"":25},{""y"":2021,""q"":3,""v"":428571,""n"":23},{""y"":2021,""q"":4,""v"":362500,""n"":17},{""y"":2022,""q"":1,""v"":333333,""n"":23},{""y"":2022,""q"":2,""v"":389020,""n"":20},{""y"":2022,""q"":3,""v"":353846,""n"":15},{""y"":2022,""q"":4,""v"":422222,""n"":22},{""y"":2023,""q"":1,""v"":481448,""n"":10},{""y"":2023,""q"":2,""v"":385714,""n"":19},{""y"":2023,""q"":3,""v"":340000,""n"":20},{""y"":2023,""q"":4,""v"":120000,""n"":19},{""y"":2024,""q"":1,""v"":302598,""n"":20},{""y"":2024,""q"":2,""v"":373334,""n"":12},{""y"":2024,""q"":3,""v"":462567,""n"":24},{""y"":2024,""q"":4,""v"":275834,""n"":22},{""y"":2025,""q"":1,""v"":520000,""n"":18},{""y"":2025,""q"":2,""v"":313333,""n"":11},{""y"":2025,""q"":3,""v"":421053,""n"":20},{""y"":2025,""q"":4,""v"":430769,""n"":22},{""y"":2026,""q"":1,""v"":425000,""n"":17}]"
東久留米市,13222,76,2007Q2,2026Q1,7.8,-5.0,10.1,27.2,25.4,2.44,32.7,98.6,"[{""y"":2016,""q"":2,""v"":362500,""n"":12},{""y"":2016,""q"":3,""v"":266667,""n"":8},{""y"":2016,""q"":4,""v"":300000,""n"":11},{""y"":2017,""q"":1,""v"":400000,""n"":13},{""y"":2017,""q"":2,""v"":283333,""n"":13},{""y"":2017,""q"":3,""v"":327273,""n"":9},{""y"":2017,""q"":4,""v"":211111,""n"":13},{""y"":2018,""q"":1,""v"":201478,""n"":8},{""y"":2018,""q"":2,""v"":279488,""n"":8},{""y"":2018,""q"":3,""v"":346667,""n"":13},{""y"":2018,""q"":4,""v"":258586,""n"":6},{""y"":2019,""q"":1,""v"":438462,""n"":8},{""y"":2019,""q"":2,""v"":355715,""n"":14},{""y"":2019,""q"":3,""v"":217778,""n"":15},{""y"":2019,""q"":4,""v"":172308,""n"":12},{""y"":2020,""q"":1,""v"":186364,""n"":8},{""y"":2020,""q"":2,""v"":266667,""n"":11},{""y"":2020,""q"":3,""v"":200000,""n"":11},{""y"":2020,""q"":4,""v"":263158,""n"":15},{""y"":2021,""q"":1,""v"":300000,""n"":35},{""y"":2021,""q"":2,""v"":236364,""n"":35},{""y"":2021,""q"":3,""v"":379465,""n"":18},{""y"":2021,""q"":4,""v"":226667,""n"":38},{""y"":2022,""q"":1,""v"":225000,""n"":35},{""y"":2022,""q"":2,""v"":333333,""n"":37},{""y"":2022,""q"":3,""v"":306667,""n"":41},{""y"":2022,""q"":4,""v"":307692,""n"":29},{""y"":2023,""q"":1,""v"":274825,""n"":32},{""y"":2023,""q"":2,""v"":309402,""n"":30},{""y"":2023,""q"":3,""v"":269697,""n"":38},{""y"":2023,""q"":4,""v"":237500,""n"":25},{""y"":2024,""q"":1,""v"":349804,""n"":30},{""y"":2024,""q"":2,""v"":230952,""n"":42},{""y"":2024,""q"":3,""v"":332540,""n"":30},{""y"":2024,""q"":4,""v"":252778,""n"":30},{""y"":2025,""q"":1,""v"":288462,""n"":30},{""y"":2025,""q"":2,""v"":266667,""n"":43},{""y"":2025,""q"":3,""v"":316667,""n"":27},{""y"":2025,""q"":4,""v"":214286,""n"":40},{""y"":2026,""q"":1,""v"":369231,""n"":33}]"
武蔵村山市,13223,60,2008Q1,2025Q4,2.0,-0.7,0.0,0.6,-28.2,0.06,40.4,214.3,"[{""y"":2014,""q"":4,""v"":120000,""n"":3},{""y"":2015,""q"":2,""v"":188462,""n"":2},{""y"":2015,""q"":3,""v"":152308,""n"":1},{""y"":2015,""q"":4,""v"":125000,""n"":1},{""y"":2016,""q"":1,""v"":125000,""n"":1},{""y"":2016,""q"":2,""v"":228572,""n"":2},{""y"":2016,""q"":3,""v"":197143,""n"":2},{""y"":2017,""q"":1,""v"":184615,""n"":1},{""y"":2017,""q"":2,""v"":190000,""n"":2},{""y"":2017,""q"":4,""v"":175000,""n"":1},{""y"":2018,""q"":1,""v"":314286,""n"":1},{""y"":2018,""q"":2,""v"":240000,""n"":1},{""y"":2018,""q"":3,""v"":135714,""n"":2},{""y"":2018,""q"":4,""v"":215385,""n"":1},{""y"":2019,""q"":1,""v"":74545,""n"":1},{""y"":2019,""q"":2,""v"":153333,""n"":1},{""y"":2019,""q"":3,""v"":266667,""n"":3},{""y"":2019,""q"":4,""v"":223529,""n"":1},{""y"":2020,""q"":1,""v"":187576,""n"":2},{""y"":2020,""q"":2,""v"":125000,""n"":1},{""y"":2020,""q"":3,""v"":142857,""n"":1},{""y"":2020,""q"":4,""v"":120000,""n"":1},{""y"":2021,""q"":1,""v"":253362,""n"":2},{""y"":2021,""q"":3,""v"":256411,""n"":2},{""y"":2021,""q"":4,""v"":214286,""n"":3},{""y"":2022,""q"":1,""v"":145000,""n"":1},{""y"":2022,""q"":2,""v"":219221,""n"":2},{""y"":2022,""q"":3,""v"":200000,""n"":1},{""y"":2022,""q"":4,""v"":230769,""n"":1},{""y"":2023,""q"":1,""v"":242857,""n"":1},{""y"":2023,""q"":2,""v"":246154,""n"":2},{""y"":2023,""q"":3,""v"":254545,""n"":1},{""y"":2023,""q"":4,""v"":160000,""n"":3},{""y"":2024,""q"":1,""v"":239860,""n"":4},{""y"":2024,""q"":2,""v"":238182,""n"":2},{""y"":2024,""q"":3,""v"":165000,""n"":6},{""y"":2025,""q"":1,""v"":226667,""n"":5},{""y"":2025,""q"":2,""v"":244444,""n"":3},{""y"":2025,""q"":3,""v"":163636,""n"":7},{""y"":2025,""q"":4,""v"":184615,""n"":7}]"
多摩市,13224,77,2007Q1,2026Q1,-1.7,1.0,26.8,10.0,25.4,0.96,15.6,77.7,"[{""y"":2016,""q"":2,""v"":277778,""n"":23},{""y"":2016,""q"":3,""v"":334286,""n"":38},{""y"":2016,""q"":4,""v"":304202,""n"":38},{""y"":2017,""q"":1,""v"":344231,""n"":44},{""y"":2017,""q"":2,""v"":321539,""n"":38},{""y"":2017,""q"":3,""v"":329412,""n"":61},{""y"":2017,""q"":4,""v"":281667,""n"":36},{""y"":2018,""q"":1,""v"":279606,""n"":36},{""y"":2018,""q"":2,""v"":277351,""n"":42},{""y"":2018,""q"":3,""v"":355556,""n"":33},{""y"":2018,""q"":4,""v"":307692,""n"":50},{""y"":2019,""q"":1,""v"":300000,""n"":53},{""y"":2019,""q"":2,""v"":258334,""n"":30},{""y"":2019,""q"":3,""v"":360000,""n"":25},{""y"":2019,""q"":4,""v"":307692,""n"":35},{""y"":2020,""q"":1,""v"":312440,""n"":36},{""y"":2020,""q"":2,""v"":266667,""n"":25},{""y"":2020,""q"":3,""v"":285714,""n"":39},{""y"":2020,""q"":4,""v"":253333,""n"":55},{""y"":2021,""q"":1,""v"":287857,""n"":96},{""y"":2021,""q"":2,""v"":321539,""n"":126},{""y"":2021,""q"":3,""v"":320000,""n"":98},{""y"":2021,""q"":4,""v"":323077,""n"":137},{""y"":2022,""q"":1,""v"":356350,""n"":114},{""y"":2022,""q"":2,""v"":292308,""n"":91},{""y"":2022,""q"":3,""v"":333333,""n"":103},{""y"":2022,""q"":4,""v"":384615,""n"":107},{""y"":2023,""q"":1,""v"":360000,""n"":92},{""y"":2023,""q"":2,""v"":328389,""n"":84},{""y"":2023,""q"":3,""v"":300702,""n"":86},{""y"":2023,""q"":4,""v"":428571,""n"":111},{""y"":2024,""q"":1,""v"":492821,""n"":98},{""y"":2024,""q"":2,""v"":410526,""n"":113},{""y"":2024,""q"":3,""v"":364706,""n"":113},{""y"":2024,""q"":4,""v"":347368,""n"":105},{""y"":2025,""q"":1,""v"":320000,""n"":111},{""y"":2025,""q"":2,""v"":353572,""n"":114},{""y"":2025,""q"":3,""v"":426667,""n"":89},{""y"":2025,""q"":4,""v"":314584,""n"":86},{""y"":2026,""q"":1,""v"":346667,""n"":93}]"
稲城市,13225,76,2007Q2,2026Q1,-6.8,-8.1,18.4,17.0,22.1,1.58,16.5,77.9,"[{""y"":2016,""q"":2,""v"":323109,""n"":10},{""y"":2016,""q"":3,""v"":381061,""n"":12},{""y"":2016,""q"":4,""v"":411111,""n"":9},{""y"":2017,""q"":1,""v"":272436,""n"":14},{""y"":2017,""q"":2,""v"":330223,""n"":12},{""y"":2017,""q"":3,""v"":425000,""n"":15},{""y"":2017,""q"":4,""v"":379121,""n"":8},{""y"":2018,""q"":1,""v"":409524,""n"":11},{""y"":2018,""q"":2,""v"":356667,""n"":8},{""y"":2018,""q"":3,""v"":333333,""n"":11},{""y"":2018,""q"":4,""v"":387857,""n"":18},{""y"":2019,""q"":1,""v"":400000,""n"":11},{""y"":2019,""q"":2,""v"":383333,""n"":13},{""y"":2019,""q"":3,""v"":335417,""n"":14},{""y"":2019,""q"":4,""v"":311111,""n"":11},{""y"":2020,""q"":1,""v"":342857,""n"":15},{""y"":2020,""q"":2,""v"":442857,""n"":9},{""y"":2020,""q"":3,""v"":350000,""n"":11},{""y"":2020,""q"":4,""v"":303509,""n"":18},{""y"":2021,""q"":1,""v"":320000,""n"":48},{""y"":2021,""q"":2,""v"":400000,""n"":58},{""y"":2021,""q"":3,""v"":387500,""n"":31},{""y"":2021,""q"":4,""v"":473756,""n"":34},{""y"":2022,""q"":1,""v"":411111,""n"":49},{""y"":2022,""q"":2,""v"":391759,""n"":44},{""y"":2022,""q"":3,""v"":447059,""n"":33},{""y"":2022,""q"":4,""v"":416667,""n"":33},{""y"":2023,""q"":1,""v"":502941,""n"":36},{""y"":2023,""q"":2,""v"":500000,""n"":41},{""y"":2023,""q"":3,""v"":440000,""n"":33},{""y"":2023,""q"":4,""v"":423529,""n"":29},{""y"":2024,""q"":1,""v"":483030,""n"":34},{""y"":2024,""q"":2,""v"":485714,""n"":43},{""y"":2024,""q"":3,""v"":440000,""n"":33},{""y"":2024,""q"":4,""v"":411765,""n"":51},{""y"":2025,""q"":1,""v"":374445,""n"":46},{""y"":2025,""q"":2,""v"":420168,""n"":32},{""y"":2025,""q"":3,""v"":373333,""n"":41},{""y"":2025,""q"":4,""v"":372851,""n"":40},{""y"":2026,""q"":1,""v"":510000,""n"":40}]"
羽村市,13227,75,2007Q2,2026Q1,-10.4,-13.8,5.1,2.4,16.8,0.24,42.1,135.0,"[{""y"":2016,""q"":2,""v"":108571,""n"":1},{""y"":2016,""q"":3,""v"":250000,""n"":4},{""y"":2016,""q"":4,""v"":186667,""n"":3},{""y"":2017,""q"":1,""v"":174604,""n"":4},{""y"":2017,""q"":2,""v"":200000,""n"":4},{""y"":2017,""q"":3,""v"":236364,""n"":7},{""y"":2017,""q"":4,""v"":183333,""n"":5},{""y"":2018,""q"":1,""v"":257143,""n"":3},{""y"":2018,""q"":2,""v"":168909,""n"":6},{""y"":2018,""q"":3,""v"":300000,""n"":4},{""y"":2018,""q"":4,""v"":272727,""n"":5},{""y"":2019,""q"":1,""v"":208889,""n"":6},{""y"":2019,""q"":2,""v"":178182,""n"":3},{""y"":2019,""q"":3,""v"":244026,""n"":2},{""y"":2019,""q"":4,""v"":218182,""n"":6},{""y"":2020,""q"":1,""v"":218182,""n"":1},{""y"":2020,""q"":2,""v"":150000,""n"":3},{""y"":2020,""q"":3,""v"":246154,""n"":7},{""y"":2020,""q"":4,""v"":192000,""n"":3},{""y"":2021,""q"":1,""v"":253333,""n"":7},{""y"":2021,""q"":2,""v"":284927,""n"":10},{""y"":2021,""q"":3,""v"":161250,""n"":16},{""y"":2021,""q"":4,""v"":185714,""n"":9},{""y"":2022,""q"":1,""v"":189667,""n"":10},{""y"":2022,""q"":2,""v"":226250,""n"":10},{""y"":2022,""q"":3,""v"":320000,""n"":13},{""y"":2022,""q"":4,""v"":307692,""n"":9},{""y"":2023,""q"":1,""v"":200000,""n"":5},{""y"":2023,""q"":2,""v"":329412,""n"":7},{""y"":2023,""q"":3,""v"":168413,""n"":10},{""y"":2023,""q"":4,""v"":237778,""n"":6},{""y"":2024,""q"":1,""v"":233334,""n"":8},{""y"":2024,""q"":2,""v"":208334,""n"":8},{""y"":2024,""q"":3,""v"":294118,""n"":11},{""y"":2024,""q"":4,""v"":261538,""n"":9},{""y"":2025,""q"":1,""v"":252273,""n"":12},{""y"":2025,""q"":2,""v"":216364,""n"":12},{""y"":2025,""q"":3,""v"":243939,""n"":12},{""y"":2025,""q"":4,""v"":211111,""n"":13},{""y"":2026,""q"":1,""v"":271795,""n"":10}]"
あきる野市,13228,32,2008Q1,2026Q1,-19.3,47.9,10.4,,31.4,,33.5,60.0,"[{""y"":2008,""q"":1,""v"":383333,""n"":1},{""y"":2009,""q"":4,""v"":136364,""n"":1},{""y"":2010,""q"":2,""v"":233333,""n"":2},{""y"":2011,""q"":1,""v"":183333,""n"":1},{""y"":2011,""q"":2,""v"":276923,""n"":1},{""y"":2011,""q"":4,""v"":261538,""n"":1},{""y"":2012,""q"":1,""v"":292308,""n"":1},{""y"":2012,""q"":4,""v"":266667,""n"":1},{""y"":2013,""q"":1,""v"":214286,""n"":2},{""y"":2013,""q"":4,""v"":271429,""n"":1},{""y"":2014,""q"":3,""v"":246154,""n"":1},{""y"":2014,""q"":4,""v"":250000,""n"":1},{""y"":2015,""q"":1,""v"":342857,""n"":1},{""y"":2015,""q"":2,""v"":287500,""n"":1},{""y"":2015,""q"":4,""v"":350000,""n"":1},{""y"":2016,""q"":4,""v"":257143,""n"":1},{""y"":2018,""q"":3,""v"":166667,""n"":1},{""y"":2019,""q"":1,""v"":238462,""n"":2},{""y"":2019,""q"":2,""v"":184615,""n"":1},{""y"":2019,""q"":3,""v"":185714,""n"":1},{""y"":2020,""q"":1,""v"":200000,""n"":1},{""y"":2020,""q"":3,""v"":246154,""n"":1},{""y"":2021,""q"":1,""v"":261538,""n"":1},{""y"":2022,""q"":2,""v"":303846,""n"":4},{""y"":2023,""q"":2,""v"":261538,""n"":1},{""y"":2023,""q"":3,""v"":492308,""n"":1},{""y"":2023,""q"":4,""v"":416667,""n"":1},{""y"":2024,""q"":2,""v"":200000,""n"":1},{""y"":2024,""q"":4,""v"":247553,""n"":2},{""y"":2025,""q"":1,""v"":342857,""n"":3},{""y"":2025,""q"":2,""v"":300000,""n"":1},{""y"":2026,""q"":1,""v"":198462,""n"":2}]"
西東京市,13229,76,2007Q2,2026Q1,-4.5,1.2,22.8,41.1,29.3,3.5,7.9,63.8,"[{""y"":2016,""q"":2,""v"":421591,""n"":36},{""y"":2016,""q"":3,""v"":416026,""n"":20},{""y"":2016,""q"":4,""v"":459829,""n"":22},{""y"":2017,""q"":1,""v"":520780,""n"":30},{""y"":2017,""q"":2,""v"":471429,""n"":19},{""y"":2017,""q"":3,""v"":423377,""n"":32},{""y"":2017,""q"":4,""v"":446154,""n"":22},{""y"":2018,""q"":1,""v"":415385,""n"":21},{""y"":2018,""q"":2,""v"":461538,""n"":36},{""y"":2018,""q"":3,""v"":458334,""n"":20},{""y"":2018,""q"":4,""v"":439744,""n"":28},{""y"":2019,""q"":1,""v"":443530,""n"":22},{""y"":2019,""q"":2,""v"":510477,""n"":26},{""y"":2019,""q"":3,""v"":461538,""n"":33},{""y"":2019,""q"":4,""v"":440000,""n"":33},{""y"":2020,""q"":1,""v"":476923,""n"":31},{""y"":2020,""q"":2,""v"":441429,""n"":28},{""y"":2020,""q"":3,""v"":470715,""n"":36},{""y"":2020,""q"":4,""v"":450000,""n"":41},{""y"":2021,""q"":1,""v"":485714,""n"":83},{""y"":2021,""q"":2,""v"":480000,""n"":81},{""y"":2021,""q"":3,""v"":489011,""n"":72},{""y"":2021,""q"":4,""v"":542857,""n"":73},{""y"":2022,""q"":1,""v"":500000,""n"":89},{""y"":2022,""q"":2,""v"":553572,""n"":74},{""y"":2022,""q"":3,""v"":563493,""n"":68},{""y"":2022,""q"":4,""v"":530303,""n"":76},{""y"":2023,""q"":1,""v"":563603,""n"":86},{""y"":2023,""q"":2,""v"":505000,""n"":84},{""y"":2023,""q"":3,""v"":545455,""n"":61},{""y"":2023,""q"":4,""v"":600000,""n"":71},{""y"":2024,""q"":1,""v"":551923,""n"":72},{""y"":2024,""q"":2,""v"":612549,""n"":84},{""y"":2024,""q"":3,""v"":600000,""n"":73},{""y"":2024,""q"":4,""v"":583333,""n"":63},{""y"":2025,""q"":1,""v"":576282,""n"":86},{""y"":2025,""q"":2,""v"":543590,""n"":82},{""y"":2025,""q"":3,""v"":541959,""n"":84},{""y"":2025,""q"":4,""v"":635294,""n"":79},{""y"":2026,""q"":1,""v"":586667,""n"":63}]"
西多摩郡瑞穂町,13303,18,2010Q2,2025Q4,-17.9,-12.5,,,-2.2,,140.9,,"[{""y"":2010,""q"":2,""v"":117500,""n"":1},{""y"":2011,""q"":4,""v"":116250,""n"":2},{""y"":2012,""q"":1,""v"":145000,""n"":1},{""y"":2013,""q"":3,""v"":117500,""n"":2},{""y"":2013,""q"":4,""v"":110000,""n"":1},{""y"":2014,""q"":3,""v"":750000,""n"":1},{""y"":2015,""q"":3,""v"":135000,""n"":1},{""y"":2017,""q"":1,""v"":112500,""n"":1},{""y"":2018,""q"":3,""v"":162500,""n"":1},{""y"":2018,""q"":4,""v"":125000,""n"":1},{""y"":2021,""q"":1,""v"":100000,""n"":1},{""y"":2022,""q"":4,""v"":153000,""n"":2},{""y"":2023,""q"":2,""v"":150000,""n"":1},{""y"":2024,""q"":2,""v"":130000,""n"":1},{""y"":2024,""q"":4,""v"":87500,""n"":1},{""y"":2025,""q"":2,""v"":97778,""n"":3},{""y"":2025,""q"":3,""v"":132000,""n"":1},{""y"":2025,""q"":4,""v"":140000,""n"":1}]"
