station,pop_walk,hh_walk,town_n
東京駅,9878,6624,39
新橋駅,16962,11664,36
品川駅,65824,35644,17
大崎駅,83607,48822,29
五反田駅,102191,59474,31
目黒駅,87559,52324,25
恵比寿駅,75298,46264,30
渋谷駅,41366,25585,28
原宿駅,17308,10079,12
代々木駅,27212,18096,13
新宿駅,60432,44740,22
新大久保駅,96795,67645,23
高田馬場駅,98141,62592,22
目白駅,90423,57995,25
池袋駅,82452,55965,24
大塚駅,118972,76312,28
巣鴨駅,120495,72710,29
駒込駅,87298,52010,27
田端駅,101654,61857,31
西日暮里駅,110684,67090,33
日暮里駅,110073,66567,32
鶯谷駅,101063,62527,38
上野駅,83695,53095,47
御徒町駅,75097,47894,58
秋葉原駅,80869,52849,87
神田駅,46177,29450,81
有楽町駅,12867,8840,36
浜松町駅,31117,20080,25
田町駅,74427,43595,20
高輪ゲートウェイ駅,76664,40127,15
矢野口駅,34304,16683,6
稲城長沼駅,25875,11772,6
南多摩駅,19101,8648,10
府中本町駅,57437,30883,37
分倍河原駅,56553,29654,37
西府駅,41865,21177,27
谷保駅,39752,19888,19
矢川駅,44811,23523,18
西国立駅,59174,33579,18
立川駅,54928,32444,17
北府中駅,41936,21824,27
西国分寺駅,39607,20634,19
新小平駅,32888,17300,14
新秋津駅,28833,14303,11
成瀬駅,42611,20787,28
町田駅,37288,22297,15
相原駅,0,0,0
八王子みなみ野駅,37168,17696,15
片倉駅,28787,14990,6
八王子駅,51068,30277,27
西大井駅,107867,62018,32
四ツ谷駅,51055,29496,41
吉祥寺駅,51773,29866,18
三鷹駅,74796,42706,19
国分寺駅,44639,24900,21
日野駅,29978,15727,23
豊田駅,49462,24741,24
西八王子駅,40254,22517,20
高尾駅,19284,9541,4
御茶ノ水駅,50602,31473,64
中野駅,98591,65732,21
高円寺駅,100398,67518,21
阿佐ケ谷駅,98232,61623,19
荻窪駅,82121,48107,19
西荻窪駅,82881,46530,25
武蔵境駅,56844,30385,21
東小金井駅,57716,29426,18
武蔵小金井駅,69762,36084,22
国立駅,55766,28597,22
東中野駅,96755,64475,19
大久保駅,97021,66965,21
千駄ケ谷駅,32476,21050,18
信濃町駅,35035,21694,22
市ケ谷駅,56866,30935,57
飯田橋駅,70696,40939,65
水道橋駅,64747,37416,44
浅草橋駅,106025,67945,72
両国駅,119221,75355,53
錦糸町駅,117539,73081,42
亀戸駅,117156,70747,23
平井駅,86638,47357,16
新小岩駅,69106,39915,18
小岩駅,81816,47074,25
新日本橋駅,49887,31820,77
馬喰町駅,98361,62815,84
西立川駅,24307,13400,18
東中神駅,32846,17416,23
中神駅,47375,24488,28
昭島駅,35911,18061,24
拝島駅,34871,18558,12
牛浜駅,12262,7103,11
福生駅,32457,18264,12
羽村駅,31430,15925,27
小作駅,29935,15667,22
河辺駅,37235,20428,25
東青梅駅,26798,14323,28
青梅駅,13284,7022,22
宮ノ平駅,6234,3163,9
日向和田駅,3910,1858,7
石神前駅,3217,1514,5
二俣尾駅,1478,747,3
軍畑駅,1001,528,4
沢井駅,1626,918,4
御嶽駅,316,184,2
川井駅,0,0,0
古里駅,0,0,0
鳩ノ巣駅,0,0,0
白丸駅,0,0,0
奥多摩駅,0,0,0
熊川駅,30157,16587,10
東秋留駅,18115,8578,12
秋川駅,14908,7348,14
武蔵引田駅,9314,4228,5
武蔵増戸駅,8657,3981,3
武蔵五日市駅,7949,3935,7
北八王子駅,24760,12763,10
小宮駅,23707,11231,8
東福生駅,14610,8306,10
箱根ケ崎駅,0,0,0
尾久駅,79667,47329,30
赤羽駅,70317,42056,24
三河島駅,109566,66942,25
南千住駅,99927,56805,25
北千住駅,68813,40877,24
綾瀬駅,73499,43151,21
亀有駅,73531,40200,20
金町駅,62938,33162,20
板橋駅,109629,67623,24
十条駅,73930,44396,31
北赤羽駅,56961,30718,14
浮間舟渡駅,42371,22611,10
八丁堀駅,73810,44326,46
越中島駅,99895,55742,35
潮見駅,37862,20144,11
新木場駅,1773,930,7
葛西臨海公園駅,19069,9050,8
東十条駅,91863,56031,34
王子駅,82730,48586,28
上中里駅,82700,48118,27
大井町駅,94931,55149,27
大森駅,105474,61358,27
蒲田駅,111374,69129,28
北池袋駅,123547,81227,26
下板橋駅,118994,75068,23
大山駅,117359,74031,24
中板橋駅,98429,59834,21
ときわ台駅,105449,62209,24
上板橋駅,82886,47612,25
東武練馬駅,90431,50950,23
下赤塚駅,83902,46965,19
成増駅,74415,43734,15
浅草駅,108496,67865,50
とうきょうスカイツリー駅,105165,63209,42
押上〈スカイツリー前〉駅,112626,67229,40
曳舟駅,101416,57805,27
東向島駅,98096,55250,25
鐘ヶ淵駅,78838,42225,18
堀切駅,56352,29703,13
牛田駅,63499,35154,17
小菅駅,61963,37249,20
五反野駅,76755,44633,25
梅島駅,88549,49076,26
西新井駅,90303,49565,27
竹ノ塚駅,67427,37218,27
小村井駅,90502,50394,23
東あずま駅,89149,51500,20
亀戸水神駅,120368,70395,20
大師前駅,75888,41909,24
椎名町駅,102683,64945,28
東長崎駅,96151,60641,29
江古田駅,87612,55088,25
桜台駅,85677,53289,24
練馬駅,98222,59052,28
中村橋駅,80309,45240,24
富士見台駅,84916,46705,25
練馬高野台駅,73401,39096,23
石神井公園駅,60326,31537,19
大泉学園駅,73544,37957,16
保谷駅,60338,29835,27
ひばりヶ丘駅,52937,25640,30
東久留米駅,44126,22035,28
清瀬駅,36192,18488,19
秋津駅,29817,14774,12
小竹向原駅,73563,44232,22
新桜台駅,88381,55364,23
豊島園駅,88472,50362,25
多摩湖駅,13511,6442,13
西武新宿駅,75139,54133,22
下落合駅,115360,74969,27
中井駅,102226,67622,24
新井薬師前駅,99939,65717,26
沼袋駅,100276,64440,29
野方駅,92342,57963,26
都立家政駅,93837,55186,28
鷺ノ宮駅,92828,53876,26
下井草駅,80098,43765,22
井荻駅,62323,33384,19
上井草駅,66589,35674,20
上石神井駅,62385,33417,17
武蔵関駅,63773,34636,17
東伏見駅,61143,32475,30
西武柳沢駅,63290,34213,37
田無駅,61456,31973,30
花小金井駅,51285,24424,14
小平駅,41333,21866,20
久米川駅,50613,27582,15
東村山駅,38162,19796,15
萩山駅,32344,18292,14
小川駅,35601,18830,16
東大和市駅,41714,20953,22
玉川上水駅,39912,19089,18
武蔵砂川駅,33759,16697,14
西武立川駅,31728,14584,16
西武園駅,13403,6301,9
恋ヶ窪駅,30435,14121,18
鷹の台駅,23116,11162,17
一橋学園駅,55164,28610,18
青梅街道駅,43718,23236,14
八坂駅,53453,29553,18
武蔵大和駅,26367,12432,25
新小金井駅,39941,21077,17
多磨駅,25543,13176,14
白糸台駅,53704,27509,21
競艇場前駅,28651,14559,14
是政駅,17372,8287,12
京成上野駅,64955,41048,44
新三河島駅,112049,68303,26
町屋駅,102591,58228,26
千住大橋駅,87281,48726,26
京成関屋駅,62510,34467,17
堀切菖蒲園駅,59886,34431,18
お花茶屋駅,81516,45029,26
青砥駅,69856,38246,22
京成高砂駅,70593,37683,23
京成小岩駅,81513,45276,23
江戸川駅,34709,19572,10
押上（スカイツリー前）駅,112626,67229,40
京成曳舟駅,99438,56003,26
八広駅,61203,34821,18
四ツ木駅,62245,35030,19
京成立石駅,67331,37458,22
柴又駅,56577,30831,19
京成金町駅,61941,32563,20
笹塚駅,83941,53717,18
代田橋駅,102278,65676,20
明大前駅,79672,48929,17
下高井戸駅,70449,41986,17
桜上水駅,69890,39823,20
上北沢駅,63606,36358,19
八幡山駅,73915,42214,21
芦花公園駅,84112,49220,22
千歳烏山駅,76042,43145,21
仙川駅,58374,31112,23
つつじヶ丘駅,63324,34586,21
柴崎駅,70725,38714,25
国領駅,74689,40940,25
布田駅,81212,43389,28
調布駅,66454,36346,25
西調布駅,51056,27128,18
飛田給駅,41294,21185,16
武蔵野台駅,50385,26174,20
多磨霊園駅,53040,27826,21
東府中駅,47954,25529,21
府中駅,60994,32695,35
中河原駅,40773,20516,21
聖蹟桜ヶ丘駅,33087,17174,15
百草園駅,25903,13555,8
高幡不動駅,29848,15498,18
南平駅,28583,14622,18
平山城址公園駅,26116,13183,16
長沼駅,17879,8989,9
北野駅,21771,12045,5
京王八王子駅,54976,31899,26
京王多摩川駅,45759,24467,17
京王よみうりランド駅,18068,8866,1
稲城駅,26119,12001,6
京王永山駅,31139,16627,15
京王多摩センター駅,33704,16772,13
京王堀之内駅,22117,11438,5
南大沢駅,38256,17998,9
多摩境駅,36501,15900,7
京王片倉駅,35423,18639,10
山田駅,32011,16071,11
めじろ台駅,34778,17804,11
狭間駅,23917,11767,5
高尾山口駅,6770,3632,3
府中競馬正門前駅,51450,27685,29
多摩動物公園駅,17945,9492,15
神泉駅,52221,32642,28
駒場東大前駅,74023,44720,24
池ノ上駅,70105,41647,21
下北沢駅,83231,51183,23
新代田駅,90859,57467,22
東松原駅,78936,49462,19
永福町駅,68289,40579,15
西永福駅,64595,35165,17
浜田山駅,69348,36513,18
高井戸駅,70429,38625,17
富士見ヶ丘駅,64234,34639,17
久我山駅,63690,34084,19
三鷹台駅,57450,32000,17
井の頭公園駅,57990,32863,20
新線新宿駅,43011,30192,17
初台駅,77004,48968,18
幡ヶ谷駅,84824,54143,20
南新宿駅,35179,23191,14
参宮橋駅,60777,38941,14
代々木八幡駅,52747,30479,18
代々木上原駅,61221,36240,17
東北沢駅,73425,45007,21
世田谷代田駅,84236,51505,22
梅ヶ丘駅,86570,51195,23
豪徳寺駅,82447,47824,21
経堂駅,88003,48360,23
千歳船橋駅,78205,41287,20
祖師ヶ谷大蔵駅,76496,38813,25
成城学園前駅,52166,26091,19
喜多見駅,59962,31321,24
狛江駅,53361,28910,26
和泉多摩川駅,35389,19693,17
鶴川駅,16649,8035,11
玉川学園前駅,19632,9967,12
小田急永山駅,31139,16627,15
小田急多摩センター駅,33704,16772,13
唐木田駅,19950,9424,12
代官山駅,71716,44275,31
中目黒駅,79152,46713,28
祐天寺駅,94421,55034,26
学芸大学駅,93454,53394,26
都立大学駅,74542,40788,24
自由が丘駅,65559,36418,21
田園調布駅,54857,28503,17
多摩川駅,44734,22991,11
不動前駅,110566,66702,33
武蔵小山駅,119506,70819,35
西小山駅,115979,67250,36
洗足駅,102590,58344,32
大岡山駅,88535,48437,28
奥沢駅,71309,38591,23
池尻大橋駅,86058,51434,26
三軒茶屋駅,106351,66515,25
駒沢大学駅,76773,44258,20
桜新町駅,87966,46768,23
用賀駅,64718,33663,20
二子玉川駅,33819,17438,12
つくし野駅,23994,11166,16
すずかけ台駅,24198,10753,14
南町田グランベリーパーク駅,30911,13770,18
下神明駅,106022,63197,35
戸越公園駅,108502,65356,38
中延駅,114310,68526,40
荏原町駅,106220,62499,34
旗の台駅,97594,56670,32
北千束駅,89510,50774,29
緑が丘駅,75998,42241,23
九品仏駅,52868,28549,19
尾山台駅,58133,29920,21
等々力駅,66675,33868,23
上野毛駅,58650,29462,20
大崎広小路駅,107129,63680,34
戸越銀座駅,126229,75978,42
荏原中延駅,112078,67789,41
長原駅,86250,47939,26
洗足池駅,95428,50875,27
石川台駅,78701,41340,25
雪が谷大塚駅,87778,45867,22
御嶽山駅,83173,43744,21
久が原駅,82613,43346,20
千鳥町駅,84052,46651,20
池上駅,90435,52547,24
蓮沼駅,106398,64262,25
沼部駅,55227,30159,12
鵜の木駅,67807,36475,16
下丸子駅,74880,41352,17
武蔵新田駅,96331,54163,21
矢口渡駅,94031,55721,21
西太子堂駅,102698,64004,24
若林駅,106809,65198,25
松陰神社前駅,101443,60242,24
世田谷駅,92363,52470,23
上町駅,94268,52368,23
宮の坂駅,86352,49526,22
山下駅,86364,50220,22
松原駅,80784,48316,20
泉岳寺駅,84884,46968,18
北品川駅,66925,36603,19
新馬場駅,72297,39334,20
青物横丁駅,81267,44188,21
鮫洲駅,94027,52113,22
立会川駅,98760,56193,23
大森海岸駅,83036,49884,25
平和島駅,76997,47157,21
大森町駅,99285,60240,26
梅屋敷駅,102025,63629,25
京急蒲田駅,116656,74012,30
雑色駅,88047,49996,20
六郷土手駅,31532,16786,7
糀谷駅,93727,56795,24
大鳥居駅,76191,45702,24
穴守稲荷駅,41020,25664,17
天空橋駅,21107,13470,12
羽田空港第3ターミナル駅,0,0,1
羽田空港第1・第2ターミナル駅,0,0,1
田原町駅,107461,68126,55
稲荷町駅,95657,61033,52
上野広小路駅,61662,39493,50
末広町駅,68074,44160,70
三越前駅,47379,30301,70
日本橋駅,54318,34483,64
京橋駅,33902,21705,50
銀座駅,16986,11601,39
虎ノ門駅,17267,11426,31
溜池山王駅,28316,17629,28
赤坂見附駅,23403,14185,19
青山一丁目駅,37012,21747,20
外苑前駅,35573,20267,19
表参道駅,43194,24391,23
新大塚駅,103497,64601,25
茗荷谷駅,99949,55079,31
後楽園駅,78419,43842,38
本郷三丁目駅,68685,40138,39
淡路町駅,50497,32797,82
大手町駅,10107,6760,49
霞ケ関駅,10705,7124,28
国会議事堂前駅,22081,13730,26
四谷三丁目駅,65390,41810,30
新宿御苑前駅,52382,36062,23
新宿三丁目駅,53468,38164,19
西新宿駅,76393,54532,22
中野坂上駅,113025,77393,20
新中野駅,117667,78856,21
東高円寺駅,109606,72627,19
新高円寺駅,102774,67063,19
南阿佐ケ谷駅,86274,52389,18
中野新橋駅,114756,76013,23
中野富士見町駅,114085,74240,23
方南町駅,98323,59631,17
三ノ輪駅,124798,76843,33
入谷駅,108433,68797,42
仲御徒町駅,77158,49123,59
小伝馬町駅,82936,52527,87
人形町駅,82846,52022,67
茅場町駅,75874,47217,56
築地駅,59836,35900,40
東銀座駅,31094,19916,41
日比谷駅,5827,4067,31
虎ノ門ヒルズ駅,27823,17992,38
神谷町駅,45274,28919,43
六本木駅,63018,37859,36
広尾駅,83487,49296,30
落合駅,111230,73001,23
早稲田駅,91592,57952,32
神楽坂駅,102870,62312,73
九段下駅,32192,18185,45
竹橋駅,24131,14470,41
門前仲町駅,84213,49787,40
木場駅,91776,51557,32
東陽町駅,82767,45592,20
南砂町駅,56259,30176,12
西葛西駅,99954,52748,18
葛西駅,108940,63571,22
北綾瀬駅,72591,40896,26
千駄木駅,90504,52553,32
根津駅,66090,37515,32
湯島駅,56209,35667,43
新御茶ノ水駅,54232,34492,75
二重橋前駅,4756,3152,29
赤坂駅,31180,19183,26
乃木坂駅,51250,30077,25
明治神宮前〈原宿〉駅,21392,12555,17
代々木公園駅,44419,25600,16
地下鉄成増駅,74415,43734,16
地下鉄赤塚駅,75855,42689,18
平和台駅,73978,40043,19
氷川台駅,66377,36823,19
千川駅,84071,51478,26
要町駅,103606,67351,28
東池袋駅,84236,54327,25
護国寺駅,91504,53986,28
江戸川橋駅,102979,61394,57
麹町駅,33227,17620,29
永田町駅,27844,15513,20
桜田門駅,3704,2251,20
銀座一丁目駅,18760,12760,39
新富町駅,68552,40433,43
月島駅,106649,58942,33
豊洲駅,82331,37336,12
辰巳駅,37543,18167,6
半蔵門駅,25851,13012,29
神保町駅,38531,23427,49
水天宮前駅,87917,55088,53
清澄白河駅,116722,71039,53
住吉駅,105125,62778,36
赤羽岩淵駅,60167,36009,18
志茂駅,69184,40676,17
王子神谷駅,85917,50958,26
西ケ原駅,81010,47102,27
本駒込駅,91649,50372,24
東大前駅,102990,57173,33
六本木一丁目駅,48064,29879,37
麻布十番駅,67761,40070,33
白金高輪駅,78030,44402,21
白金台駅,85593,49079,24
雑司が谷駅,88440,54178,26
西早稲田駅,102008,66534,24
東新宿駅,78710,54265,23
北参道駅,21834,13480,11
都庁前駅,73859,50330,21
新宿西口駅,55516,41403,19
若松河田駅,115270,76471,42
牛込柳町駅,98229,61621,60
牛込神楽坂駅,87142,52531,76
春日駅,83083,46182,32
上野御徒町駅,71875,45816,54
新御徒町駅,98139,63217,67
蔵前駅,113490,72768,60
森下駅,119776,74126,54
勝どき駅,90119,47292,25
築地市場駅,47493,28958,37
汐留駅,26906,16909,34
大門駅,36653,23633,30
赤羽橋駅,67756,42216,38
国立競技場駅,34819,21902,19
西新宿五丁目駅,112858,75448,26
落合南長崎駅,92186,57950,27
新江古田駅,93177,59240,28
練馬春日町駅,77625,39279,18
光が丘駅,76171,36425,20
西馬込駅,82274,43482,20
馬込駅,94316,53888,26
戸越駅,121811,73306,42
高輪台駅,76028,42332,22
三田駅,75601,44461,22
宝町駅,40696,25782,46
東日本橋駅,104044,66345,75
本所吾妻橋駅,95760,59198,45
芝公園駅,57287,35982,34
御成門駅,38915,24851,40
内幸町駅,12723,8766,35
白山駅,101612,54691,26
千石駅,101202,58025,24
西巣鴨駅,119187,72725,27
新板橋駅,103868,62876,24
板橋区役所前駅,107658,66263,21
板橋本町駅,103846,62833,23
本蓮沼駅,99276,57419,21
志村坂上駅,85148,47208,20
志村三丁目駅,80132,43547,19
蓮根駅,78724,43968,15
西台駅,77832,44655,13
高島平駅,57307,34318,13
新高島平駅,42250,25078,13
西高島平駅,30705,17329,11
曙橋駅,84256,52616,49
市ヶ谷駅,56866,30935,57
小川町駅,39777,25520,77
岩本町駅,76955,49673,90
馬喰横山駅,94844,60296,79
浜町駅,105538,67385,58
菊川駅,124005,75767,54
西大島駅,118651,69701,22
大島駅,128086,71780,18
東大島駅,91417,48544,14
船堀駅,67870,33695,20
一之江駅,61082,31409,20
瑞江駅,78027,39799,23
篠崎駅,58004,29548,21
三ノ輪橋駅,113355,68190,30
荒川一中前駅,111393,65542,27
荒川区役所前駅,120429,70817,28
荒川二丁目駅,108909,63722,25
荒川七丁目駅,103297,58734,25
町屋駅前駅,102591,58228,26
町屋二丁目駅,101838,60208,26
東尾久三丁目駅,104545,62112,28
熊野前駅,74642,43237,22
宮ノ前駅,70422,40382,23
小台駅,69828,39970,24
荒川遊園地前駅,69003,39365,24
荒川車庫前駅,76029,43889,27
梶原駅,76836,44315,25
栄町駅,80106,46457,26
王子駅前駅,83213,48911,29
飛鳥山駅,78404,46154,27
滝野川一丁目駅,94416,55987,28
西ヶ原四丁目駅,96081,57170,26
新庚申塚駅,109653,66442,27
庚申塚駅,122788,76012,29
巣鴨新田駅,124971,80015,29
大塚駅前駅,110138,70270,25
向原駅,102022,65834,25
東池袋四丁目駅,88536,56626,26
都電雑司ヶ谷駅,80741,50897,25
鬼子母神前駅,83755,51353,25
学習院下駅,82692,52317,25
面影橋駅,85592,53893,26
青井駅,82033,46598,29
六町駅,62360,33682,28
竹芝駅,39288,23242,21
日の出駅,37886,24309,17
芝浦ふ頭駅,48022,27068,10
お台場海浜公園駅,5556,2591,4
台場駅,6550,3359,5
東京国際クルーズターミナル駅,6550,3359,5
テレコムセンター駅,1984,1254,6
青海駅,6552,3360,7
東京ビッグサイト駅,2969,1351,3
有明駅,19649,8994,4
有明テニスの森駅,19019,8341,3
市場前駅,46909,20563,7
新豊洲駅,66021,28863,8
多摩センター駅,33729,16643,13
松が谷駅,19079,10306,9
大塚・帝京大学駅,13492,7018,3
中央大学・明星大学駅,9538,5414,6
程久保駅,27432,14672,16
万願寺駅,32703,16510,14
甲州街道駅,31410,15668,16
柴崎体育館駅,42540,23940,18
立川南駅,47726,28076,17
立川北駅,54336,32408,17
高松駅,25671,14516,10
立飛駅,29568,15351,13
泉体育館駅,33882,17473,14
砂川七番駅,32474,16131,16
桜街道駅,46386,23589,23
上北台駅,35894,18087,23
モノレール浜松町駅,33526,21729,26
天王洲アイル駅,41686,22411,11
大井競馬場前駅,50115,27109,16
流通センター駅,14248,8507,17
昭和島駅,19909,11239,14
整備場駅,21160,13608,13
新整備場駅,0,0,1
羽田空港第1ターミナル駅,0,0,1
羽田空港第2ターミナル駅,0,0,1
東雲駅,33198,15813,4
国際展示場駅,19649,8994,4
東京テレポート駅,6550,3359,5
品川シーサイド駅,69030,35855,14
新柴又駅,52523,28692,16
赤土小学校前駅,104915,63590,31
足立小台駅,56800,31115,17
扇大橋駅,47700,25914,14
高野駅,54564,29965,17
江北駅,57772,32447,22
西新井大師西駅,59044,32985,24
谷在家駅,52747,28028,25
舎人公園駅,39016,19621,26
舎人駅,32980,16667,23
見沼代親水公園駅,23069,11768,10
