muni,muni_code,station_n,mansion_n,mansion_tsubo_median,mansion_price_median,mansion_price_trimmean,land_n,land_tsubo_median,house_n,house_price_median,itto_n,itto_bands_json,lp_n,lp_price_median,lp_comm_median,lp_yoy_median,mansion_bldg_n
あきる野市,13228,5,3,813732,16000000,14600000,41,310000,202,27000000,7,"[{""k"":""1億円未満"",""n"":5,""price"":53000000,""floor"":320},{""k"":""1〜3億円"",""n"":2,""price"":140000000,""floor"":930}]",26,335537,512396,0.1,0
三宅村,13381,0,0,,,,1,9900,1,5000000,0,[],3,32397,,0.0,0
三鷹市,13204,3,281,2797203,58000000,54139209,43,1800000,309,65000000,13,"[{""k"":""1億円未満"",""n"":5,""price"":60000000,""floor"":155},{""k"":""1〜3億円"",""n"":7,""price"":240000000,""floor"":400},{""k"":""10億円以上"",""n"":1,""price"":1500000000,""floor"":""""}]",42,1523967,2062810,4.9,7
世田谷区,13112,39,2334,3512397,64000000,66357814,231,3000000,1066,95000000,102,"[{""k"":""1億円未満"",""n"":20,""price"":68000000,""floor"":102},{""k"":""1〜3億円"",""n"":36,""price"":175000000,""floor"":210},{""k"":""3〜10億円"",""n"":42,""price"":470000000,""floor"":440},{""k"":""10億円以上"",""n"":4,""price"":1200000000,""floor"":855}]",141,2623140,3801653,7.1,127
中央区,13102,22,1859,6044864,100000000,102396164,8,9550000,55,320000000,7,"[{""k"":""1〜3億円"",""n"":4,""price"":210000000,""floor"":260},{""k"":""3〜10億円"",""n"":2,""price"":685000000,""floor"":615},{""k"":""10億円以上"",""n"":1,""price"":1200000000,""floor"":770}]",63,6380165,14677685,14.0,154
中野区,13114,12,996,3625344,48000000,53918098,105,2700000,413,80000000,79,"[{""k"":""1億円未満"",""n"":24,""price"":73500000,""floor"":82},{""k"":""1〜3億円"",""n"":34,""price"":165000000,""floor"":200},{""k"":""3〜10億円"",""n"":18,""price"":515000000,""floor"":440},{""k"":""10億円以上"",""n"":3,""price"":1000000000,""floor"":890}]",51,2525620,5289256,11.0,39
八丈町,13401,0,0,,,,7,23000,8,6300000,2,"[{""k"":""1億円未満"",""n"":2,""price"":16500000,""floor"":228}]",3,39339,,-0.7,0
八王子市,13201,20,892,1196379,25000000,26081621,149,420000,1113,33000000,58,"[{""k"":""1億円未満"",""n"":39,""price"":47000000,""floor"":175},{""k"":""1〜3億円"",""n"":18,""price"":135000000,""floor"":430},{""k"":""3〜10億円"",""n"":1,""price"":440000000,""floor"":920}]",147,383471,801653,3.9,41
北区,13117,19,972,3173554,45000000,49205451,110,2200000,394,65000000,42,"[{""k"":""1億円未満"",""n"":17,""price"":58000000,""floor"":112},{""k"":""1〜3億円"",""n"":16,""price"":220000000,""floor"":295},{""k"":""3〜10億円"",""n"":6,""price"":515000000,""floor"":500},{""k"":""10億円以上"",""n"":3,""price"":1300000000,""floor"":1180}]",54,2085950,3520661,12.15,71
千代田区,13101,28,570,5785124,72000000,98690841,8,11000000,33,430000000,3,"[{""k"":""1〜3億円"",""n"":1,""price"":280000000,""floor"":280},{""k"":""3〜10億円"",""n"":1,""price"":640000000,""floor"":460},{""k"":""10億円以上"",""n"":1,""price"":2200000000,""floor"":1400}]",59,13454545,14876032,11.9,28
台東区,13106,15,1207,3834711,48000000,51981362,55,6000000,132,130000000,27,"[{""k"":""1億円未満"",""n"":4,""price"":68500000,""floor"":192},{""k"":""1〜3億円"",""n"":8,""price"":210000000,""floor"":180},{""k"":""3〜10億円"",""n"":13,""price"":430000000,""floor"":570},{""k"":""10億円以上"",""n"":2,""price"":1300000000,""floor"":1250}]",53,3636364,5619834,18.8,112
品川区,13109,26,1877,4297520,60000000,72623513,91,3700000,329,96000000,55,"[{""k"":""1億円未満"",""n"":11,""price"":78000000,""floor"":110},{""k"":""1〜3億円"",""n"":23,""price"":170000000,""floor"":200},{""k"":""3〜10億円"",""n"":17,""price"":420000000,""floor"":430},{""k"":""10億円以上"",""n"":4,""price"":1450000000,""floor"":1135}]",59,3388430,4793388,15.8,74
国分寺市,13214,3,229,2644628,53000000,53699550,62,1250000,266,56000000,12,"[{""k"":""1億円未満"",""n"":6,""price"":68500000,""floor"":192},{""k"":""1〜3億円"",""n"":5,""price"":130000000,""floor"":260},{""k"":""3〜10億円"",""n"":1,""price"":380000000,""floor"":520}]",23,1137190,1940496,7.3,5
国立市,13215,3,151,2186904,44000000,44702000,28,1300000,119,63000000,14,"[{""k"":""1億円未満"",""n"":6,""price"":68500000,""floor"":280},{""k"":""1〜3億円"",""n"":7,""price"":200000000,""floor"":460},{""k"":""3〜10億円"",""n"":1,""price"":380000000,""floor"":740}]",15,1269421,1535537,7.3,10
墨田区,13107,14,1280,3438016,42000000,44307990,62,3000000,269,64000000,42,"[{""k"":""1億円未満"",""n"":5,""price"":62000000,""floor"":120},{""k"":""1〜3億円"",""n"":15,""price"":170000000,""floor"":230},{""k"":""3〜10億円"",""n"":22,""price"":590000000,""floor"":870}]",24,1633058,2495868,14.0,64
多摩市,13224,7,395,1227863,28000000,31735025,18,710000,134,44500000,10,"[{""k"":""1億円未満"",""n"":6,""price"":69500000,""floor"":165},{""k"":""1〜3億円"",""n"":4,""price"":125000000,""floor"":495}]",36,671074,1747108,3.7,12
大島町,13361,0,0,,,,4,16300,6,4000000,0,[],3,30248,127603,-0.8,0
大田区,13111,40,2139,3005259,38000000,42644709,233,2300000,830,71000000,109,"[{""k"":""1億円未満"",""n"":20,""price"":74000000,""floor"":122},{""k"":""1〜3億円"",""n"":56,""price"":155000000,""floor"":240},{""k"":""3〜10億円"",""n"":31,""price"":430000000,""floor"":470},{""k"":""10億円以上"",""n"":2,""price"":2100000000,""floor"":1300}]",96,2115702,2545454,8.3,105
小平市,13211,7,232,1652892,35000000,35764655,51,940000,486,48000000,22,"[{""k"":""1億円未満"",""n"":12,""price"":66500000,""floor"":180},{""k"":""1〜3億円"",""n"":5,""price"":150000000,""floor"":430},{""k"":""3〜10億円"",""n"":5,""price"":370000000,""floor"":700}]",42,859504,1183471,3.4,7
小笠原村,13421,0,0,,,,2,816,0,,0,[],3,191736,,0.0,0
小金井市,13210,3,184,2414225,42500000,46350273,39,1700000,208,66000000,13,"[{""k"":""1億円未満"",""n"":5,""price"":46000000,""floor"":135},{""k"":""1〜3億円"",""n"":6,""price"":165000000,""floor"":218},{""k"":""3〜10億円"",""n"":1,""price"":300000000,""floor"":500},{""k"":""10億円以上"",""n"":1,""price"":1100000000,""floor"":1600}]",24,1292562,2089256,4.7,4
府中市,13206,14,528,1930494,39000000,40527907,68,1200000,456,50000000,15,"[{""k"":""1億円未満"",""n"":7,""price"":52000000,""floor"":228},{""k"":""1〜3億円"",""n"":4,""price"":225000000,""floor"":305},{""k"":""3〜10億円"",""n"":3,""price"":370000000,""floor"":650},{""k"":""10億円以上"",""n"":1,""price"":1400000000,""floor"":""""}]",55,1076033,1322314,4.1,23
文京区,13105,14,1201,4424666,60000000,73029043,59,5000000,180,130000000,31,"[{""k"":""1億円未満"",""n"":2,""price"":78500000,""floor"":172},{""k"":""1〜3億円"",""n"":13,""price"":140000000,""floor"":180},{""k"":""3〜10億円"",""n"":11,""price"":580000000,""floor"":490},{""k"":""10億円以上"",""n"":5,""price"":1600000000,""floor"":910}]",50,4413222,7090909,16.35,58
新宿区,13104,29,2001,4363636,54000000,66732797,53,4500000,220,140000000,57,"[{""k"":""1億円未満"",""n"":5,""price"":79000000,""floor"":75},{""k"":""1〜3億円"",""n"":27,""price"":200000000,""floor"":180},{""k"":""3〜10億円"",""n"":19,""price"":450000000,""floor"":440},{""k"":""10億円以上"",""n"":6,""price"":1300000000,""floor"":1100}]",77,3570248,9586776,12.3,77
新島村,13363,0,0,,,,4,13000,1,3300000,0,[],3,23802,,0.0,0
日野市,13212,10,224,1276663,27000000,26872321,58,690000,448,44000000,21,"[{""k"":""1億円未満"",""n"":16,""price"":63000000,""floor"":200},{""k"":""1〜3億円"",""n"":5,""price"":210000000,""floor"":460}]",47,740496,1041322,5.0,6
昭島市,13207,4,201,1322314,29000000,29471859,43,680000,222,38000000,7,"[{""k"":""1億円未満"",""n"":5,""price"":29000000,""floor"":205},{""k"":""1〜3億円"",""n"":2,""price"":110000000,""floor"":515}]",21,677686,985124,4.1,6
杉並区,13115,18,1377,3239669,46000000,50289179,200,2550000,882,85000000,94,"[{""k"":""1億円未満"",""n"":32,""price"":66000000,""floor"":115},{""k"":""1〜3億円"",""n"":40,""price"":150000000,""floor"":220},{""k"":""3〜10億円"",""n"":21,""price"":590000000,""floor"":530},{""k"":""10億円以上"",""n"":1,""price"":1100000000,""floor"":800}]",86,2290909,3636364,8.5,55
東久留米市,13222,1,147,881543,15000000,21771918,27,820000,323,43000000,7,"[{""k"":""1億円未満"",""n"":3,""price"":49000000,""floor"":120},{""k"":""1〜3億円"",""n"":2,""price"":220000000,""floor"":470},{""k"":""3〜10億円"",""n"":2,""price"":500000000,""floor"":1400}]",27,743802,747107,3.1,1
東大和市,13220,3,81,1366391,30000000,27213580,37,600000,218,37000000,4,"[{""k"":""1億円未満"",""n"":3,""price"":52000000,""floor"":200},{""k"":""1〜3億円"",""n"":1,""price"":100000000,""floor"":310}]",25,595041,563636,2.6,2
東村山市,13213,9,233,1280992,26000000,25343348,51,690000,392,39000000,9,"[{""k"":""1億円未満"",""n"":6,""price"":47000000,""floor"":148},{""k"":""1〜3億円"",""n"":3,""price"":130000000,""floor"":420}]",32,674380,1076033,3.4,0
板橋区,13119,20,1790,2644628,34000000,38876190,132,1950000,617,64000000,75,"[{""k"":""1億円未満"",""n"":22,""price"":69500000,""floor"":118},{""k"":""1〜3億円"",""n"":32,""price"":185000000,""floor"":300},{""k"":""3〜10億円"",""n"":19,""price"":430000000,""floor"":530},{""k"":""10億円以上"",""n"":2,""price"":1300000000,""floor"":""""}]",69,1760330,2360330,9.1,91
武蔵村山市,13223,0,17,610299,11000000,10893750,27,470000,196,30000000,2,"[{""k"":""1億円未満"",""n"":2,""price"":56000000,""floor"":248}]",18,406612,476033,2.5,0
武蔵野市,13203,2,329,3164108,60000000,63521118,31,2400000,127,84000000,14,"[{""k"":""1億円未満"",""n"":5,""price"":58000000,""floor"":112},{""k"":""1〜3億円"",""n"":8,""price"":130000000,""floor"":185},{""k"":""3〜10億円"",""n"":1,""price"":300000000,""floor"":330}]",31,2426446,5719008,5.9,18
江戸川区,13123,11,1013,2216821,46000000,46921436,127,1500000,929,51000000,58,"[{""k"":""1億円未満"",""n"":13,""price"":55000000,""floor"":188},{""k"":""1〜3億円"",""n"":29,""price"":140000000,""floor"":300},{""k"":""3〜10億円"",""n"":15,""price"":400000000,""floor"":590},{""k"":""10億円以上"",""n"":1,""price"":1600000000,""floor"":""""}]",89,1464463,1674380,5.7,72
江東区,13108,28,2908,3827751,66000000,72183740,70,3350000,281,70000000,27,"[{""k"":""1億円未満"",""n"":12,""price"":69500000,""floor"":162},{""k"":""1〜3億円"",""n"":9,""price"":170000000,""floor"":250},{""k"":""3〜10億円"",""n"":6,""price"":410000000,""floor"":700}]",47,1819835,2806611,13.5,129
清瀬市,13221,1,71,1322314,28000000,26828873,20,785000,172,44500000,4,"[{""k"":""1億円未満"",""n"":1,""price"":56000000,""floor"":300},{""k"":""1〜3億円"",""n"":3,""price"":220000000,""floor"":460}]",18,654545,991736,2.95,0
渋谷区,13113,17,1332,5289256,80000000,94384236,48,6900000,166,250000000,33,"[{""k"":""1〜3億円"",""n"":12,""price"":205000000,""floor"":162},{""k"":""3〜10億円"",""n"":17,""price"":620000000,""floor"":360},{""k"":""10億円以上"",""n"":4,""price"":1300000000,""floor"":1040}]",58,5851239,17355371,11.7,64
港区,13103,34,2116,6611570,110000000,125975241,32,12500000,98,550000000,16,"[{""k"":""1億円未満"",""n"":1,""price"":95000000,""floor"":120},{""k"":""1〜3億円"",""n"":2,""price"":180000000,""floor"":142},{""k"":""3〜10億円"",""n"":9,""price"":720000000,""floor"":490},{""k"":""10億円以上"",""n"":4,""price"":2250000000,""floor"":615}]",81,9322314,17719008,16.8,75
狛江市,13219,2,160,2156273,43000000,44848101,24,1100000,177,62000000,7,"[{""k"":""1億円未満"",""n"":4,""price"":47000000,""floor"":128},{""k"":""1〜3億円"",""n"":3,""price"":200000000,""floor"":380}]",14,1216529,2009918,5.55,4
町田市,13209,9,363,1432507,33000000,32102778,162,640000,1034,41000000,39,"[{""k"":""1億円未満"",""n"":24,""price"":39000000,""floor"":150},{""k"":""1〜3億円"",""n"":13,""price"":170000000,""floor"":730},{""k"":""3〜10億円"",""n"":2,""price"":355000000,""floor"":575}]",97,522314,1682644,3.3,14
目黒区,13110,8,921,4533648,69000000,76063969,91,4600000,254,140000000,37,"[{""k"":""1億円未満"",""n"":2,""price"":96500000,""floor"":138},{""k"":""1〜3億円"",""n"":15,""price"":180000000,""floor"":180},{""k"":""3〜10億円"",""n"":14,""price"":445000000,""floor"":330},{""k"":""10億円以上"",""n"":6,""price"":1500000000,""floor"":1195}]",49,4000000,5421488,13.6,54
神津島村,13364,0,0,,,,4,41000,0,,0,[],3,25124,,0.0,0
福生市,13218,4,75,925620,17000000,16610811,26,600000,79,38000000,7,"[{""k"":""1億円未満"",""n"":3,""price"":62000000,""floor"":250},{""k"":""1〜3億円"",""n"":3,""price"":120000000,""floor"":450},{""k"":""3〜10億円"",""n"":1,""price"":430000000,""floor"":""""}]",16,571901,895868,1.45,1
稲城市,13225,5,154,1322314,30500000,33416340,26,840000,176,52000000,5,"[{""k"":""1億円未満"",""n"":4,""price"":40500000,""floor"":138},{""k"":""1〜3億円"",""n"":1,""price"":130000000,""floor"":380}]",29,895868,1034711,3.8,3
立川市,13202,13,331,1682945,25000000,30378419,80,785000,342,44000000,11,"[{""k"":""1億円未満"",""n"":3,""price"":47000000,""floor"":150},{""k"":""1〜3億円"",""n"":7,""price"":150000000,""floor"":300},{""k"":""3〜10億円"",""n"":1,""price"":390000000,""floor"":540}]",39,952066,1578512,6.8,13
練馬区,13120,18,1516,2603306,38000000,40947870,203,1800000,1330,64000000,97,"[{""k"":""1億円未満"",""n"":29,""price"":60000000,""floor"":140},{""k"":""1〜3億円"",""n"":50,""price"":160000000,""floor"":215},{""k"":""3〜10億円"",""n"":15,""price"":420000000,""floor"":615},{""k"":""10億円以上"",""n"":3,""price"":1000000000,""floor"":1750}]",108,1573554,3061157,6.75,72
羽村市,13227,2,48,778237,14000000,14261702,22,490000,85,30000000,4,"[{""k"":""1億円未満"",""n"":2,""price"":71000000,""floor"":530},{""k"":""1〜3億円"",""n"":2,""price"":150000000,""floor"":295}]",11,462810,540496,1.4,0
荒川区,13118,20,752,2927981,50000000,50568250,109,2100000,191,60000000,35,"[{""k"":""1億円未満"",""n"":10,""price"":56000000,""floor"":110},{""k"":""1〜3億円"",""n"":14,""price"":210000000,""floor"":285},{""k"":""3〜10億円"",""n"":10,""price"":510000000,""floor"":575},{""k"":""10億円以上"",""n"":1,""price"":1300000000,""floor"":1200}]",28,1851240,2502479,13.15,50
葛飾区,13122,12,935,2077922,34000000,36954754,111,1400000,715,46000000,54,"[{""k"":""1億円未満"",""n"":15,""price"":54000000,""floor"":155},{""k"":""1〜3億円"",""n"":26,""price"":140000000,""floor"":250},{""k"":""3〜10億円"",""n"":12,""price"":385000000,""floor"":560},{""k"":""10億円以上"",""n"":1,""price"":1000000000,""floor"":""""}]",63,1299174,1557025,5.9,47
西多摩郡奥多摩町,13308,5,0,,,,9,44000,1,14000000,0,[],0,,,,0
西多摩郡日の出町,13305,0,0,,,,8,205000,28,17500000,0,[],8,268430,400000,0.3,0
西多摩郡檜原村,13307,0,0,,,,1,1000,2,3900000,0,[],0,,,,0
西多摩郡瑞穂町,13303,1,5,436364,4200000,4160000,10,285000,81,27000000,4,"[{""k"":""1億円未満"",""n"":3,""price"":18000000,""floor"":175},{""k"":""1〜3億円"",""n"":1,""price"":160000000,""floor"":640}]",15,341157,403306,1.8,0
西東京市,13229,5,313,1889020,41000000,39110714,36,1200000,435,53000000,9,"[{""k"":""1億円未満"",""n"":5,""price"":43000000,""floor"":155},{""k"":""1〜3億円"",""n"":2,""price"":150000000,""floor"":280},{""k"":""3〜10億円"",""n"":2,""price"":600000000,""floor"":1245}]",38,1084297,1477686,3.8,7
調布市,13208,9,563,2203857,43000000,44252500,47,1400000,364,55000000,20,"[{""k"":""1億円未満"",""n"":6,""price"":77000000,""floor"":152},{""k"":""1〜3億円"",""n"":9,""price"":160000000,""floor"":330},{""k"":""3〜10億円"",""n"":5,""price"":480000000,""floor"":1000}]",46,1414876,1778512,5.6,39
豊島区,13116,23,1105,3872491,47000000,57524954,82,3100000,267,93000000,46,"[{""k"":""1億円未満"",""n"":13,""price"":52000000,""floor"":100},{""k"":""1〜3億円"",""n"":19,""price"":180000000,""floor"":210},{""k"":""3〜10億円"",""n"":9,""price"":460000000,""floor"":460},{""k"":""10億円以上"",""n"":5,""price"":1300000000,""floor"":985}]",54,2737190,5719008,13.15,63
足立区,13121,24,1486,1944579,32000000,34701950,174,1250000,1054,47000000,100,"[{""k"":""1億円未満"",""n"":29,""price"":65000000,""floor"":170},{""k"":""1〜3億円"",""n"":59,""price"":150000000,""floor"":260},{""k"":""3〜10億円"",""n"":11,""price"":340000000,""floor"":460},{""k"":""10億円以上"",""n"":1,""price"":1100000000,""floor"":1500}]",108,1195042,1504132,5.95,57
青梅市,13205,10,199,619835,11000000,11495385,66,355000,238,21000000,12,"[{""k"":""1億円未満"",""n"":10,""price"":49500000,""floor"":300},{""k"":""1〜3億円"",""n"":2,""price"":145000000,""floor"":715}]",33,253884,588430,0.8,4
